DATE_TIME,BPOS,DBTM,FLWI,HDTH,HKLD,ROP,RPM,SPPA,WOB
1200809106,41.549999196,3.78000006,0.0,3520.0600585704,68.4637459056035,18.4699994328,0.0,31.0000008988248,0.0
1200809111,41.549999196,3.78000006,0.0,3520.0600585704,68.4637459056035,18.4699994328,0.0,29.9999990905382,0.0
1200809115,41.549999196,3.78000006,0.0,3520.0600585704,68.4943361750363,18.4699994328,0.0,14.9999995452691,0.0
1200809120,41.549999196,3.78000006,0.0,3520.0600585704,68.4739453836353,18.4699994328,0.0,21.9999984137604,0.0
1200809124,41.549999196,3.78000006,0.0,3520.0600585704,68.4841444080748,18.4699994328,0.0,27.0000005604359,0.0
1200809129,41.549999196,3.78000006,0.0,3520.0600585704,68.4229561581389,18.4699994328,0.0,21.9999984137604,0.0
1200809132,41.549999196,3.78000006,0.0,3520.0600585704,68.4943361750363,18.4699994328,0.0,14.9999995452691,0.0
1200809137,41.549999196,3.78000006,0.0,3520.0600585704,68.4433551142025,18.4699994328,0.0,36.9999979590295,0.0
1200809141,41.549999196,3.78000006,0.0,3520.0600585704,68.4841444080748,18.4699994328,0.0,24.9999969438628,0.0
1200809146,41.549999196,3.78000006,0.0,3520.0600585704,68.5453249469404,18.4699994328,0.0,24.9999969438628,0.0
1200809155,41.549999196,3.78000006,0.0,3520.0600585704,68.5351259225009,18.4699994328,0.0,13.9999977369826,0.0
1200809160,41.549999196,3.78000006,0.0,3520.0600585704,68.5759152163732,18.4699994328,0.0,20.0000016919446,0.0
1200809165,41.549999196,3.78000006,0.0,3520.0600585704,68.5147346775076,18.4699994328,0.0,72.0000060910005,0.0
1200809169,41.549999196,3.78000006,0.0,3520.0600585704,68.5147346775076,18.4699994328,0.0,28.9999972822517,0.0
1200809174,41.549999196,3.78000006,0.0,3520.0600585704,68.5453249469404,18.4699994328,0.0,17.0000031618422,0.0
1200809183,41.549999196,3.78000006,0.0,3520.0600585704,68.5147346775076,18.4699994328,0.0,13.9999977369826,0.0
1200809186,41.549999196,3.78000006,0.0,3520.0600585704,68.5249264444691,18.4699994328,0.0,1.99999672181581,0.0
1200809191,41.549999196,3.78000006,0.0,3520.0600585704,68.5351259225009,18.4699994328,0.0,8.00000067677784,0.0
1200809195,41.549999196,3.78000006,0.0,3520.0600585704,68.5657161919337,18.4699994328,0.0,13.0000028234533,0.0
1200809200,41.549999196,3.78000006,0.0,3520.0600585704,68.5351259225009,18.4699994328,0.0,20.9999966054739,0.0
1200809209,41.549999196,3.78000006,0.0,3520.0600585704,68.4943361750363,18.4699994328,0.0,28.0000023687224,0.0
1200809214,41.549999196,3.78000006,0.0,3520.0600585704,68.586114694405,18.4699994328,0.0,9.99999739859365,0.0
1200809219,41.549999196,3.78000006,0.0,3520.0600585704,68.5453249469404,18.4699994328,0.0,28.0000023687224,0.0
1200809223,41.549999196,3.78000006,0.0,3520.0600585704,68.3923658887061,18.4699994328,0.0,32.0000027071113,0.0
1200809228,41.549999196,3.78000006,0.0,3520.0600585704,68.4841444080748,18.4699994328,0.0,33.9999994289272,0.0
1200809232,41.549999196,3.78000006,0.0,3520.0600585704,68.4739453836353,18.4699994328,0.0,17.9999980753715,0.0
1200809237,41.549999196,3.78000006,0.0,3520.0600585704,68.5147346775076,18.4699994328,0.0,-10.9999992068802,0.0
1200809240,41.549999196,3.78000006,0.0,3520.0600585704,68.4229561581389,18.4699994328,0.0,-12.0000010151668,0.0
1200809245,41.549999196,3.78000006,0.0,3520.0600585704,68.4433551142025,18.4699994328,0.0,0.0,0.0
1200809249,41.549999196,3.78000006,0.0,3520.0600585704,68.5453249469404,18.4699994328,0.0,12.0000010151668,0.0
1200809254,41.549999196,3.78000006,0.0,3520.0600585704,68.5147346775076,18.4699994328,0.0,-5.00000214667547,0.0
1200809258,41.549999196,3.78000006,0.0,3520.0600585704,68.4739453836353,18.4699994328,0.0,-13.9999977369826,0.0
1200809263,41.549999196,3.78000006,0.0,3520.0600585704,68.5453249469404,18.4699994328,0.0,4.00000033838892,0.0
1200809268,41.549999196,3.78000006,0.0,3520.0600585704,68.5351259225009,18.4699994328,0.0,-6.99999886849128,0.0
1200809273,41.549999196,3.78000006,0.0,3520.0600585704,68.4637459056035,18.4699994328,0.0,9.00000248506439,0.0
1200809277,41.549999196,3.78000006,0.0,3520.0600585704,68.4637459056035,18.4699994328,0.0,-1.00000180828655,0.0
1200809282,41.549999196,3.78000006,0.0,3520.0600585704,68.4637459056035,18.4699994328,0.0,24.9999969438628,0.0
1200809286,41.549999196,3.78000006,0.0,3520.0600585704,68.4331556361707,18.4699994328,0.0,17.0000031618422,0.0
1200809291,41.549999196,3.78000006,0.0,3520.0600585704,68.4331556361707,18.4699994328,0.0,17.0000031618422,0.0
1200809294,41.549999196,3.78000006,0.0,3520.0600585704,68.4841444080748,18.4699994328,0.0,18.999999883658,0.0
1200809299,41.549999196,3.78000006,0.0,3520.0600585704,68.4331556361707,18.4699994328,0.0,12.0000010151668,0.0
1200809303,41.549999196,3.78000006,0.0,3520.0600585704,68.4331556361707,18.4699994328,0.0,5.00000214667547,0.0
1200809308,41.549999196,3.78000006,0.0,3520.0600585704,68.5657161919337,18.4699994328,0.0,20.0000016919446,0.0
1200809312,41.549999196,3.78000006,0.0,3520.0600585704,68.4943361750363,18.4699994328,0.0,23.000000222047,0.0
1200809317,41.549999196,3.78000006,0.0,3520.0600585704,68.4229561581389,18.4699994328,0.0,24.9999969438628,0.0
1200809322,41.549999196,3.78000006,0.0,3520.0600585704,68.4637459056035,18.4699994328,0.0,16.0000013535557,0.0
1200809327,41.549999196,3.78000006,0.0,3520.0600585704,68.4739453836353,18.4699994328,0.0,1.99999672181581,0.0
1200809331,41.549999196,3.78000006,0.0,3520.0600585704,68.4739453836353,18.4699994328,0.0,4.00000033838892,0.0
1200809336,41.549999196,3.78000006,0.0,3520.0600585704,68.5351259225009,18.4699994328,0.0,-1.99999672181581,0.0
1200809340,41.549999196,3.78000006,0.0,3520.0600585704,68.4943361750363,18.4699994328,0.0,-9.00000248506439,0.0
1200809345,41.549999196,3.78000006,0.0,3520.0600585704,68.586114694405,18.4699994328,0.0,6.99999886849128,0.0
1200809348,41.549999196,3.78000006,0.0,3520.0600585704,68.4739453836353,18.4699994328,0.0,18.999999883658,0.0
1200809353,41.549999196,3.78000006,0.0,3520.0600585704,68.5351259225009,18.4699994328,0.0,2.99999853010237,0.0
1200809357,41.549999196,3.78000006,0.0,3520.0600585704,68.5147346775076,18.4699994328,0.0,-13.0000028234533,0.0
1200809362,41.549999196,3.78000006,0.0,3520.0600585704,68.4025653667379,18.4699994328,0.0,20.9999966054739,0.0
1200809366,41.549999196,3.78000006,0.0,3520.0600585704,68.4433551142025,18.4699994328,0.0,-6.99999886849128,0.0
1200809371,41.549999196,3.78000006,0.0,3520.0600585704,68.4943361750363,18.4699994328,0.0,8.00000067677784,0.0
1200809376,41.549999196,3.78000006,0.0,3520.0600585704,68.3821668642666,18.4699994328,0.0,18.999999883658,0.0
1200809381,41.549999196,3.78000006,0.0,3520.0600585704,68.4331556361707,18.4699994328,0.0,12.0000010151668,0.0
1200809390,41.549999196,3.78000006,0.0,3520.0600585704,68.5147346775076,18.4699994328,0.0,16.0000013535557,0.0
1200809394,41.549999196,3.78000006,0.0,3520.0600585704,68.4229561581389,18.4699994328,0.0,-5.00000214667547,0.0
1200809399,41.549999196,3.78000006,0.0,3520.0600585704,68.5453249469404,18.4699994328,0.0,-8.00000067677784,0.0
1200809402,41.549999196,3.78000006,0.0,3520.0600585704,68.4229561581389,18.4699994328,0.0,-12.0000010151668,0.0
1200809407,41.549999196,3.78000006,0.0,3520.0600585704,68.5249264444691,18.4699994328,0.0,-35.0000012372137,0.0
1200809416,41.549999196,3.78000006,0.0,3520.0600585704,68.5453249469404,18.4699994328,0.0,-24.0000020303335,0.0
1200809420,41.549999196,3.78000006,0.0,3520.0600585704,68.5147346775076,18.4699994328,0.0,-20.9999966054739,0.0
1200809425,41.549999196,3.78000006,0.0,3520.0600585704,68.4841444080748,18.4699994328,0.0,9.00000248506439,0.0
1200809430,41.549999196,3.78000006,0.0,3520.0600585704,68.5453249469404,18.4699994328,0.0,4.00000033838892,0.0
1200809435,41.549999196,3.78000006,0.0,3520.0600585704,68.5453249469404,18.4699994328,0.0,-17.0000031618422,0.0
1200809439,41.549999196,3.78000006,0.0,3520.0600585704,68.4331556361707,18.4699994328,0.0,-20.0000016919446,0.0
1200809444,41.549999196,3.78000006,0.0,3520.0600585704,68.4841444080748,18.4699994328,0.0,-13.9999977369826,0.0
1200809448,41.549999196,3.78000006,0.0,3520.0600585704,68.4943361750363,18.4699994328,0.0,-5.99999706020473,0.0
1200809453,41.549999196,3.78000006,0.0,3520.0600585704,68.5147346775076,18.4699994328,0.0,-13.9999977369826,0.0
1200809456,41.549999196,3.78000006,0.0,3520.0600585704,68.5351259225009,18.4699994328,0.0,-9.99999739859365,0.0
1200809461,41.549999196,3.78000006,0.0,3520.0600585704,68.5147346775076,18.4699994328,0.0,-8.00000067677784,0.0
1200809465,41.549999196,3.78000006,0.0,3520.0600585704,68.586114694405,18.4699994328,0.0,4.00000033838892,0.0
1200809470,41.549999196,3.78000006,0.0,3520.0600585704,68.5249264444691,18.4699994328,0.0,-16.0000013535557,0.0
1200809475,41.549999196,3.78000006,0.0,3520.0600585704,68.4433551142025,18.4699994328,0.0,4.00000033838892,0.0
1200809479,41.549999196,3.78000006,0.0,3520.0600585704,68.5249264444691,18.4699994328,0.0,0.0,0.0
1200809484,41.549999196,3.78000006,0.0,3520.0600585704,68.4025653667379,18.4699994328,0.0,-9.00000248506439,0.0
1200809489,41.549999196,3.78000006,0.0,3520.0600585704,68.5249264444691,18.4699994328,0.0,5.00000214667547,0.0
1200809493,41.549999196,3.78000006,0.0,3520.0600585704,68.5351259225009,18.4699994328,0.0,2.99999853010237,0.0
1200809498,41.549999196,3.78000006,0.0,3520.0600585704,68.4637459056035,18.4699994328,0.0,12.0000010151668,0.0
1200809502,41.549999196,3.78000006,0.0,3520.0600585704,68.4739453836353,18.4699994328,0.0,13.9999977369826,0.0
1200809507,41.549999196,3.78000006,0.0,3520.0600585704,68.4637459056035,18.4699994328,0.0,20.9999966054739,0.0
1200809510,41.549999196,3.78000006,0.0,3520.0600585704,68.341377116802,18.4699994328,0.0,4.00000033838892,0.0
1200809515,41.549999196,3.78000006,0.0,3520.0600585704,68.3515765948338,18.4699994328,0.0,1.99999672181581,0.0
1200809519,41.549999196,3.78000006,0.0,3520.0600585704,68.341377116802,18.4699994328,0.0,14.9999995452691,0.0
1200809524,41.549999196,3.78000006,0.0,3520.0600585704,68.4025653667379,18.4699994328,0.0,-18.999999883658,0.0
1200809529,41.549999196,3.78000006,0.0,3520.0600585704,68.341377116802,18.4699994328,0.0,-2.99999853010237,0.0
1200809533,41.549999196,3.78000006,0.0,3520.0600585704,68.4739453836353,18.4699994328,0.0,20.9999966054739,0.0
1200809538,41.549999196,3.78000006,0.0,3520.0600585704,68.4637459056035,18.4699994328,0.0,2.99999853010237,0.0
1200809543,41.549999196,3.78000006,0.0,3520.0600585704,68.3821668642666,18.4699994328,0.0,29.9999990905382,0.0
1200809547,41.549999196,3.78000006,0.0,3520.0600585704,68.4433551142025,18.4699994328,0.0,13.9999977369826,0.0
1200809552,41.549999196,3.78000006,0.0,3520.0600585704,68.3923658887061,18.4699994328,0.0,13.0000028234533,0.0
1200809556,41.549999196,3.78000006,0.0,3520.0600585704,68.4331556361707,18.4699994328,0.0,13.0000028234533,0.0
1200809561,41.549999196,3.78000006,0.0,3520.0600585704,68.4331556361707,18.4699994328,0.0,23.000000222047,0.0
1200809564,41.549999196,3.78000006,0.0,3520.0600585704,68.4739453836353,18.4699994328,0.0,13.0000028234533,0.0
1200809569,41.549999196,3.78000006,0.0,3520.0600585704,68.4433551142025,18.4699994328,0.0,12.0000010151668,0.0
1200809573,41.549999196,3.78000006,0.0,3520.0600585704,68.341377116802,18.4699994328,0.0,14.9999995452691,0.0
1200809578,41.549999196,3.78000006,0.0,3520.0600585704,68.4433551142025,18.4699994328,0.0,40.9999982974184,0.0
1200809583,41.549999196,3.78000006,0.0,3520.0600585704,68.4025653667379,18.4699994328,0.0,47.9999971659097,0.0
1200809587,41.549999196,3.78000006,0.0,3520.0600585704,68.586114694405,18.4699994328,0.0,23.000000222047,0.0
1200809597,41.549999196,3.78000006,0.0,3520.0600585704,68.5147346775076,18.4699994328,0.0,43.0000019139915,0.0
1200809601,41.549999196,3.78000006,0.0,3520.0600585704,68.4943361750363,18.4699994328,0.0,33.0000045153979,0.0
1200809606,41.549999196,3.78000006,0.0,3520.0600585704,68.5351259225009,18.4699994328,0.0,44.9999986358074,0.0
1200809610,41.549999196,3.78000006,0.0,3520.0600585704,68.5249264444691,18.4699994328,0.0,54.0000011208717,0.0
1200809615,41.549999196,3.78000006,0.0,3520.0600585704,68.4025653667379,18.4699994328,0.0,47.9999971659097,0.0
1200809623,41.549999196,3.78000006,0.0,3520.0600585704,68.4841444080748,18.4699994328,0.0,23.000000222047,0.0
1200809627,41.549999196,3.78000006,0.0,3520.0600585704,68.3719750973051,18.4699994328,0.0,14.9999995452691,0.0
1200809632,41.549999196,3.78000006,0.0,3520.0600585704,68.4229561581389,18.4699994328,0.0,40.0000033838892,0.0
1200809637,41.549999196,3.78000006,0.0,3520.0600585704,68.4841444080748,18.4699994328,0.0,44.9999986358074,0.0
1200809641,41.549999196,3.78000006,0.0,3520.0600585704,68.4739453836353,18.4699994328,0.0,14.9999995452691,0.0
1200809651,41.549999196,3.78000006,0.0,3520.0600585704,68.5249264444691,18.4699994328,0.0,36.9999979590295,0.0
1200809655,41.549999196,3.78000006,0.0,3520.0600585704,68.4739453836353,18.4699994328,0.0,1.99999672181581,0.0
1200809660,41.549999196,3.78000006,0.0,3520.0600585704,68.4739453836353,18.4699994328,0.0,-17.9999980753715,0.0
1200809664,41.549999196,3.78000006,0.0,3520.0600585704,68.4739453836353,18.4699994328,0.0,9.00000248506439,0.0
1200809669,41.549999196,3.78000006,0.0,3520.0600585704,68.4331556361707,18.4699994328,0.0,5.00000214667547,0.0
1200809672,41.549999196,3.78000006,0.0,3520.0600585704,68.4331556361707,18.4699994328,0.0,9.99999739859365,0.0
1200809677,41.549999196,3.78000006,0.0,3520.0600585704,68.4841444080748,18.4699994328,0.0,24.9999969438628,0.0
1200809681,41.549999196,3.78000006,0.0,3520.0600585704,68.4331556361707,18.4699994328,0.0,10.9999992068802,0.0
1200809686,41.549999196,3.78000006,0.0,3520.0600585704,68.5147346775076,18.4699994328,0.0,0.0,0.0
1200809691,41.549999196,3.78000006,0.0,3520.0600585704,68.5147346775076,18.4699994328,0.0,2.99999853010237,0.0
1200809695,41.549999196,3.78000006,0.0,3520.0600585704,68.4739453836353,18.4699994328,0.0,31.0000008988248,0.0
1200809700,41.549999196,3.78000006,0.0,3520.0600585704,68.4943361750363,18.4699994328,0.0,23.000000222047,0.0
1200809705,41.549999196,3.78000006,0.0,3520.0600585704,68.4331556361707,18.4699994328,0.0,13.0000028234533,0.0
1200809709,41.549999196,3.78000006,0.0,3520.0600585704,68.4433551142025,18.4699994328,0.0,23.000000222047,0.0
1200809714,41.549999196,3.78000006,0.0,3520.0600585704,68.3515765948338,18.4699994328,0.0,43.0000019139915,0.0
1200809718,41.549999196,3.78000006,0.0,3520.0600585704,68.5147346775076,18.4699994328,0.0,9.00000248506439,0.0
1200809723,41.549999196,3.78000006,0.0,3520.0600585704,68.4331556361707,18.4699994328,0.0,10.9999992068802,0.0
1200809726,41.549999196,3.78000006,0.0,3520.0600585704,68.4637459056035,18.4699994328,0.0,2.99999853010237,0.0
1200809731,41.549999196,3.78000006,0.0,3520.0600585704,68.4025653667379,18.4699994328,0.0,8.00000067677784,0.0
1200809735,41.549999196,3.78000006,0.0,3520.0600585704,68.5249264444691,18.4699994328,0.0,1.99999672181581,0.0
1200809740,41.549999196,3.78000006,0.0,3520.0600585704,68.3821668642666,18.4699994328,0.0,5.99999706020473,0.0
1200809745,41.549999196,3.78000006,0.0,3520.0600585704,68.4331556361707,18.4699994328,0.0,14.9999995452691,0.0
1200809749,41.549999196,3.78000006,0.0,3520.0600585704,68.4331556361707,18.4699994328,0.0,6.99999886849128,0.0
1200809754,41.549999196,3.78000006,0.0,3520.0600585704,68.4331556361707,18.4699994328,0.0,-13.0000028234533,0.0
1200809759,41.549999196,3.78000006,0.0,3520.0600585704,68.5147346775076,18.4699994328,0.0,29.9999990905382,0.0
1200809763,41.549999196,3.78000006,0.0,3520.0600585704,68.2903960559682,18.4699994328,0.0,12.0000010151668,0.0
1200809768,41.549999196,3.78000006,0.0,3520.0600585704,68.5249264444691,18.4699994328,0.0,20.0000016919446,0.0
1200809772,41.549999196,3.78000006,0.0,3520.0600585704,68.4943361750363,18.4699994328,0.0,47.9999971659097,0.0
1200809777,41.549999196,3.78000006,0.0,3520.0600585704,68.5453249469404,18.4699994328,0.0,28.0000023687224,0.0
1200809780,41.549999196,3.78000006,0.0,3520.0600585704,68.3923658887061,18.4699994328,0.0,31.0000008988248,0.0
1200809785,41.549999196,3.78000006,0.0,3520.0600585704,68.5249264444691,18.4699994328,0.0,42.000000105705,0.0
1200809789,41.549999196,3.78000006,0.0,3520.0600585704,68.5249264444691,18.4699994328,0.0,17.9999980753715,0.0
1200809794,41.549999196,3.78000006,0.0,3520.0600585704,68.5453249469404,18.4699994328,0.0,-2.99999853010237,0.0
1200809799,41.549999196,3.78000006,0.0,3520.0600585704,68.4637459056035,18.4699994328,0.0,13.9999977369826,0.0
1200809803,41.549999196,3.78000006,0.0,3520.0600585704,68.4739453836353,18.4699994328,0.0,-5.99999706020473,0.0
1200809808,41.549999196,3.78000006,0.0,3520.0600585704,68.5759152163732,18.4699994328,0.0,-8.00000067677784,0.0
1200809813,41.549999196,3.78000006,0.0,3520.0600585704,68.5453249469404,18.4699994328,0.0,13.0000028234533,0.0
1200809817,41.549999196,3.78000006,0.0,3520.0600585704,68.4637459056035,18.4699994328,0.0,24.0000020303335,0.0
1200809822,41.549999196,3.78000006,0.0,3520.0600585704,68.5657161919337,18.4699994328,0.0,42.000000105705,0.0
1200809831,41.549999196,3.78000006,0.0,3520.0600585704,68.4943361750363,18.4699994328,0.0,21.9999984137604,0.0
1200809834,41.549999196,3.78000006,0.0,3520.0600585704,68.4841444080748,18.4699994328,0.0,33.9999994289272,0.0
1200809839,41.549999196,3.78000006,0.0,3520.0600585704,68.4331556361707,18.4699994328,0.0,18.999999883658,0.0
1200809843,41.549999196,3.78000006,0.0,3520.0600585704,68.4943361750363,18.4699994328,0.0,33.9999994289272,0.0
1200809848,41.549999196,3.78000006,0.0,3520.0600585704,68.4739453836353,18.4699994328,0.0,21.9999984137604,0.0
1200809857,41.549999196,3.78000006,0.0,3520.0600585704,68.341377116802,18.4699994328,0.0,24.0000020303335,0.0
1200809862,41.549999196,3.78000006,0.0,3520.0600585704,68.4841444080748,18.4699994328,0.0,18.999999883658,0.0
1200809867,41.549999196,3.78000006,0.0,3520.0600585704,68.4025653667379,18.4699994328,0.0,31.0000008988248,0.0
1200809871,41.549999196,3.78000006,0.0,3520.0600585704,68.5147346775076,18.4699994328,0.0,35.0000012372137,0.0
1200809876,41.549999196,3.78000006,0.0,3520.0600585704,68.4331556361707,18.4699994328,0.0,35.0000012372137,0.0
1200809885,41.549999196,3.78000006,0.0,3520.0600585704,68.586114694405,18.4699994328,0.0,32.0000027071113,0.0
1200809888,41.549999196,3.78000006,0.0,3520.0600585704,68.4943361750363,18.4699994328,0.0,55.9999978426876,0.0
1200809893,41.549999196,3.78000006,0.0,3520.0600585704,68.4025653667379,18.4699994328,0.0,48.9999989741963,0.0
1200809897,41.549999196,3.78000006,0.0,3520.0600585704,68.3821668642666,18.4699994328,0.0,33.0000045153979,0.0
1200809902,41.549999196,3.78000006,0.0,3520.0600585704,68.4025653667379,18.4699994328,0.0,17.9999980753715,0.0
1200809906,41.549999196,3.78000006,0.0,3520.0600585704,68.4841444080748,18.4699994328,0.0,14.9999995452691,0.0
1200809911,41.549999196,3.78000006,0.0,3520.0600585704,68.5351259225009,18.4699994328,0.0,28.9999972822517,0.0
1200809916,41.549999196,3.78000006,0.0,3520.0600585704,68.3515765948338,18.4699994328,0.0,31.0000008988248,0.0
1200809921,41.549999196,3.78000006,0.0,3520.0600585704,68.4637459056035,18.4699994328,0.0,40.9999982974184,0.0
1200809925,41.549999196,3.78000006,0.0,3520.0600585704,68.6167049638378,18.4699994328,0.0,14.9999995452691,0.0
1200809930,41.549999196,3.78000006,0.0,3520.0600585704,68.5759152163732,18.4699994328,0.0,24.0000020303335,0.0
1200809934,41.549999196,3.78000006,0.0,3520.0600585704,68.3923658887061,18.4699994328,0.0,17.9999980753715,0.0
1200809939,41.549999196,3.78000006,0.0,3520.0600585704,68.4229561581389,18.4699994328,0.0,21.9999984137604,0.0
1200809942,41.549999196,3.78000006,0.0,3520.0600585704,68.4433551142025,18.4699994328,0.0,13.9999977369826,0.0
1200809947,41.549999196,3.78000006,0.0,3520.0600585704,68.4433551142025,18.4699994328,0.0,48.9999989741963,0.0
1200809951,41.549999196,3.78000006,0.0,3520.0600585704,68.4739453836353,18.4699994328,0.0,33.0000045153979,0.0
1200809956,41.549999196,3.78000006,0.0,3520.0600585704,68.4229561581389,18.4699994328,0.0,67.0000039443251,0.0
1200809960,41.549999196,3.78000006,0.0,3520.0600585704,68.5453249469404,18.4699994328,0.0,23.000000222047,0.0
1200809965,41.549999196,3.78000006,0.0,3520.0600585704,68.3923658887061,18.4699994328,0.0,36.9999979590295,0.0
1200809970,41.549999196,3.78000006,0.0,3520.0600585704,68.5147346775076,18.4699994328,0.0,44.9999986358074,0.0
1200809975,41.549999196,3.78000006,0.0,3520.0600585704,68.5657161919337,18.4699994328,0.0,32.0000027071113,0.0
1200809979,41.549999196,3.78000006,0.0,3520.0600585704,68.606505485806,18.4699994328,0.0,36.9999979590295,0.0
1200809984,41.549999196,3.78000006,0.0,3520.0600585704,68.4841444080748,18.4699994328,0.0,28.0000023687224,0.0
1200809988,41.549999196,3.78000006,0.0,3520.0600585704,68.3821668642666,18.4699994328,0.0,32.0000027071113,0.0
1200809993,41.549999196,3.78000006,0.0,3520.0600585704,68.4739453836353,18.4699994328,0.0,14.9999995452691,0.0
1200809996,41.549999196,3.78000006,0.0,3520.0600585704,68.4433551142025,18.4699994328,0.0,33.9999994289272,0.0
1200810001,41.549999196,3.78000006,0.0,3520.0600585704,68.5249264444691,18.4699994328,0.0,35.0000012372137,0.0
1200810005,41.549999196,3.78000006,0.0,3520.0600585704,68.5351259225009,18.4699994328,0.0,36.9999979590295,0.0
1200810010,41.549999196,3.78000006,0.0,3520.0600585704,68.4637459056035,18.4699994328,0.0,28.9999972822517,0.0
1200810014,41.549999196,3.78000006,0.0,3520.0600585704,68.4025653667379,18.4699994328,0.0,32.0000027071113,0.0
1200810019,41.549999196,3.78000006,0.0,3520.0600585704,68.5657161919337,18.4699994328,0.0,25.9999987521493,0.0
1200810024,41.549999196,3.78000006,0.0,3520.0600585704,68.4841444080748,18.4699994328,0.0,44.9999986358074,0.0
1200810029,41.549999196,3.78000006,0.0,3520.0600585704,68.4841444080748,18.4699994328,0.0,17.0000031618422,0.0
1200810033,41.549999196,3.78000006,0.0,3520.0600585704,68.4331556361707,18.4699994328,0.0,23.000000222047,0.0
1200810038,41.549999196,3.78000006,0.0,3520.0600585704,68.4943361750363,18.4699994328,0.0,25.9999987521493,0.0
1200810042,41.549999196,3.78000006,0.0,3520.0600585704,68.4841444080748,18.4699994328,0.0,24.9999969438628,0.0
1200810047,41.549999196,3.78000006,0.0,3520.0600585704,68.4433551142025,18.4699994328,0.0,27.0000005604359,0.0
1200810050,41.549999196,3.78000006,0.0,3520.0600585704,68.4739453836353,18.4699994328,0.0,60.0000050758338,0.0
1200810055,41.549999196,3.78000006,0.0,3520.0600585704,68.4739453836353,18.4699994328,0.0,50.0000007824828,0.0
1200810064,41.549999196,3.78000006,0.0,3520.0600585704,68.4433551142025,18.4699994328,0.0,32.0000027071113,0.0
1200810068,41.549999196,3.78000006,0.0,3520.0600585704,68.6167049638378,18.4699994328,0.0,32.0000027071113,0.0
1200810073,41.549999196,3.78000006,0.0,3520.0600585704,68.586114694405,18.4699994328,0.0,20.9999966054739,0.0
1200810078,41.549999196,3.78000006,0.0,3520.0600585704,68.6676860246716,18.4699994328,0.0,40.0000033838892,0.0
1200810083,41.549999196,3.78000006,0.0,3520.0600585704,68.606505485806,18.4699994328,0.0,36.0000030455003,0.0
1200810092,41.549999196,3.78000006,0.0,3520.0600585704,68.5351259225009,18.4699994328,0.0,36.0000030455003,0.0
1200810096,41.549999196,3.78000006,0.0,3520.0600585704,68.4433551142025,18.4699994328,0.0,25.9999987521493,0.0
1200810101,41.549999196,3.78000006,0.0,3520.0600585704,68.5351259225009,18.4699994328,0.0,14.9999995452691,0.0
1200810104,41.549999196,3.78000006,0.0,3520.0600585704,68.4943361750363,18.4699994328,0.0,47.0000022523805,0.0
1200810109,41.549999196,3.78000006,0.0,3520.0600585704,68.4433551142025,18.4699994328,0.0,50.9999956960121,0.0
1200810113,41.549999196,3.78000006,0.0,3520.0600585704,68.4739453836353,18.4699994328,0.0,52.9999993125852,0.0
1200810118,41.549999196,3.78000006,0.0,3520.0600585704,68.3515765948338,18.4699994328,0.0,42.000000105705,0.0
1200810123,41.549999196,3.78000006,0.0,3520.0600585704,68.4637459056035,18.4699994328,0.0,39.0000015756026,0.0
1200810127,41.549999196,3.78000006,0.0,3520.0600585704,68.5657161919337,18.4699994328,0.0,33.0000045153979,0.0
1200810132,41.549999196,3.78000006,0.0,3520.0600585704,68.5351259225009,18.4699994328,0.0,23.000000222047,0.0
1200810137,41.549999196,3.78000006,0.0,3520.0600585704,68.5657161919337,18.4699994328,0.0,39.0000015756026,0.0
1200810141,41.549999196,3.78000006,0.0,3520.0600585704,68.5249264444691,18.4699994328,0.0,27.0000005604359,0.0
1200810146,41.549999196,3.78000006,0.0,3520.0600585704,68.4637459056035,18.4699994328,0.0,36.9999979590295,0.0
1200810150,41.549999196,3.78000006,0.0,3520.0600585704,68.4841444080748,18.4699994328,0.0,28.9999972822517,0.0
1200810155,41.549999196,3.78000006,0.0,3520.0600585704,68.4331556361707,18.4699994328,0.0,28.9999972822517,0.0
1200810158,41.549999196,3.78000006,0.0,3520.0600585704,68.3719750973051,18.4699994328,0.0,25.9999987521493,0.0
1200810163,41.549999196,3.78000006,0.0,3520.0600585704,68.4025653667379,18.4699994328,0.0,33.9999994289272,0.0
1200810167,41.549999196,3.78000006,0.0,3520.0600585704,68.586114694405,18.4699994328,0.0,40.9999982974184,0.0
1200810172,41.549999196,3.78000006,0.0,3520.0600585704,68.4637459056035,18.4699994328,0.0,31.0000008988248,0.0
1200810177,41.549999196,3.78000006,0.0,3520.0600585704,68.4433551142025,18.4699994328,0.0,6.99999886849128,0.0
1200810181,41.549999196,3.78000006,0.0,3520.0600585704,68.4433551142025,18.4699994328,0.0,2.99999853010237,0.0
1200810186,41.549999196,3.78000006,0.0,3520.0600585704,68.4943361750363,18.4699994328,0.0,24.0000020303335,0.0
1200810191,41.549999196,3.78000006,0.0,3520.0600585704,68.5249264444691,18.4699994328,0.0,18.999999883658,0.0
1200810195,41.549999196,3.78000006,0.0,3520.0600585704,68.5453249469404,18.4699994328,0.0,-2.99999853010237,0.0
1200810200,41.549999196,3.78000006,0.0,3520.0600585704,68.5351259225009,18.4699994328,0.0,13.9999977369826,0.0
1200810204,41.549999196,3.78000006,0.0,3520.0600585704,68.4433551142025,18.4699994328,0.0,17.0000031618422,0.0
1200810209,41.549999196,3.78000006,0.0,3520.0600585704,68.4841444080748,18.4699994328,0.0,6.99999886849128,0.0
1200810212,41.549999196,3.78000006,0.0,3520.0600585704,68.5351259225009,18.4699994328,0.0,17.9999980753715,0.0
1200810217,41.549999196,3.78000006,0.0,3520.0600585704,68.5453249469404,18.4699994328,0.0,28.0000023687224,0.0
1200810221,41.549999196,3.78000006,0.0,3520.0600585704,68.5657161919337,18.4699994328,0.0,25.9999987521493,0.0
1200810226,41.549999196,3.78000006,0.0,3520.0600585704,68.5249264444691,18.4699994328,0.0,5.99999706020473,0.0
1200810231,41.549999196,3.78000006,0.0,3520.0600585704,68.4637459056035,18.4699994328,0.0,23.000000222047,0.0
1200810235,41.549999196,3.78000006,0.0,3520.0600585704,68.5759152163732,18.4699994328,0.0,14.9999995452691,0.0
1200810240,41.549999196,3.78000006,0.0,3520.0600585704,68.5351259225009,18.4699994328,0.0,28.9999972822517,0.0
1200810245,41.549999196,3.78000006,0.0,3520.0600585704,68.4943361750363,18.4699994328,0.0,24.0000020303335,0.0
1200810249,41.549999196,3.78000006,0.0,3520.0600585704,68.3821668642666,18.4699994328,0.0,12.0000010151668,0.0
1200810254,41.549999196,3.78000006,0.0,3520.0600585704,68.4229561581389,18.4699994328,0.0,-1.99999672181581,0.0
1200810258,41.549999196,3.78000006,0.0,3520.0600585704,68.4943361750363,18.4699994328,0.0,6.99999886849128,0.0
1200810263,41.549999196,3.78000006,0.0,3520.0600585704,68.4943361750363,18.4699994328,0.0,21.9999984137604,0.0
1200810271,41.549999196,3.78000006,0.0,3520.0600585704,68.5453249469404,18.4699994328,0.0,44.9999986358074,0.0
1200810275,41.549999196,3.78000006,0.0,3520.0600585704,68.4229561581389,18.4699994328,0.0,54.0000011208717,0.0
1200810280,41.549999196,3.78000006,0.0,3520.0600585704,68.4739453836353,18.4699994328,0.0,40.9999982974184,0.0
1200810285,41.549999196,3.78000006,0.0,3520.0600585704,68.4841444080748,18.4699994328,0.0,33.0000045153979,0.0
1200810289,41.549999196,3.78000006,0.0,3520.0600585704,68.4841444080748,18.4699994328,0.0,60.999999989363,0.0
1200810299,41.549999196,3.78000006,0.0,3520.0600585704,68.4739453836353,18.4699994328,0.0,31.0000008988248,0.0
1200810303,41.549999196,3.78000006,0.0,3520.0600585704,68.4229561581389,18.4699994328,0.0,9.99999739859365,0.0
1200810308,41.549999196,3.78000006,0.0,3520.0600585704,68.606505485806,18.4699994328,0.0,-1.00000180828655,0.0
1200810312,41.549999196,3.78000006,0.0,3520.0600585704,68.4841444080748,18.4699994328,0.0,6.99999886849128,0.0
1200810317,41.549999196,3.78000006,0.0,3520.0600585704,68.4841444080748,18.4699994328,0.0,-1.99999672181581,0.0
1200810325,41.549999196,3.78000006,0.0,3520.0600585704,68.586114694405,18.4699994328,0.0,9.00000248506439,0.0
1200810329,41.549999196,3.78000006,0.0,3520.0600585704,68.4943361750363,18.4699994328,0.0,-12.0000010151668,0.0
1200810334,41.549999196,3.78000006,0.0,3520.0600585704,68.4739453836353,18.4699994328,0.0,12.0000010151668,0.0
1200810339,41.549999196,3.78000006,0.0,3520.0600585704,68.4943361750363,18.4699994328,0.0,5.99999706020473,0.0
1200810343,41.549999196,3.78000006,0.0,3520.0600585704,68.4739453836353,18.4699994328,0.0,16.0000013535557,0.0
1200810348,41.549999196,3.78000006,0.0,3520.0600585704,68.4433551142025,18.4699994328,0.0,17.0000031618422,0.0
1200810353,41.549999196,3.78000006,0.0,3520.0600585704,68.3515765948338,18.4699994328,0.0,13.9999977369826,0.0
1200810357,41.549999196,3.78000006,0.0,3520.0600585704,68.3719750973051,18.4699994328,0.0,29.9999990905382,0.0
1200810362,41.549999196,3.78000006,0.0,3520.0600585704,68.4229561581389,18.4699994328,0.0,25.9999987521493,0.0
1200810366,41.549999196,3.78000006,0.0,3520.0600585704,68.5759152163732,18.4699994328,0.0,12.0000010151668,0.0
1200810371,41.549999196,3.78000006,0.0,3520.0600585704,68.4739453836353,18.4699994328,0.0,28.9999972822517,0.0
1200810374,41.549999196,3.78000006,0.0,3520.0600585704,68.4433551142025,18.4699994328,0.0,29.9999990905382,0.0
1200810379,41.549999196,3.78000006,0.0,3520.0600585704,68.4739453836353,18.4699994328,0.0,27.0000005604359,0.0
1200810383,41.549999196,3.78000006,0.0,3520.0600585704,68.5249264444691,18.4699994328,0.0,21.9999984137604,0.0
1200810388,41.549999196,3.78000006,0.0,3520.0600585704,68.3515765948338,18.4699994328,0.0,43.0000019139915,0.0
1200810393,41.549999196,3.78000006,0.0,3520.0600585704,68.3107868473692,18.4699994328,0.0,13.0000028234533,0.0
1200810397,41.549999196,3.78000006,0.0,3520.0600585704,68.4637459056035,18.4699994328,0.0,-8.00000067677784,0.0
1200810402,41.549999196,3.78000006,0.0,3520.0600585704,68.4025653667379,18.4699994328,0.0,17.9999980753715,0.0
1200810407,41.549999196,3.78000006,0.0,3520.0600585704,68.4433551142025,18.4699994328,0.0,-1.99999672181581,0.0
1200810411,41.549999196,3.78000006,0.0,3520.0600585704,68.4229561581389,18.4699994328,0.0,14.9999995452691,0.0
1200810416,41.549999196,3.78000006,0.0,3520.0600585704,68.4229561581389,18.4699994328,0.0,10.9999992068802,0.0
1200810420,41.549999196,3.78000006,0.0,3520.0600585704,68.5453249469404,18.4699994328,0.0,2.99999853010237,0.0
1200810425,41.549999196,3.78000006,0.0,3520.0600585704,68.4331556361707,18.4699994328,0.0,6.99999886849128,0.0
1200810428,41.549999196,3.78000006,0.0,3520.0600585704,68.5147346775076,18.4699994328,0.0,12.0000010151668,0.0
1200810433,41.549999196,3.78000006,0.0,3520.0600585704,68.4331556361707,18.4699994328,0.0,33.9999994289272,0.0
1200810437,41.549999196,3.78000006,0.0,3520.0600585704,68.3719750973051,18.4699994328,0.0,33.0000045153979,0.0
1200810442,41.549999196,3.78000006,0.0,3520.0600585704,68.3719750973051,18.4699994328,0.0,32.0000027071113,0.0
1200810447,41.549999196,3.78000006,0.0,3520.0600585704,68.3515765948338,18.4699994328,0.0,14.9999995452691,0.0
1200810451,41.549999196,3.78000006,0.0,3520.0600585704,68.4331556361707,18.4699994328,0.0,23.000000222047,0.0
1200810456,41.549999196,3.78000006,0.0,3520.0600585704,68.4229561581389,18.4699994328,0.0,23.000000222047,0.0
1200810461,41.549999196,3.78000006,0.0,3520.0600585704,68.4841444080748,18.4699994328,0.0,20.0000016919446,0.0
1200810465,41.549999196,3.78000006,0.0,3520.0600585704,68.4025653667379,18.4699994328,0.0,6.99999886849128,0.0
1200810470,41.549999196,3.78000006,0.0,3520.0600585704,68.4637459056035,18.4699994328,0.0,13.0000028234533,0.0
1200810474,41.549999196,3.78000006,0.0,3520.0600585704,68.3821668642666,18.4699994328,0.0,14.9999995452691,0.0
1200810479,41.549999196,3.78000006,0.0,3520.0600585704,68.4229561581389,18.4699994328,0.0,23.000000222047,0.0
1200810482,41.549999196,3.78000006,0.0,3520.0600585704,68.4025653667379,18.4699994328,0.0,10.9999992068802,0.0
1200810487,41.549999196,3.78000006,0.0,3520.0600585704,68.4025653667379,18.4699994328,0.0,27.0000005604359,0.0
1200810491,41.549999196,3.78000006,0.0,3520.0600585704,68.5657161919337,18.4699994328,0.0,43.9999968275208,0.0
1200810496,41.549999196,3.78000006,0.0,3520.0600585704,68.5657161919337,18.4699994328,0.0,20.0000016919446,0.0
1200810505,41.549999196,3.78000006,0.0,3520.0600585704,68.4331556361707,18.4699994328,0.0,27.0000005604359,0.0
1200810510,41.549999196,3.78000006,0.0,3520.0600585704,68.5351259225009,18.4699994328,0.0,42.000000105705,0.0
1200810515,41.549999196,3.78000006,0.0,3520.0600585704,68.5759152163732,18.4699994328,0.0,32.0000027071113,0.0
1200810519,41.549999196,3.78000006,0.0,3520.0600585704,68.5657161919337,18.4699994328,0.0,24.9999969438628,0.0
1200810524,41.549999196,3.78000006,0.0,3520.0600585704,68.5351259225009,18.4699994328,0.0,20.9999966054739,0.0
1200810533,41.549999196,3.78000006,0.0,3520.0600585704,68.5657161919337,18.4699994328,0.0,25.9999987521493,0.0
1200810536,41.549999196,3.78000006,0.0,3520.0600585704,68.5657161919337,18.4699994328,0.0,20.0000016919446,0.0
1200810541,41.549999196,3.78000006,0.0,3520.0600585704,68.4637459056035,18.4699994328,0.0,32.0000027071113,0.0
1200810545,41.549999196,3.78000006,0.0,3520.0600585704,68.5147346775076,18.4699994328,0.0,25.9999987521493,0.0
1200810550,41.549999196,3.78000006,0.0,3520.0600585704,68.3821668642666,18.4699994328,0.0,24.0000020303335,0.0
1200810559,41.549999196,3.78000006,0.0,3520.0600585704,68.5249264444691,18.4699994328,0.0,37.9999997673161,0.0
1200810564,41.549999196,3.78000006,0.0,3520.0600585704,68.4943361750363,18.4699994328,0.0,31.0000008988248,0.0
1200810569,41.549999196,3.78000006,0.0,3520.0600585704,68.4739453836353,18.4699994328,0.0,40.0000033838892,0.0
1200810573,41.549999196,3.78000006,0.0,3520.0600585704,68.4841444080748,18.4699994328,0.0,42.000000105705,0.0
1200810578,41.549999196,3.78000006,0.0,3520.0600585704,68.3311858034328,18.4699994328,0.0,44.9999986358074,0.0
1200810582,41.549999196,3.78000006,0.0,3520.0600585704,68.4433551142025,18.4699994328,0.0,20.0000016919446,0.0
1200810587,41.549999196,3.78000006,0.0,3520.0600585704,68.4739453836353,18.4699994328,0.0,6.99999886849128,0.0
1200810590,41.549999196,3.78000006,0.0,3520.0600585704,68.3515765948338,18.4699994328,0.0,36.9999979590295,0.0
1200810595,41.549999196,3.78000006,0.0,3520.0600585704,68.3821668642666,18.4699994328,0.0,28.0000023687224,0.0
1200810599,41.549999196,3.78000006,0.0,3520.0600585704,68.4739453836353,18.4699994328,0.0,24.0000020303335,0.0
1200810604,41.549999196,3.78000006,0.0,3520.0600585704,68.3923658887061,18.4699994328,0.0,14.9999995452691,0.0
1200810608,41.549999196,3.78000006,0.0,3520.0600585704,68.4943361750363,18.4699994328,0.0,39.0000015756026,0.0
1200810613,41.549999196,3.78000006,0.0,3520.0600585704,68.4025653667379,18.4699994328,0.0,18.999999883658,0.0
1200810618,41.549999196,3.78000006,0.0,3520.0600585704,68.4025653667379,18.4699994328,0.0,6.99999886849128,0.0
1200810623,41.549999196,3.78000006,0.0,3520.0600585704,68.3719750973051,18.4699994328,0.0,10.9999992068802,0.0
1200810627,41.549999196,3.78000006,0.0,3520.0600585704,68.4637459056035,18.4699994328,0.0,-4.00000033838892,0.0
1200810632,41.549999196,3.78000006,0.0,3520.0600585704,68.4025653667379,18.4699994328,0.0,13.0000028234533,0.0
1200810636,41.549999196,3.78000006,0.0,3520.0600585704,68.4739453836353,18.4699994328,0.0,10.9999992068802,0.0
1200810641,41.549999196,3.78000006,0.0,3520.0600585704,68.4943361750363,18.4699994328,0.0,9.00000248506439,0.0
1200810644,41.549999196,3.78000006,0.0,3520.0600585704,68.3719750973051,18.4699994328,0.0,24.0000020303335,0.0
1200810649,41.549999196,3.78000006,0.0,3520.0600585704,68.4739453836353,18.4699994328,0.0,29.9999990905382,0.0
1200810653,41.549999196,3.78000006,0.0,3520.0600585704,68.3719750973051,18.4699994328,0.0,28.0000023687224,0.0
1200810658,41.549999196,3.78000006,0.0,3520.0600585704,68.5249264444691,18.4699994328,0.0,44.9999986358074,0.0
1200810662,41.549999196,3.78000006,0.0,3520.0600585704,68.4433551142025,18.4699994328,0.0,14.9999995452691,0.0
1200810667,41.549999196,3.78000006,0.0,3520.0600585704,68.4841444080748,18.4699994328,0.0,10.9999992068802,0.0
1200810672,41.549999196,3.78000006,0.0,3520.0600585704,68.5147346775076,18.4699994328,0.0,-9.99999739859365,0.0
1200810677,41.549999196,3.78000006,0.0,3520.0600585704,68.4943361750363,18.4699994328,0.0,5.00000214667547,0.0
1200810681,41.549999196,3.78000006,0.0,3520.0600585704,68.4433551142025,18.4699994328,0.0,24.0000020303335,0.0
1200810686,41.549999196,3.78000006,0.0,3520.0600585704,68.5351259225009,18.4699994328,0.0,17.0000031618422,0.0
1200810690,41.549999196,3.78000006,0.0,3520.0600585704,68.4637459056035,18.4699994328,0.0,21.9999984137604,0.0
1200810695,41.549999196,3.78000006,0.0,3520.0600585704,68.3719750973051,18.4699994328,0.0,-6.99999886849128,0.0
1200810698,41.549999196,3.78000006,0.0,3520.0600585704,68.4637459056035,18.4699994328,0.0,9.00000248506439,0.0
1200810703,41.549999196,3.78000006,0.0,3520.0600585704,68.4739453836353,18.4699994328,0.0,1.99999672181581,0.0
1200810707,41.549999196,3.78000006,0.0,3520.0600585704,68.4841444080748,18.4699994328,0.0,-12.0000010151668,0.0
1200810712,41.549999196,3.78000006,0.0,3520.0600585704,68.4331556361707,18.4699994328,0.0,-13.0000028234533,0.0
1200810716,41.549999196,3.78000006,0.0,3520.0600585704,68.2292155171026,18.4699994328,0.0,-27.0000005604359,0.0
1200810721,41.549999196,3.78000006,0.0,3520.0600585704,68.4841444080748,18.4699994328,0.0,-17.9999980753715,0.0
1200810726,41.549999196,3.78000006,0.0,3520.0600585704,68.5147346775076,18.4699994328,0.0,-9.00000248506439,0.0
1200810731,41.549999196,3.78000006,0.0,3520.0600585704,68.3923658887061,18.4699994328,0.0,8.00000067677784,0.0
1200810740,41.549999196,3.78000006,0.0,3520.0600585704,68.4841444080748,18.4699994328,0.0,6.99999886849128,0.0
1200810744,41.549999196,3.78000006,0.0,3520.0600585704,68.4025653667379,18.4699994328,0.0,13.9999977369826,0.0
1200810749,41.549999196,3.78000006,0.0,3520.0600585704,68.4841444080748,18.4699994328,0.0,27.0000005604359,0.0
1200810752,41.549999196,3.78000006,0.0,3520.0600585704,68.4433551142025,18.4699994328,0.0,24.9999969438628,0.0
1200810757,41.549999196,3.78000006,0.0,3520.0600585704,68.4637459056035,18.4699994328,0.0,20.9999966054739,0.0
1200810766,41.549999196,3.78000006,0.0,3520.0600585704,68.4025653667379,18.4699994328,0.0,20.9999966054739,0.0
1200810770,41.549999196,3.78000006,0.0,3520.0600585704,68.5147346775076,18.4699994328,0.0,25.9999987521493,0.0
1200810775,41.549999196,3.78000006,0.0,3520.0600585704,68.5351259225009,18.4699994328,0.0,27.0000005604359,0.0
1200810780,41.549999196,3.78000006,0.0,3520.0600585704,68.4331556361707,18.4699994328,0.0,43.9999968275208,0.0
1200810785,41.549999196,3.78000006,0.0,3520.0600585704,68.4943361750363,18.4699994328,0.0,40.9999982974184,0.0
1200810789,41.549999196,3.78000006,0.0,3520.0600585704,68.4841444080748,18.4699994328,0.0,21.9999984137604,0.0
1200810794,41.549999196,3.78000006,0.0,3520.0600585704,68.4025653667379,18.4699994328,0.0,43.9999968275208,0.0
1200810798,41.549999196,3.78000006,0.0,3520.0600585704,68.4841444080748,18.4699994328,0.0,18.999999883658,0.0
1200810803,41.549999196,3.78000006,0.0,3520.0600585704,68.4739453836353,18.4699994328,0.0,40.9999982974184,0.0
1200810806,41.549999196,3.78000006,0.0,3520.0600585704,68.4943361750363,18.4699994328,0.0,28.0000023687224,0.0
1200810811,41.549999196,3.78000006,0.0,3520.0600585704,68.4739453836353,18.4699994328,0.0,32.0000027071113,0.0
1200810815,41.549999196,3.78000006,0.0,3520.0600585704,68.3923658887061,18.4699994328,0.0,1.99999672181581,0.0
1200810820,41.549999196,3.78000006,0.0,3520.0600585704,68.4637459056035,18.4699994328,0.0,16.0000013535557,0.0
1200810825,41.549999196,3.78000006,0.0,3520.0600585704,68.5249264444691,18.4699994328,0.0,27.0000005604359,0.0
1200810829,41.549999196,3.78000006,0.0,3520.0600585704,68.4637459056035,18.4699994328,0.0,21.9999984137604,0.0
1200810834,41.549999196,3.78000006,0.0,3520.0600585704,68.5351259225009,18.4699994328,0.0,17.0000031618422,0.0
1200810839,41.549999196,3.78000006,0.0,3520.0600585704,68.3515765948338,18.4699994328,0.0,-4.00000033838892,0.0
1200810843,41.549999196,3.78000006,0.0,3520.0600585704,68.4739453836353,18.4699994328,0.0,12.0000010151668,0.0
1200810848,41.549999196,3.78000006,0.0,3520.0600585704,68.4433551142025,18.4699994328,0.0,-2.99999853010237,0.0
1200810852,41.549999196,3.78000006,0.0,3520.0600585704,68.4331556361707,18.4699994328,0.0,-9.00000248506439,0.0
1200810857,41.549999196,3.78000006,0.0,3520.0600585704,68.3923658887061,18.4699994328,0.0,-2.99999853010237,0.0
1200810860,41.549999196,3.78000006,0.0,3520.0600585704,68.4739453836353,18.4699994328,0.0,8.00000067677784,0.0
1200810865,41.549999196,3.78000006,0.0,3520.0600585704,68.4433551142025,18.4699994328,0.0,14.9999995452691,0.0
1200810869,41.549999196,3.78000006,0.0,3520.0600585704,68.4739453836353,18.4699994328,0.0,-1.99999672181581,0.0
1200810874,41.549999196,3.78000006,0.0,3520.0600585704,68.4433551142025,18.4699994328,0.0,29.9999990905382,0.0
1200810879,41.549999196,3.78000006,0.0,3520.0600585704,68.4229561581389,18.4699994328,0.0,52.9999993125852,0.0
1200810883,41.549999196,3.78000006,0.0,3520.0600585704,68.4943361750363,18.4699994328,0.0,24.0000020303335,0.0
1200810888,41.549999196,3.78000006,0.0,3520.0600585704,68.4025653667379,18.4699994328,0.0,17.0000031618422,0.0
1200810893,41.549999196,3.78000006,0.0,3520.0600585704,68.4739453836353,18.4699994328,0.0,10.9999992068802,0.0
1200810897,41.549999196,3.78000006,0.0,3520.0600585704,68.5657161919337,18.4699994328,0.0,-6.99999886849128,0.0
1200810902,41.549999196,3.78000006,0.0,3520.0600585704,68.4841444080748,18.4699994328,0.0,21.9999984137604,0.0
1200810906,41.549999196,3.78000006,0.0,3520.0600585704,68.4331556361707,18.4699994328,0.0,-6.99999886849128,0.0
1200810911,41.549999196,3.78000006,0.0,3520.0600585704,68.4637459056035,18.4699994328,0.0,4.00000033838892,0.0
1200810914,41.549999196,3.78000006,0.0,3520.0600585704,68.5147346775076,18.4699994328,0.0,13.0000028234533,0.0
1200810919,41.549999196,3.78000006,0.0,3520.0600585704,68.5759152163732,18.4699994328,0.0,18.999999883658,0.0
1200810923,41.549999196,3.78000006,0.0,3520.0600585704,68.4637459056035,18.4699994328,0.0,28.0000023687224,0.0
1200810928,41.549999196,3.78000006,0.0,3520.0600585704,68.4637459056035,18.4699994328,0.0,29.9999990905382,0.0
1200810933,41.549999196,3.78000006,0.0,3520.0600585704,68.4943361750363,18.4699994328,0.0,32.0000027071113,0.0
1200810937,41.549999196,3.78000006,0.0,3520.0600585704,68.4739453836353,18.4699994328,0.0,-1.99999672181581,0.0
1200810947,41.549999196,3.78000006,0.0,3520.0600585704,68.5147346775076,18.4699994328,0.0,6.99999886849128,0.0
1200810951,41.549999196,3.78000006,0.0,3520.0600585704,68.5759152163732,18.4699994328,0.0,17.0000031618422,0.0
1200810956,41.549999196,3.78000006,0.0,3520.0600585704,68.4637459056035,18.4699994328,0.0,29.9999990905382,0.0
1200810960,41.549999196,3.78000006,0.0,3520.0600585704,68.4637459056035,18.4699994328,0.0,28.0000023687224,0.0
1200810965,41.549999196,3.78000006,0.0,3520.0600585704,68.4637459056035,18.4699994328,0.0,16.0000013535557,0.0
1200810973,41.549999196,3.78000006,0.0,3520.0600585704,68.5147346775076,18.4699994328,0.0,18.999999883658,0.0
1200810977,41.549999196,3.78000006,0.0,3520.0600585704,68.4331556361707,18.4699994328,0.0,-1.99999672181581,0.0
1200810982,41.549999196,3.78000006,0.0,3520.0600585704,68.4433551142025,18.4699994328,0.0,10.9999992068802,0.0
1200810987,41.549999196,3.78000006,0.0,3520.0600585704,68.3923658887061,18.4699994328,0.0,-1.00000180828655,0.0
1200810991,41.549999196,3.78000006,0.0,3520.0600585704,68.5453249469404,18.4699994328,0.0,1.00000180828655,0.0
1200811001,41.549999196,3.78000006,0.0,3520.0600585704,68.5249264444691,18.4699994328,0.0,18.999999883658,0.0
1200811005,41.549999196,3.78000006,0.0,3520.0600585704,68.4739453836353,18.4699994328,0.0,-1.00000180828655,0.0
1200811010,41.549999196,3.78000006,0.0,3520.0600585704,68.4433551142025,18.4699994328,0.0,20.0000016919446,0.0
1200811014,41.549999196,3.78000006,0.0,3520.0600585704,68.4331556361707,18.4699994328,0.0,5.00000214667547,0.0
1200811019,41.549999196,3.78000006,0.0,3520.0600585704,68.4943361750363,18.4699994328,0.0,8.00000067677784,0.0
1200811022,41.549999196,3.78000006,0.0,3520.0600585704,68.4739453836353,18.4699994328,0.0,8.00000067677784,0.0
1200811027,41.549999196,3.78000006,0.0,3520.0600585704,68.3923658887061,18.4699994328,0.0,5.99999706020473,0.0
1200811031,41.549999196,3.78000006,0.0,3520.0600585704,68.5657161919337,18.4699994328,0.0,9.99999739859365,0.0
1200811036,41.549999196,3.78000006,0.0,3520.0600585704,68.4739453836353,18.4699994328,0.0,12.0000010151668,0.0
1200811041,41.549999196,3.78000006,0.0,3520.0600585704,68.5351259225009,18.4699994328,0.0,6.99999886849128,0.0
1200811045,41.549999196,3.78000006,0.0,3520.0600585704,68.4229561581389,18.4699994328,0.0,24.9999969438628,0.0
1200811050,41.549999196,3.78000006,0.0,3520.0600585704,68.3923658887061,18.4699994328,0.0,36.9999979590295,0.0
1200811055,41.549999196,3.78000006,0.0,3520.0600585704,68.4229561581389,18.4699994328,0.0,40.9999982974184,0.0
1200811059,41.549999196,3.78000006,0.0,3520.0600585704,68.4229561581389,18.4699994328,0.0,36.0000030455003,0.0
1200811064,41.549999196,3.78000006,0.0,3520.0600585704,68.4943361750363,18.4699994328,0.0,20.9999966054739,0.0
1200811068,41.549999196,3.78000006,0.0,3520.0600585704,68.4637459056035,18.4699994328,0.0,18.999999883658,0.0
1200811073,41.549999196,3.78000006,0.0,3520.0600585704,68.4739453836353,18.4699994328,0.0,44.9999986358074,0.0
1200811076,41.549999196,3.78000006,0.0,3520.0600585704,68.4025653667379,18.4699994328,0.0,43.9999968275208,0.0
1200811081,41.549999196,3.78000006,0.0,3520.0600585704,68.5249264444691,18.4699994328,0.0,40.9999982974184,0.0
1200811085,41.549999196,3.78000006,0.0,3520.0600585704,68.5249264444691,18.4699994328,0.0,32.0000027071113,0.0
1200811090,41.549999196,3.78000006,0.0,3520.0600585704,68.3821668642666,18.4699994328,0.0,27.0000005604359,0.0
1200811095,41.549999196,3.78000006,0.0,3520.0600585704,68.4943361750363,18.4699994328,0.0,31.0000008988248,0.0
1200811099,41.549999196,3.78000006,0.0,3520.0600585704,68.5351259225009,18.4699994328,0.0,44.9999986358074,0.0
1200811104,41.549999196,3.78000006,0.0,3520.0600585704,68.4229561581389,18.4699994328,0.0,35.0000012372137,0.0
1200811109,41.549999196,3.78000006,0.0,3520.0600585704,68.4433551142025,18.4699994328,0.0,35.0000012372137,0.0
1200811113,41.549999196,3.78000006,0.0,3520.0600585704,68.4943361750363,18.4699994328,0.0,20.0000016919446,0.0
1200811118,41.549999196,3.78000006,0.0,3520.0600585704,68.4739453836353,18.4699994328,0.0,20.0000016919446,0.0
1200811122,41.549999196,3.78000006,0.0,3520.0600585704,68.5351259225009,18.4699994328,0.0,21.9999984137604,0.0
1200811127,41.549999196,3.78000006,0.0,3520.0600585704,68.4943361750363,18.4699994328,0.0,14.9999995452691,0.0
1200811130,41.549999196,3.78000006,0.0,3520.0600585704,68.4637459056035,18.4699994328,0.0,16.0000013535557,0.0
1200811135,41.549999196,3.78000006,0.0,3520.0600585704,68.6370957552388,18.4699994328,0.0,21.9999984137604,0.0
1200811139,41.549999196,3.78000006,0.0,3520.0600585704,68.5147346775076,18.4699994328,0.0,20.0000016919446,0.0
1200811144,41.549999196,3.78000006,0.0,3520.0600585704,68.4739453836353,18.4699994328,0.0,13.0000028234533,0.0
1200811149,41.549999196,3.78000006,0.0,3520.0600585704,68.4841444080748,18.4699994328,0.0,13.0000028234533,0.0
1200811153,41.549999196,3.78000006,0.0,3520.0600585704,68.4331556361707,18.4699994328,0.0,17.0000031618422,0.0
1200811158,41.549999196,3.78000006,0.0,3520.0600585704,68.4433551142025,18.4699994328,0.0,28.0000023687224,0.0
1200811163,41.549999196,3.78000006,0.0,3520.0600585704,68.4841444080748,18.4699994328,0.0,9.99999739859365,0.0
1200811167,41.549999196,3.78000006,0.0,3520.0600585704,68.5759152163732,18.4699994328,0.0,24.9999969438628,0.0
1200811172,41.549999196,3.78000006,0.0,3520.0600585704,68.4841444080748,18.4699994328,0.0,25.9999987521493,0.0
1200811181,41.549999196,3.78000006,0.0,3520.0600585704,68.4331556361707,18.4699994328,0.0,-10.9999992068802,0.0
1200811184,41.549999196,3.78000006,0.0,3520.0600585704,68.586114694405,18.4699994328,0.0,35.0000012372137,0.0
1200811189,41.549999196,3.78000006,0.0,3520.0600585704,68.4943361750363,18.4699994328,0.0,28.0000023687224,0.0
1200811193,41.549999196,3.78000006,0.0,3520.0600585704,68.4637459056035,18.4699994328,0.0,36.0000030455003,0.0
1200811198,41.549999196,3.78000006,0.0,3520.0600585704,68.4025653667379,18.4699994328,0.0,36.9999979590295,0.0
1200811207,41.549999196,3.78000006,0.0,3520.0600585704,68.4331556361707,18.4699994328,0.0,32.0000027071113,0.0
1200811212,41.549999196,3.78000006,0.0,3520.0600585704,68.5351259225009,18.4699994328,0.0,55.9999978426876,0.0
1200811217,41.549999196,3.78000006,0.0,3520.0600585704,68.341377116802,18.4699994328,0.0,9.00000248506439,0.0
1200811221,41.549999196,3.78000006,0.0,3520.0600585704,68.2598057865354,18.4699994328,0.0,20.9999966054739,0.0
1200811226,41.549999196,3.78000006,0.0,3520.0600585704,68.5147346775076,18.4699994328,0.0,17.9999980753715,0.0
1200811235,41.549999196,3.78000006,0.0,3520.0600585704,68.4433551142025,18.4699994328,0.0,52.9999993125852,0.0
1200811238,41.549999196,3.78000006,0.0,3520.0600585704,68.4637459056035,18.4699994328,0.0,43.0000019139915,0.0
1200811243,41.549999196,3.78000006,0.0,3520.0600585704,68.4025653667379,18.4699994328,0.0,29.9999990905382,0.0
1200811247,41.549999196,3.78000006,0.0,3520.0600585704,68.4433551142025,18.4699994328,0.0,43.0000019139915,0.0
1200811252,41.549999196,3.78000006,0.0,3520.0600585704,68.3923658887061,18.4699994328,0.0,36.0000030455003,0.0
1200811256,41.549999196,3.78000006,0.0,3520.0600585704,68.5657161919337,18.4699994328,0.0,60.999999989363,0.0
1200811261,41.549999196,3.78000006,0.0,3520.0600585704,68.5249264444691,18.4699994328,0.0,50.0000007824828,0.0
1200811266,41.549999196,3.78000006,0.0,3520.0600585704,68.4739453836353,18.4699994328,0.0,20.0000016919446,0.0
1200811271,41.549999196,3.78000006,0.0,3520.0600585704,68.4433551142025,18.4699994328,0.0,36.0000030455003,0.0
1200811275,41.549999196,3.78000006,0.0,3520.0600585704,68.5657161919337,18.4699994328,0.0,44.9999986358074,0.0
1200811280,41.549999196,3.78000006,0.0,3520.0600585704,68.4841444080748,18.4699994328,0.0,23.000000222047,0.0
1200811284,41.549999196,3.78000006,0.0,3520.0600585704,68.4841444080748,18.4699994328,0.0,24.0000020303335,0.0
1200811289,41.549999196,3.78000006,0.0,3520.0600585704,68.5351259225009,18.4699994328,0.0,31.0000008988248,0.0
1200811292,41.549999196,3.78000006,0.0,3520.0600585704,68.4841444080748,18.4699994328,0.0,46.0000004440939,0.0
1200811297,41.549999196,3.78000006,0.0,3520.0600585704,68.5351259225009,18.4699994328,0.0,24.9999969438628,0.0
1200811301,41.549999196,3.78000006,0.0,3520.0600585704,68.5453249469404,18.4699994328,0.0,13.0000028234533,0.0
1200811306,41.549999196,3.78000006,0.0,3520.0600585704,68.5657161919337,18.4699994328,0.0,1.99999672181581,0.0
1200811310,41.549999196,3.78000006,0.0,3520.0600585704,68.5351259225009,18.4699994328,0.0,12.0000010151668,0.0
1200811315,41.549999196,3.78000006,0.0,3520.0600585704,68.5351259225009,18.4699994328,0.0,-5.99999706020473,0.0
1200811320,41.549999196,3.78000006,0.0,3520.0600585704,68.5147346775076,18.4699994328,0.0,-20.0000016919446,0.0
1200811325,41.549999196,3.78000006,0.0,3520.0600585704,68.5351259225009,18.4699994328,0.0,4.00000033838892,0.0
1200811329,41.549999196,3.78000006,0.0,3520.0600585704,68.3821668642666,18.4699994328,0.0,2.99999853010237,0.0
1200811334,41.549999196,3.78000006,0.0,3520.0600585704,68.4229561581389,18.4699994328,0.0,-1.99999672181581,0.0
1200811338,41.549999196,3.78000006,0.0,3520.0600585704,68.4739453836353,18.4699994328,0.0,1.99999672181581,0.0
1200811343,41.549999196,3.78000006,0.0,3520.0600585704,68.4943361750363,18.4699994328,0.0,8.00000067677784,0.0
1200811346,41.549999196,3.78000006,0.0,3520.0600585704,68.4637459056035,18.4699994328,0.0,12.0000010151668,0.0
1200811351,41.549999196,3.78000006,0.0,3520.0600585704,68.6574947113024,18.4699994328,0.0,32.0000027071113,0.0
1200811355,41.549999196,3.78000006,0.0,3520.0600585704,68.5453249469404,18.4699994328,0.0,-1.00000180828655,0.0
1200811360,41.549999196,3.78000006,0.0,3520.0600585704,68.4841444080748,18.4699994328,0.0,9.00000248506439,0.0
1200811364,41.549999196,3.78000006,0.0,3520.0600585704,68.586114694405,18.4699994328,0.0,29.9999990905382,0.0
1200811369,41.549999196,3.78000006,0.0,3520.0600585704,68.5147346775076,18.4699994328,0.0,47.0000022523805,0.0
1200811374,41.549999196,3.78000006,0.0,3520.0600585704,68.5453249469404,18.4699994328,0.0,18.999999883658,0.0
1200811379,41.549999196,3.78000006,0.0,3520.0600585704,68.5453249469404,18.4699994328,0.0,43.0000019139915,0.0
1200811383,41.549999196,3.78000006,0.0,3520.0600585704,68.6574947113024,18.4699994328,0.0,14.9999995452691,0.0
1200811388,41.549999196,3.78000006,0.0,3520.0600585704,68.5453249469404,18.4699994328,0.0,17.9999980753715,0.0
1200811392,41.549999196,3.78000006,0.0,3520.0600585704,68.5147346775076,18.4699994328,0.0,9.99999739859365,0.0
1200811397,41.549999196,3.78000006,0.0,3520.0600585704,68.5147346775076,18.4699994328,0.0,20.0000016919446,0.0
1200811400,41.549999196,3.78000006,0.0,3520.0600585704,68.5147346775076,18.4699994328,0.0,9.00000248506439,0.0
1200811405,41.549999196,3.78000006,0.0,3520.0600585704,68.3821668642666,18.4699994328,0.0,10.9999992068802,0.0
1200811414,41.549999196,3.78000006,0.0,3520.0600585704,68.5249264444691,18.4699994328,0.0,21.9999984137604,0.0
1200811418,41.549999196,3.78000006,0.0,3520.0600585704,68.4637459056035,18.4699994328,0.0,17.0000031618422,0.0
1200811423,41.549999196,3.78000006,0.0,3520.0600585704,68.5657161919337,18.4699994328,0.0,27.0000005604359,0.0
1200811428,41.549999196,3.78000006,0.0,3520.0600585704,68.3821668642666,18.4699994328,0.0,25.9999987521493,0.0
1200811433,41.549999196,3.78000006,0.0,3520.0600585704,68.5657161919337,18.4699994328,0.0,28.9999972822517,0.0
1200811442,41.549999196,3.78000006,0.0,3520.0600585704,68.5453249469404,18.4699994328,0.0,-1.99999672181581,0.0
1200811446,41.549999196,3.78000006,0.0,3520.0600585704,68.4943361750363,18.4699994328,0.0,-13.9999977369826,0.0
1200811451,41.549999196,3.78000006,0.0,3520.0600585704,68.5147346775076,18.4699994328,0.0,1.99999672181581,0.0
1200811454,41.549999196,3.78000006,0.0,3520.0600585704,68.4637459056035,18.4699994328,0.0,13.0000028234533,0.0
1200811459,41.549999196,3.78000006,0.0,3520.0600585704,68.4433551142025,18.4699994328,0.0,5.99999706020473,0.0
1200811463,41.549999196,3.78000006,0.0,3520.0600585704,68.5249264444691,18.4699994328,0.0,-1.00000180828655,0.0
1200811468,41.549999196,3.78000006,0.0,3520.0600585704,68.4841444080748,18.4699994328,0.0,14.9999995452691,0.0
1200811473,41.549999196,3.78000006,0.0,3520.0600585704,68.4637459056035,18.4699994328,0.0,6.99999886849128,0.0
1200811477,41.549999196,3.78000006,0.0,3520.0600585704,68.341377116802,18.4699994328,0.0,18.999999883658,0.0
1200811482,41.549999196,3.78000006,0.0,3520.0600585704,68.4637459056035,18.4699994328,0.0,20.0000016919446,0.0
1200811487,41.549999196,3.78000006,0.0,3520.0600585704,68.4331556361707,18.4699994328,0.0,9.00000248506439,0.0
1200811491,41.549999196,3.78000006,0.0,3520.0600585704,68.4331556361707,18.4699994328,0.0,27.0000005604359,0.0
1200811496,41.549999196,3.78000006,0.0,3520.0600585704,68.3719750973051,18.4699994328,0.0,24.9999969438628,0.0
1200811500,41.549999196,3.78000006,0.0,3520.0600585704,68.5351259225009,18.4699994328,0.0,20.9999966054739,0.0
1200811505,41.549999196,3.78000006,0.0,3520.0600585704,68.4739453836353,18.4699994328,0.0,-1.00000180828655,0.0
1200811508,41.549999196,3.78000006,0.0,3520.0600585704,68.5657161919337,18.4699994328,0.0,20.0000016919446,0.0
1200811513,41.549999196,3.78000006,0.0,3520.0600585704,68.4637459056035,18.4699994328,0.0,13.9999977369826,0.0
1200811517,41.549999196,3.78000006,0.0,3520.0600585704,68.4739453836353,18.4699994328,0.0,17.9999980753715,0.0
1200811522,41.549999196,3.78000006,0.0,3520.0600585704,68.4841444080748,18.4699994328,0.0,-8.00000067677784,0.0
1200811527,41.549999196,3.78000006,0.0,3520.0600585704,68.4637459056035,18.4699994328,0.0,-13.9999977369826,0.0
1200811531,41.549999196,3.78000006,0.0,3520.0600585704,68.5351259225009,18.4699994328,0.0,-17.9999980753715,0.0
1200811536,41.549999196,3.78000006,0.0,3520.0600585704,68.4331556361707,18.4699994328,0.0,1.99999672181581,0.0
1200811541,41.549999196,3.78000006,0.0,3520.0600585704,68.2801965779364,18.4699994328,0.0,6.99999886849128,0.0
1200811545,41.549999196,3.78000006,0.0,3520.0600585704,68.4229561581389,18.4699994328,0.0,-4.00000033838892,0.0
1200811550,41.549999196,3.78000006,0.0,3520.0600585704,68.4025653667379,18.4699994328,0.0,-13.0000028234533,0.0
1200811554,41.549999196,3.78000006,0.0,3520.0600585704,68.4739453836353,18.4699994328,0.0,-17.9999980753715,0.0
1200811559,41.549999196,3.78000006,0.0,3520.0600585704,68.4943361750363,18.4699994328,0.0,-24.0000020303335,0.0
1200811562,41.549999196,3.78000006,0.0,3520.0600585704,68.6167049638378,18.4699994328,0.0,-40.9999982974184,0.0
1200811567,41.549999196,3.78000006,0.0,3520.0600585704,68.5453249469404,18.4699994328,0.0,-5.00000214667547,0.0
1200811571,41.549999196,3.78000006,0.0,3520.0600585704,68.3821668642666,18.4699994328,0.0,10.9999992068802,0.0
1200811576,41.549999196,3.78000006,0.0,3520.0600585704,68.4229561581389,18.4699994328,0.0,6.99999886849128,0.0
1200811581,41.549999196,3.78000006,0.0,3520.0600585704,68.3311858034328,18.4699994328,0.0,1.00000180828655,0.0
1200811585,41.549999196,3.78000006,0.0,3520.0600585704,68.4739453836353,18.4699994328,0.0,1.99999672181581,0.0
1200811590,41.549999196,3.78000006,0.0,3520.0600585704,68.5147346775076,18.4699994328,0.0,5.00000214667547,0.0
1200811595,41.549999196,3.78000006,0.0,3520.0600585704,68.5249264444691,18.4699994328,0.0,24.0000020303335,0.0
1200811599,41.549999196,3.78000006,0.0,3520.0600585704,68.5249264444691,18.4699994328,0.0,4.00000033838892,0.0
1200811604,41.549999196,3.78000006,0.0,3520.0600585704,68.6370957552388,18.4699994328,0.0,-1.99999672181581,0.0
1200811608,41.549999196,3.78000006,0.0,3520.0600585704,68.5147346775076,18.4699994328,0.0,-9.00000248506439,0.0
1200811613,41.549999196,3.78000006,0.0,3520.0600585704,68.4637459056035,18.4699994328,0.0,-21.9999984137604,0.0
1200811621,41.549999196,3.78000006,0.0,3520.0600585704,68.3821668642666,18.4699994328,0.0,12.0000010151668,0.0
1200811625,41.549999196,3.78000006,0.0,3520.0600585704,68.5249264444691,18.4699994328,0.0,-6.99999886849128,0.0
1200811630,41.549999196,3.78000006,0.0,3520.0600585704,68.4637459056035,18.4699994328,0.0,2.99999853010237,0.0
1200811635,41.549999196,3.78000006,0.0,3520.0600585704,68.586114694405,18.4699994328,0.0,-5.99999706020473,0.0
1200811639,41.549999196,3.78000006,0.0,3520.0600585704,68.4841444080748,18.4699994328,0.0,-8.00000067677784,0.0
1200811649,41.549999196,3.78000006,0.0,3520.0600585704,68.4739453836353,18.4699994328,0.0,-5.99999706020473,0.0
1200811653,41.549999196,3.78000006,0.0,3520.0600585704,68.4943361750363,18.4699994328,0.0,14.9999995452691,0.0
1200811658,41.549999196,3.78000006,0.0,3520.0600585704,68.5147346775076,18.4699994328,0.0,33.9999994289272,0.0
1200811662,41.549999196,3.78000006,0.0,3520.0600585704,68.5147346775076,18.4699994328,0.0,6.99999886849128,0.0
1200811667,41.549999196,3.78000006,0.0,3520.0600585704,68.4229561581389,18.4699994328,0.0,-4.00000033838892,0.0
1200811675,41.549999196,3.78000006,0.0,3520.0600585704,68.4841444080748,18.4699994328,0.0,0.0,0.0
1200811679,41.549999196,3.78000006,0.0,3520.0600585704,68.4229561581389,18.4699994328,0.0,24.9999969438628,0.0
1200811684,41.549999196,3.78000006,0.0,3520.0600585704,68.3821668642666,18.4699994328,0.0,17.0000031618422,0.0
1200811689,41.549999196,3.78000006,0.0,3520.0600585704,68.4025653667379,18.4699994328,0.0,14.9999995452691,0.0
1200811693,41.549999196,3.78000006,0.0,3520.0600585704,68.4433551142025,18.4699994328,0.0,2.99999853010237,0.0
1200811698,41.549999196,3.78000006,0.0,3520.0600585704,68.3821668642666,18.4699994328,0.0,46.0000004440939,0.0
1200811703,41.549999196,3.78000006,0.0,3520.0600585704,68.5453249469404,18.4699994328,0.0,33.0000045153979,0.0
1200811707,41.549999196,3.78000006,0.0,3520.0600585704,68.4637459056035,18.4699994328,0.0,33.9999994289272,0.0
1200811712,41.549999196,3.78000006,0.0,3520.0600585704,68.5147346775076,18.4699994328,0.0,10.9999992068802,0.0
1200811716,41.549999196,3.78000006,0.0,3520.0600585704,68.5657161919337,18.4699994328,0.0,31.0000008988248,0.0
1200811721,41.549999196,3.78000006,0.0,3520.0600585704,68.5249264444691,18.4699994328,0.0,60.999999989363,0.0
1200811724,41.549999196,3.78000006,0.0,3520.0600585704,68.3821668642666,18.4699994328,0.0,46.0000004440939,0.0
1200811729,41.549999196,3.78000006,0.0,3520.0600585704,68.4739453836353,18.4699994328,0.0,47.0000022523805,0.0
1200811733,41.549999196,3.78000006,0.0,3520.0600585704,68.4229561581389,18.4699994328,0.0,28.0000023687224,0.0
1200811738,41.549999196,3.78000006,0.0,3520.0600585704,68.4739453836353,18.4699994328,0.0,9.00000248506439,0.0
1200811743,41.549999196,3.78000006,0.0,3520.0600585704,68.5147346775076,18.4699994328,0.0,20.0000016919446,0.0
1200811747,41.549999196,3.78000006,0.0,3520.0600585704,68.5249264444691,18.4699994328,0.0,23.000000222047,0.0
1200811752,41.549999196,3.78000006,0.0,3520.0600585704,68.4025653667379,18.4699994328,0.0,-2.99999853010237,0.0
1200811757,41.549999196,3.78000006,0.0,3520.0600585704,68.4841444080748,18.4699994328,0.0,14.9999995452691,0.0
1200811761,41.549999196,3.78000006,0.0,3520.0600585704,68.5453249469404,18.4699994328,0.0,10.9999992068802,0.0
1200811766,41.549999196,3.78000006,0.0,3520.0600585704,68.4739453836353,18.4699994328,0.0,-13.9999977369826,0.0
1200811770,41.549999196,3.78000006,0.0,3520.0600585704,68.4229561581389,18.4699994328,0.0,-2.99999853010237,0.0
1200811775,41.549999196,3.78000006,0.0,3520.0600585704,68.5351259225009,18.4699994328,0.0,-20.0000016919446,0.0
1200811778,41.549999196,3.78000006,0.0,3520.0600585704,68.4739453836353,18.4699994328,0.0,-10.9999992068802,0.0
1200811783,41.549999196,3.78000006,0.0,3520.0600585704,68.4841444080748,18.4699994328,0.0,-18.999999883658,0.0
1200811787,41.549999196,3.78000006,0.0,3520.0600585704,68.4943361750363,18.4699994328,0.0,-9.99999739859365,0.0
1200811792,41.549999196,3.78000006,0.0,3520.0600585704,68.4739453836353,18.4699994328,0.0,4.00000033838892,0.0
1200811797,41.549999196,3.78000006,0.0,3520.0600585704,68.4025653667379,18.4699994328,0.0,-13.0000028234533,0.0
1200811801,41.549999196,3.78000006,0.0,3520.0600585704,68.5759152163732,18.4699994328,0.0,2.99999853010237,0.0
1200811806,41.549999196,3.78000006,0.0,3520.0600585704,68.4637459056035,18.4699994328,0.0,17.0000031618422,0.0
1200811811,41.549999196,3.78000006,0.0,3520.0600585704,68.4739453836353,18.4699994328,0.0,36.0000030455003,0.0
1200811815,41.549999196,3.78000006,0.0,3520.0600585704,68.4433551142025,18.4699994328,0.0,13.0000028234533,0.0
1200811820,41.549999196,3.78000006,0.0,3520.0600585704,68.5351259225009,18.4699994328,0.0,13.0000028234533,0.0
1200811824,41.549999196,3.78000006,0.0,3520.0600585704,68.5249264444691,18.4699994328,0.0,5.00000214667547,0.0
1200811829,41.549999196,3.78000006,0.0,3520.0600585704,68.5657161919337,18.4699994328,0.0,10.9999992068802,0.0
1200811832,41.549999196,3.78000006,0.0,3520.0600585704,68.4637459056035,18.4699994328,0.0,8.00000067677784,0.0
1200811837,41.549999196,3.78000006,0.0,3520.0600585704,68.4331556361707,18.4699994328,0.0,10.9999992068802,0.0
1200811841,41.549999196,3.78000006,0.0,3520.0600585704,68.4433551142025,18.4699994328,0.0,18.999999883658,0.0
1200811846,41.549999196,3.78000006,0.0,3520.0600585704,68.5759152163732,18.4699994328,0.0,-5.99999706020473,0.0
1200811855,41.549999196,3.78000006,0.0,3520.0600585704,68.4739453836353,18.4699994328,0.0,4.00000033838892,0.0
1200811860,41.549999196,3.78000006,0.0,3520.0600585704,68.5351259225009,18.4699994328,0.0,-10.9999992068802,0.0
1200811865,41.549999196,3.78000006,0.0,3520.0600585704,68.5147346775076,18.4699994328,0.0,-1.99999672181581,0.0
1200811869,41.549999196,3.78000006,0.0,3520.0600585704,68.4943361750363,18.4699994328,0.0,-16.0000013535557,0.0
1200811874,41.549999196,3.78000006,0.0,3520.0600585704,68.4943361750363,18.4699994328,0.0,-23.000000222047,0.0
1200811883,41.549999196,3.78000006,0.0,3520.0600585704,68.5657161919337,18.4699994328,0.0,-14.9999995452691,0.0
1200811886,41.549999196,3.78000006,0.0,3520.0600585704,68.4637459056035,18.4699994328,0.0,-12.0000010151668,0.0
1200811891,41.549999196,3.78000006,0.0,3520.0600585704,68.4943361750363,18.4699994328,0.0,-9.99999739859365,0.0
1200811895,41.549999196,3.78000006,0.0,3520.0600585704,68.341377116802,18.4699994328,0.0,-5.00000214667547,0.0
1200811900,41.549999196,3.78000006,0.0,3520.0600585704,68.4841444080748,18.4699994328,0.0,0.0,0.0
1200811909,41.549999196,3.78000006,0.0,3520.0600585704,68.3515765948338,18.4699994328,0.0,-1.99999672181581,0.0
1200811914,41.549999196,3.78000006,0.0,3520.0600585704,68.5351259225009,18.4699994328,0.0,-14.9999995452691,0.0
1200811919,41.549999196,3.78000006,0.0,3520.0600585704,68.4331556361707,18.4699994328,0.0,13.0000028234533,0.0
1200811923,41.549999196,3.78000006,0.0,3520.0600585704,68.3515765948338,18.4699994328,0.0,5.00000214667547,0.0
1200811928,41.549999196,3.78000006,0.0,3520.0600585704,68.4025653667379,18.4699994328,0.0,24.9999969438628,0.0
1200811932,41.549999196,3.78000006,0.0,3520.0600585704,68.4739453836353,18.4699994328,0.0,21.9999984137604,0.0
1200811937,41.549999196,3.78000006,0.0,3520.0600585704,68.4943361750363,18.4699994328,0.0,1.00000180828655,0.0
1200811940,41.549999196,3.78000006,0.0,3520.0600585704,68.5351259225009,18.4699994328,0.0,-12.0000010151668,0.0
1200811945,41.549999196,3.78000006,0.0,3520.0600585704,68.3821668642666,18.4699994328,0.0,12.0000010151668,0.0
1200811949,41.549999196,3.78000006,0.0,3520.0600585704,68.4739453836353,18.4699994328,0.0,20.0000016919446,0.0
1200811954,41.549999196,3.78000006,0.0,3520.0600585704,68.4433551142025,18.4699994328,0.0,-1.99999672181581,0.0
1200811958,41.549999196,3.78000006,0.0,3520.0600585704,68.4025653667379,18.4699994328,0.0,13.0000028234533,0.0
1200811963,41.549999196,3.78000006,0.0,3520.0600585704,68.5249264444691,18.4699994328,0.0,33.0000045153979,0.0
1200811968,41.549999196,3.78000006,0.0,3520.0600585704,68.5453249469404,18.4699994328,0.0,12.0000010151668,0.0
1200811973,41.549999196,3.78000006,0.0,3520.0600585704,68.4229561581389,18.4699994328,0.0,24.0000020303335,0.0
1200811977,41.549999196,3.78000006,0.0,3520.0600585704,68.5249264444691,18.4699994328,0.0,23.000000222047,0.0
1200811982,41.549999196,3.78000006,0.0,3520.0600585704,68.4943361750363,18.4699994328,0.0,5.99999706020473,0.0
1200811986,41.549999196,3.78000006,0.0,3520.0600585704,68.4433551142025,18.4699994328,0.0,25.9999987521493,0.0
1200811991,41.549999196,3.78000006,0.0,3520.0600585704,68.4229561581389,18.4699994328,0.0,31.0000008988248,0.0
1200811994,41.549999196,3.78000006,0.0,3520.0600585704,68.4637459056035,18.4699994328,0.0,5.00000214667547,0.0
1200811999,41.549999196,3.78000006,0.0,3520.0600585704,68.4943361750363,18.4699994328,0.0,40.0000033838892,0.0
1200812003,41.549999196,3.78000006,0.0,3520.0600585704,68.5351259225009,18.4699994328,0.0,33.0000045153979,0.0
1200812008,41.549999196,3.78000006,0.0,3520.0600585704,68.4943361750363,18.4699994328,0.0,28.0000023687224,0.0
1200812012,41.549999196,3.78000006,0.0,3520.0600585704,68.4841444080748,18.4699994328,0.0,13.9999977369826,0.0
1200812017,41.549999196,3.78000006,0.0,3520.0600585704,68.4433551142025,18.4699994328,0.0,42.000000105705,0.0
1200812022,41.549999196,3.78000006,0.0,3520.0600585704,68.4025653667379,18.4699994328,0.0,28.0000023687224,0.0
1200812027,41.549999196,3.78000006,0.0,3520.0600585704,68.5249264444691,18.4699994328,0.0,24.9999969438628,0.0
1200812031,41.549999196,3.78000006,0.0,3520.0600585704,68.5453249469404,18.4699994328,0.0,14.9999995452691,0.0
1200812036,41.549999196,3.78000006,0.0,3520.0600585704,68.5351259225009,18.4699994328,0.0,27.0000005604359,0.0
1200812040,41.549999196,3.78000006,0.0,3520.0600585704,68.4739453836353,18.4699994328,0.0,21.9999984137604,0.0
1200812045,41.549999196,3.78000006,0.0,3520.0600585704,68.4943361750363,18.4699994328,0.0,20.9999966054739,0.0
1200812048,41.549999196,3.78000006,0.0,3520.0600585704,68.3923658887061,18.4699994328,0.0,21.9999984137604,0.0
1200812053,41.549999196,3.78000006,0.0,3520.0600585704,68.4331556361707,18.4699994328,0.0,10.9999992068802,0.0
1200812057,41.549999196,3.78000006,0.0,3520.0600585704,68.4433551142025,18.4699994328,0.0,24.0000020303335,0.0
1200812062,41.549999196,3.78000006,0.0,3520.0600585704,68.3923658887061,18.4699994328,0.0,10.9999992068802,0.0
1200812066,41.549999196,3.78000006,0.0,3520.0600585704,68.5453249469404,18.4699994328,0.0,24.0000020303335,0.0
1200812071,41.549999196,3.78000006,0.0,3520.0600585704,68.5249264444691,18.4699994328,0.0,9.99999739859365,0.0
1200812076,41.549999196,3.78000006,0.0,3520.0600585704,68.5657161919337,18.4699994328,0.0,31.0000008988248,0.0
1200812081,41.549999196,3.78000006,0.0,3520.0600585704,68.4841444080748,18.4699994328,0.0,13.0000028234533,0.0
1200812090,41.549999196,3.78000006,0.0,3520.0600585704,68.6167049638378,18.4699994328,0.0,28.0000023687224,0.0
1200812094,41.549999196,3.78000006,0.0,3520.0600585704,68.4637459056035,18.4699994328,0.0,24.9999969438628,0.0
1200812099,41.549999196,3.78000006,0.0,3520.0600585704,68.5453249469404,18.4699994328,0.0,35.0000012372137,0.0
1200812102,41.549999196,3.78000006,0.0,3520.0600585704,68.5759152163732,18.4699994328,0.0,12.0000010151668,0.0
1200812107,41.549999196,3.78000006,0.0,3520.0600585704,68.5657161919337,18.4699994328,0.0,28.0000023687224,0.0
1200812116,41.549999196,3.78000006,0.0,3520.0600585704,68.4739453836353,18.4699994328,0.0,-6.99999886849128,0.0
1200812120,41.549999196,3.78000006,0.0,3520.0600585704,68.4739453836353,18.4699994328,0.0,24.0000020303335,0.0
1200812125,41.549999196,3.78000006,0.0,3520.0600585704,68.5147346775076,18.4699994328,0.0,43.9999968275208,0.0
1200812130,41.549999196,3.78000006,0.0,3520.0600585704,68.3821668642666,18.4699994328,0.0,62.0000017976496,0.0
1200812135,41.549999196,3.78000006,0.0,3520.0600585704,68.4841444080748,18.4699994328,0.0,67.0000039443251,0.0
1200812139,41.549999196,3.78000006,0.0,3520.0600585704,68.4739453836353,18.4699994328,0.0,55.9999978426876,0.0
1200812144,41.549999196,3.78000006,0.0,3520.0600585704,68.4433551142025,18.4699994328,0.0,33.9999994289272,0.0
1200812148,41.549999196,3.78000006,0.0,3520.0600585704,68.5453249469404,18.4699994328,0.0,50.0000007824828,0.0
1200812153,41.549999196,3.78000006,0.0,3520.0600585704,68.4229561581389,18.4699994328,0.0,72.0000060910005,0.0
1200812156,41.549999196,3.78000006,0.0,3520.0600585704,68.4943361750363,18.4699994328,0.0,56.9999996509741,0.0
1200812161,41.549999196,3.78000006,0.0,3520.0600585704,68.2801965779364,18.4699994328,0.0,63.9999985194654,0.0
1200812165,41.549999196,3.78000006,0.0,3520.0600585704,68.4433551142025,18.4699994328,0.0,65.0000003277519,0.0
1200812170,41.549999196,3.78000006,0.0,3520.0600585704,68.3719750973051,18.4699994328,0.0,48.9999989741963,0.0
1200812175,41.549999196,3.78000006,0.0,3520.0600585704,68.4433551142025,18.4699994328,0.0,58.0000014592607,0.0
1200812179,41.549999196,3.78000006,0.0,3520.0600585704,68.5147346775076,18.4699994328,0.0,50.9999956960121,0.0
1200812184,41.549999196,3.78000006,0.0,3520.0600585704,68.4433551142025,18.4699994328,0.0,24.0000020303335,0.0
1200812189,41.549999196,3.78000006,0.0,3520.0600585704,68.5657161919337,18.4699994328,0.0,33.0000045153979,0.0
1200812193,41.549999196,3.78000006,0.0,3520.0600585704,68.4841444080748,18.4699994328,0.0,36.9999979590295,0.0
1200812198,41.549999196,3.78000006,0.0,3520.0600585704,68.3821668642666,18.4699994328,0.0,37.9999997673161,0.0
1200812202,41.549999196,3.78000006,0.0,3520.0600585704,68.4739453836353,18.4699994328,0.0,24.9999969438628,0.0
1200812207,41.549999196,3.78000006,0.0,3520.0600585704,68.4841444080748,18.4699994328,0.0,24.9999969438628,0.0
1200812210,41.549999196,3.78000006,0.0,3520.0600585704,68.5351259225009,18.4699994328,0.0,42.000000105705,0.0
1200812215,41.549999196,3.78000006,0.0,3520.0600585704,68.4841444080748,18.4699994328,0.0,28.0000023687224,0.0
1200812219,41.549999196,3.78000006,0.0,3520.0600585704,68.4331556361707,18.4699994328,0.0,23.000000222047,0.0
1200812224,41.549999196,3.78000006,0.0,3520.0600585704,68.4229561581389,18.4699994328,0.0,9.00000248506439,0.0
1200812229,41.549999196,3.78000006,0.0,3520.0600585704,68.4841444080748,18.4699994328,0.0,0.0,0.0
1200812233,41.549999196,3.78000006,0.0,3520.0600585704,68.4739453836353,18.4699994328,0.0,-1.00000180828655,0.0
1200812238,41.549999196,3.78000006,0.0,3520.0600585704,68.4943361750363,18.4699994328,0.0,-9.99999739859365,0.0
1200812243,41.549999196,3.78000006,0.0,3520.0600585704,68.6167049638378,18.4699994328,0.0,-13.9999977369826,0.0
1200812247,41.549999196,3.78000006,0.0,3520.0600585704,68.5249264444691,18.4699994328,0.0,8.00000067677784,0.0
1200812252,41.549999196,3.78000006,0.0,3520.0600585704,68.4637459056035,18.4699994328,0.0,14.9999995452691,0.0
1200812256,41.549999196,3.78000006,0.0,3520.0600585704,68.5351259225009,18.4699994328,0.0,25.9999987521493,0.0
1200812261,41.549999196,3.78000006,0.0,3520.0600585704,68.5147346775076,18.4699994328,0.0,17.9999980753715,0.0
1200812264,41.549999196,3.78000006,0.0,3520.0600585704,68.4841444080748,18.4699994328,0.0,10.9999992068802,0.0
1200812269,41.549999196,3.78000006,0.0,3520.0600585704,68.6676860246716,18.4699994328,0.0,-4.00000033838892,0.0
1200812273,41.549999196,3.78000006,0.0,3520.0600585704,68.5351259225009,18.4699994328,0.0,-9.00000248506439,0.0
1200812278,41.549999196,3.78000006,0.0,3520.0600585704,68.5249264444691,18.4699994328,0.0,20.0000016919446,0.0
1200812283,41.549999196,3.78000006,0.0,3520.0600585704,68.4637459056035,18.4699994328,0.0,33.0000045153979,0.0
1200812287,41.549999196,3.78000006,0.0,3520.0600585704,68.3923658887061,18.4699994328,0.0,9.99999739859365,0.0
1200812297,41.549999196,3.78000006,0.0,3520.0600585704,68.5453249469404,18.4699994328,0.0,14.9999995452691,0.0
1200812301,41.549999196,3.78000006,0.0,3520.0600585704,68.5453249469404,18.4699994328,0.0,31.0000008988248,0.0
1200812306,41.549999196,3.78000006,0.0,3520.0600585704,68.4841444080748,18.4699994328,0.0,10.9999992068802,0.0
1200812310,41.549999196,3.78000006,0.0,3520.0600585704,68.5249264444691,18.4699994328,0.0,17.0000031618422,0.0
1200812315,41.549999196,3.78000006,0.0,3520.0600585704,68.5351259225009,18.4699994328,0.0,23.000000222047,0.0
1200812323,41.549999196,3.78000006,0.0,3520.0600585704,68.5147346775076,18.4699994328,0.0,25.9999987521493,0.0
1200812327,41.549999196,3.78000006,0.0,3520.0600585704,68.4433551142025,18.4699994328,0.0,13.9999977369826,0.0
1200812332,41.549999196,3.78000006,0.0,3520.0600585704,68.4637459056035,18.4699994328,0.0,28.9999972822517,0.0
1200812337,41.549999196,3.78000006,0.0,3520.0600585704,68.5759152163732,18.4699994328,0.0,20.0000016919446,0.0
1200812341,41.549999196,3.78000006,0.0,3520.0600585704,68.4433551142025,18.4699994328,0.0,28.0000023687224,0.0
1200812351,41.549999196,3.78000006,0.0,3520.0600585704,68.4229561581389,18.4699994328,0.0,13.9999977369826,0.0
1200812355,41.549999196,3.78000006,0.0,3520.0600585704,68.3923658887061,18.4699994328,0.0,23.000000222047,0.0
1200812360,41.549999196,3.78000006,0.0,3520.0600585704,68.4331556361707,18.4699994328,0.0,10.9999992068802,0.0
1200812364,41.549999196,3.78000006,0.0,3520.0600585704,68.4229561581389,18.4699994328,0.0,5.00000214667547,0.0
1200812369,41.549999196,3.78000006,0.0,3520.0600585704,68.4739453836353,18.4699994328,0.0,20.0000016919446,0.0
1200812372,41.549999196,3.78000006,0.0,3520.0600585704,68.4331556361707,18.4699994328,0.0,1.00000180828655,0.0
1200812377,41.549999196,3.78000006,0.0,3520.0600585704,68.4739453836353,18.4699994328,0.0,16.0000013535557,0.0
1200812381,41.549999196,3.78000006,0.0,3520.0600585704,68.4841444080748,18.4699994328,0.0,13.9999977369826,0.0
1200812386,41.549999196,3.78000006,0.0,3520.0600585704,68.4637459056035,18.4699994328,0.0,12.0000010151668,0.0
1200812391,41.549999196,3.78000006,0.0,3520.0600585704,68.5351259225009,18.4699994328,0.0,2.99999853010237,0.0
1200812395,41.549999196,3.78000006,0.0,3520.0600585704,68.5351259225009,18.4699994328,0.0,4.00000033838892,0.0
1200812400,41.549999196,3.78000006,0.0,3520.0600585704,68.4229561581389,18.4699994328,0.0,5.00000214667547,0.0
1200812405,41.549999196,3.78000006,0.0,3520.0600585704,68.2598057865354,18.4699994328,0.0,-9.00000248506439,0.0
1200812409,41.549999196,3.78000006,0.0,3520.0600585704,68.4637459056035,18.4699994328,0.0,-5.00000214667547,0.0
1200812414,41.549999196,3.78000006,0.0,3520.0600585704,68.4229561581389,18.4699994328,0.0,17.9999980753715,0.0
1200812418,41.549999196,3.78000006,0.0,3520.0600585704,68.4331556361707,18.4699994328,0.0,-8.00000067677784,0.0
1200812423,41.549999196,3.78000006,0.0,3520.0600585704,68.4433551142025,18.4699994328,0.0,1.99999672181581,0.0
1200812426,41.549999196,3.78000006,0.0,3520.0600585704,68.5657161919337,18.4699994328,0.0,-6.99999886849128,0.0
1200812431,41.549999196,3.78000006,0.0,3520.0600585704,68.4943361750363,18.4699994328,0.0,12.0000010151668,0.0
1200812435,41.549999196,3.78000006,0.0,3520.0600585704,68.6269044418696,18.4699994328,0.0,5.99999706020473,0.0
1200812440,41.549999196,3.78000006,0.0,3520.0600585704,68.4943361750363,18.4699994328,0.0,-9.00000248506439,0.0
1200812445,41.549999196,3.78000006,0.0,3520.0600585704,68.4331556361707,18.4699994328,0.0,-1.99999672181581,0.0
1200812449,41.549999196,3.78000006,0.0,3520.0600585704,68.5351259225009,18.4699994328,0.0,-16.0000013535557,0.0
1200812454,41.549999196,3.78000006,0.0,3520.0600585704,68.4739453836353,18.4699994328,0.0,1.99999672181581,0.0
1200812459,41.549999196,3.78000006,0.0,3520.0600585704,68.5351259225009,18.4699994328,0.0,33.9999994289272,0.0
1200812463,41.549999196,3.78000006,0.0,3520.0600585704,68.4433551142025,18.4699994328,0.0,21.9999984137604,0.0
1200812468,41.549999196,3.78000006,0.0,3520.0600585704,68.4739453836353,18.4699994328,0.0,-1.99999672181581,0.0
1200812472,41.549999196,3.78000006,0.0,3520.0600585704,68.341377116802,18.4699994328,0.0,-23.000000222047,0.0
1200812477,41.549999196,3.78000006,0.0,3520.0600585704,68.4433551142025,18.4699994328,0.0,-8.00000067677784,0.0
1200812480,41.549999196,3.78000006,0.0,3520.0600585704,68.4739453836353,18.4699994328,0.0,-5.99999706020473,0.0
1200812485,41.549999196,3.78000006,0.0,3520.0600585704,68.4229561581389,18.4699994328,0.0,-10.9999992068802,0.0
1200812489,41.549999196,3.78000006,0.0,3520.0600585704,68.4229561581389,18.4699994328,0.0,-4.00000033838892,0.0
1200812494,41.549999196,3.78000006,0.0,3520.0600585704,68.4637459056035,18.4699994328,0.0,-20.9999966054739,0.0
1200812499,41.549999196,3.78000006,0.0,3520.0600585704,68.4331556361707,18.4699994328,0.0,24.9999969438628,0.0
1200812503,41.549999196,3.78000006,0.0,3520.0600585704,68.4229561581389,18.4699994328,0.0,1.00000180828655,0.0
1200812508,41.549999196,3.78000006,0.0,3520.0600585704,68.4841444080748,18.4699994328,0.0,5.99999706020473,0.0
1200812513,41.549999196,3.78000006,0.0,3520.0600585704,68.4433551142025,18.4699994328,0.0,9.99999739859365,0.0
1200812517,41.549999196,3.78000006,0.0,3520.0600585704,68.4229561581389,18.4699994328,0.0,9.99999739859365,0.0
1200812522,41.549999196,3.78000006,0.0,3520.0600585704,68.5147346775076,18.4699994328,0.0,51.9999975042986,0.0
1200812531,41.549999196,3.78000006,0.0,3520.0600585704,68.3923658887061,18.4699994328,0.0,24.0000020303335,0.0
1200812534,41.549999196,3.78000006,0.0,3520.0600585704,68.4229561581389,18.4699994328,0.0,44.9999986358074,0.0
1200812539,41.549999196,3.78000006,0.0,3520.0600585704,68.5759152163732,18.4699994328,0.0,20.9999966054739,0.0
1200812543,41.549999196,3.78000006,0.0,3520.0600585704,68.5249264444691,18.4699994328,0.0,33.0000045153979,0.0
1200812548,41.549999196,3.78000006,0.0,3520.0600585704,68.5147346775076,18.4699994328,0.0,13.0000028234533,0.0
1200812557,41.549999196,3.78000006,0.0,3520.0600585704,68.4025653667379,18.4699994328,0.0,29.9999990905382,0.0
1200812562,41.549999196,3.78000006,0.0,3520.0600585704,68.4637459056035,18.4699994328,0.0,14.9999995452691,0.0
1200812567,41.549999196,3.78000006,0.0,3520.0600585704,68.4433551142025,18.4699994328,0.0,25.9999987521493,0.0
1200812571,41.549999196,3.78000006,0.0,3520.0600585704,68.4331556361707,18.4699994328,0.0,27.0000005604359,0.0
1200812576,41.549999196,3.78000006,0.0,3520.0600585704,68.3923658887061,18.4699994328,0.0,21.9999984137604,0.0
1200812585,41.549999196,3.78000006,0.0,3520.0600585704,68.3923658887061,18.4699994328,0.0,5.00000214667547,0.0
1200812588,41.549999196,3.78000006,0.0,3520.0600585704,68.3719750973051,18.4699994328,0.0,14.9999995452691,0.0
1200812593,41.549999196,3.78000006,0.0,3520.0600585704,68.4433551142025,18.4699994328,0.0,23.000000222047,0.0
1200812597,41.549999196,3.78000006,0.0,3520.0600585704,68.4943361750363,18.4699994328,0.0,40.0000033838892,0.0
1200812602,41.549999196,3.78000006,0.0,3520.0600585704,68.4433551142025,18.4699994328,0.0,36.9999979590295,0.0
1200812606,41.549999196,3.78000006,0.0,3520.0600585704,68.4025653667379,18.4699994328,0.0,14.9999995452691,0.0
1200812611,41.549999196,3.78000006,0.0,3520.0600585704,68.5351259225009,18.4699994328,0.0,20.9999966054739,0.0
1200812616,41.549999196,3.78000006,0.0,3520.0600585704,68.5657161919337,18.4699994328,0.0,14.9999995452691,0.0
1200812621,41.549999196,3.78000006,0.0,3520.0600585704,68.5351259225009,18.4699994328,0.0,27.0000005604359,0.0
1200812625,41.549999196,3.78000006,0.0,3520.0600585704,68.4331556361707,18.4699994328,0.0,32.0000027071113,0.0
1200812630,41.549999196,3.78000006,0.0,3520.0600585704,68.5351259225009,18.4699994328,0.0,33.0000045153979,0.0
1200812634,41.549999196,3.78000006,0.0,3520.0600585704,68.5249264444691,18.4699994328,0.0,4.00000033838892,0.0
1200812639,41.549999196,3.78000006,0.0,3520.0600585704,68.6269044418696,18.4699994328,0.0,20.9999966054739,0.0
1200812642,41.549999196,3.78000006,0.0,3520.0600585704,68.4331556361707,18.4699994328,0.0,21.9999984137604,0.0
1200812647,41.549999196,3.78000006,0.0,3520.0600585704,68.4739453836353,18.4699994328,0.0,12.0000010151668,0.0
1200812651,41.549999196,3.78000006,0.0,3520.0600585704,68.4943361750363,18.4699994328,0.0,8.00000067677784,0.0
1200812656,41.549999196,3.78000006,0.0,3520.0600585704,68.4841444080748,18.4699994328,0.0,-10.9999992068802,0.0
1200812660,41.549999196,3.78000006,0.0,3520.0600585704,68.4739453836353,18.4699994328,0.0,-1.00000180828655,0.0
1200812665,41.549999196,3.78000006,0.0,3520.0600585704,68.586114694405,18.4699994328,0.0,-13.9999977369826,0.0
1200812670,41.549999196,3.78000006,0.0,3520.0600585704,68.4739453836353,18.4699994328,0.0,-9.99999739859365,0.0
1200812675,41.549999196,3.78000006,0.0,3520.0600585704,68.5147346775076,18.4699994328,0.0,-16.0000013535557,0.0
1200812679,41.549999196,3.78000006,0.0,3520.0600585704,68.4943361750363,18.4699994328,0.0,9.00000248506439,0.0
1200812684,41.549999196,3.78000006,0.0,3520.0600585704,68.5351259225009,18.4699994328,0.0,5.99999706020473,0.0
1200812688,41.549999196,3.78000006,0.0,3520.0600585704,68.5453249469404,18.4699994328,0.0,21.9999984137604,0.0
1200812693,41.549999196,3.78000006,0.0,3520.0600585704,68.4637459056035,18.4699994328,0.0,10.9999992068802,0.0
1200812696,41.549999196,3.78000006,0.0,3520.0600585704,68.4739453836353,18.4699994328,0.0,13.0000028234533,0.0
1200812701,41.549999196,3.78000006,0.0,3520.0600585704,68.4637459056035,18.4699994328,0.0,6.99999886849128,0.0
1200812705,41.549999196,3.78000006,0.0,3520.0600585704,68.4841444080748,18.4699994328,0.0,8.00000067677784,0.0
1200812710,41.549999196,3.78000006,0.0,3520.0600585704,68.4841444080748,18.4699994328,0.0,21.9999984137604,0.0
1200812714,41.549999196,3.78000006,0.0,3520.0600585704,68.4433551142025,18.4699994328,0.0,27.0000005604359,0.0
1200812719,41.549999196,3.78000006,0.0,3520.0600585704,68.4025653667379,18.4699994328,0.0,9.00000248506439,0.0
1200812724,41.549999196,3.78000006,0.0,3520.0600585704,68.5759152163732,18.4699994328,0.0,27.0000005604359,0.0
1200812729,41.549999196,3.78000006,0.0,3520.0600585704,68.5657161919337,18.4699994328,0.0,50.9999956960121,0.0
1200812733,41.549999196,3.78000006,0.0,3520.0600585704,68.4841444080748,18.4699994328,0.0,55.0000029291583,0.0
1200812738,41.549999196,3.78000006,0.0,3520.0600585704,68.4841444080748,18.4699994328,0.0,42.000000105705,0.0
1200812742,41.549999196,3.78000006,0.0,3520.0600585704,68.586114694405,18.4699994328,0.0,1.00000180828655,0.0
1200812747,41.549999196,3.78000006,0.0,3520.0600585704,68.4637459056035,18.4699994328,0.0,23.000000222047,0.0
1200812750,41.549999196,3.78000006,0.0,3520.0600585704,68.4433551142025,18.4699994328,0.0,44.9999986358074,0.0
1200812755,41.549999196,3.78000006,0.0,3520.0600585704,68.4841444080748,18.4699994328,0.0,40.9999982974184,0.0
1200812764,41.549999196,3.78000006,0.0,3520.0600585704,68.606505485806,18.4699994328,0.0,12.0000010151668,0.0
1200812768,41.549999196,3.78000006,0.0,3520.0600585704,68.606505485806,18.4699994328,0.0,17.0000031618422,0.0
1200812773,41.549999196,3.78000006,0.0,3520.0600585704,68.5249264444691,18.4699994328,0.0,21.9999984137604,0.0
1200812778,41.549999196,3.78000006,0.0,3520.0600585704,68.4943361750363,18.4699994328,0.0,24.9999969438628,0.0
1200812783,41.549999196,3.78000006,0.0,3520.0600585704,68.4637459056035,18.4699994328,0.0,27.0000005604359,0.0
1200812792,41.549999196,3.78000006,0.0,3520.0600585704,68.4433551142025,18.4699994328,0.0,33.0000045153979,0.0
1200812796,41.549999196,3.78000006,0.0,3520.0600585704,68.4229561581389,18.4699994328,0.0,27.0000005604359,0.0
1200812801,41.549999196,3.78000006,0.0,3520.0600585704,68.4841444080748,18.4699994328,0.0,28.0000023687224,0.0
1200812804,41.549999196,3.78000006,0.0,3520.0600585704,68.5351259225009,18.4699994328,0.0,17.9999980753715,0.0
1200812809,41.549999196,3.78000006,0.0,3520.0600585704,68.606505485806,18.4699994328,0.0,10.9999992068802,0.0
1200812813,41.549999196,3.78000006,0.0,3520.0600585704,68.5147346775076,18.4699994328,0.0,24.0000020303335,0.0
1200812818,41.549999196,3.78000006,0.0,3520.0600585704,68.4331556361707,18.4699994328,0.0,28.9999972822517,0.0
1200812823,41.549999196,3.78000006,0.0,3520.0600585704,68.586114694405,18.4699994328,0.0,25.9999987521493,0.0
1200812827,41.549999196,3.78000006,0.0,3520.0600585704,68.586114694405,18.4699994328,0.0,9.99999739859365,0.0
1200812832,41.549999196,3.78000006,0.0,3520.0600585704,68.4739453836353,18.4699994328,0.0,17.9999980753715,0.0
1200812837,41.549999196,3.78000006,0.0,3520.0600585704,68.5351259225009,18.4699994328,0.0,31.0000008988248,0.0
1200812841,41.549999196,3.78000006,0.0,3520.0600585704,68.5249264444691,18.4699994328,0.0,24.0000020303335,0.0
1200812846,41.549999196,3.78000006,0.0,3520.0600585704,68.4943361750363,18.4699994328,0.0,31.0000008988248,0.0
1200812850,41.549999196,3.78000006,0.0,3520.0600585704,68.4739453836353,18.4699994328,0.0,33.9999994289272,0.0
1200812855,41.549999196,3.78000006,0.0,3520.0600585704,68.4739453836353,18.4699994328,0.0,31.0000008988248,0.0
1200812858,41.549999196,3.78000006,0.0,3520.0600585704,68.5249264444691,18.4699994328,0.0,17.0000031618422,0.0
1200812863,41.549999196,3.78000006,0.0,3520.0600585704,68.3821668642666,18.4699994328,0.0,12.0000010151668,0.0
1200812867,41.549999196,3.78000006,0.0,3520.0600585704,68.5147346775076,18.4699994328,0.0,-1.99999672181581,0.0
1200812872,41.549999196,3.78000006,0.0,3520.0600585704,68.4943361750363,18.4699994328,0.0,10.9999992068802,0.0
1200812877,41.549999196,3.78000006,0.0,3520.0600585704,68.4739453836353,18.4699994328,0.0,6.99999886849128,0.0
1200812881,41.549999196,3.78000006,0.0,3520.0600585704,68.4433551142025,18.4699994328,0.0,-4.00000033838892,0.0
1200812886,41.549999196,3.78000006,0.0,3520.0600585704,68.3311858034328,18.4699994328,0.0,4.00000033838892,0.0
1200812891,41.549999196,3.78000006,0.0,3520.0600585704,68.4637459056035,18.4699994328,0.0,23.000000222047,0.0
1200812895,41.549999196,3.78000006,0.0,3520.0600585704,68.5249264444691,18.4699994328,0.0,8.00000067677784,0.0
1200812900,41.549999196,3.78000006,0.0,3520.0600585704,68.4739453836353,18.4699994328,0.0,-5.99999706020473,0.0
1200812904,41.549999196,3.78000006,0.0,3520.0600585704,68.606505485806,18.4699994328,0.0,1.99999672181581,0.0
1200812909,41.549999196,3.78000006,0.0,3520.0600585704,68.6574947113024,18.4699994328,0.0,-17.0000031618422,0.0
1200812912,41.549999196,3.78000006,0.0,3520.0600585704,68.4739453836353,18.4699994328,0.0,4.00000033838892,0.0
1200812917,41.549999196,3.78000006,0.0,3520.0600585704,68.5351259225009,18.4699994328,0.0,-5.99999706020473,0.0
1200812921,41.549999196,3.78000006,0.0,3520.0600585704,68.5657161919337,18.4699994328,0.0,1.99999672181581,0.0
1200812926,41.549999196,3.78000006,0.0,3520.0600585704,68.5249264444691,18.4699994328,0.0,-2.99999853010237,0.0
1200812931,41.549999196,3.78000006,0.0,3520.0600585704,68.5147346775076,18.4699994328,0.0,9.99999739859365,0.0
1200812935,41.549999196,3.78000006,0.0,3520.0600585704,68.4637459056035,18.4699994328,0.0,28.0000023687224,0.0
1200812940,41.549999196,3.78000006,0.0,3520.0600585704,68.6574947113024,18.4699994328,0.0,28.9999972822517,0.0
1200812945,41.549999196,3.78000006,0.0,3520.0600585704,68.606505485806,18.4699994328,0.0,20.9999966054739,0.0
1200812949,41.549999196,3.78000006,0.0,3520.0600585704,68.4025653667379,18.4699994328,0.0,23.000000222047,0.0
1200812954,41.549999196,3.78000006,0.0,3520.0600585704,68.5351259225009,18.4699994328,0.0,18.999999883658,0.0
1200812958,41.549999196,3.78000006,0.0,3520.0600585704,68.6167049638378,18.4699994328,0.0,25.9999987521493,0.0
1200812963,41.549999196,3.78000006,0.0,3520.0600585704,68.586114694405,18.4699994328,0.0,5.00000214667547,0.0
1200812971,41.549999196,3.78000006,0.0,3520.0600585704,68.4433551142025,18.4699994328,0.0,-12.0000010151668,0.0
1200812975,41.549999196,3.78000006,0.0,3520.0600585704,68.5759152163732,18.4699994328,0.0,-21.9999984137604,0.0
1200812980,41.549999196,3.78000006,0.0,3520.0600585704,68.4229561581389,18.4699994328,0.0,-9.00000248506439,0.0
1200812985,41.549999196,3.78000006,0.0,3520.0600585704,68.5657161919337,18.4699994328,0.0,-1.99999672181581,0.0
1200812989,41.549999196,3.78000006,0.0,3520.0600585704,68.4943361750363,18.4699994328,0.0,-6.99999886849128,0.0
1200812999,41.549999196,3.78000006,0.0,3520.0600585704,68.4433551142025,18.4699994328,0.0,1.00000180828655,0.0
1200813003,41.549999196,3.78000006,0.0,3520.0600585704,68.5351259225009,18.4699994328,0.0,1.99999672181581,0.0
1200813008,41.549999196,3.78000006,0.0,3520.0600585704,68.4841444080748,18.4699994328,0.0,18.999999883658,0.0
1200813012,41.549999196,3.78000006,0.0,3520.0600585704,68.4637459056035,18.4699994328,0.0,-1.00000180828655,0.0
1200813017,41.549999196,3.78000006,0.0,3520.0600585704,68.4229561581389,18.4699994328,0.0,1.00000180828655,0.0
1200813025,41.549999196,3.78000006,0.0,3520.0600585704,68.4739453836353,18.4699994328,0.0,-2.99999853010237,0.0
1200813029,41.549999196,3.78000006,0.0,3520.0600585704,68.5657161919337,18.4699994328,0.0,20.0000016919446,0.0
1200813034,41.549999196,3.78000006,0.0,3520.0600585704,68.4739453836353,18.4699994328,0.0,2.99999853010237,0.0
1200813039,41.549999196,3.78000006,0.0,3520.0600585704,68.4433551142025,18.4699994328,0.0,-13.9999977369826,0.0
1200813043,41.549999196,3.78000006,0.0,3520.0600585704,68.5147346775076,18.4699994328,0.0,-14.9999995452691,0.0
1200813048,41.549999196,3.78000006,0.0,3520.0600585704,68.4433551142025,18.4699994328,0.0,-13.9999977369826,0.0
1200813053,41.549999196,3.78000006,0.0,3520.0600585704,68.4229561581389,18.4699994328,0.0,8.00000067677784,0.0
1200813057,41.549999196,3.78000006,0.0,3520.0600585704,68.5759152163732,18.4699994328,0.0,9.99999739859365,0.0
1200813062,41.549999196,3.78000006,0.0,3520.0600585704,68.4943361750363,18.4699994328,0.0,-5.99999706020473,0.0
1200813066,41.549999196,3.78000006,0.0,3520.0600585704,68.4637459056035,18.4699994328,0.0,-6.99999886849128,0.0
1200813071,41.549999196,3.78000006,0.0,3520.0600585704,68.5453249469404,18.4699994328,0.0,-28.0000023687224,0.0
1200813074,41.549999196,3.78000006,0.0,3520.0600585704,68.5147346775076,18.4699994328,0.0,-25.9999987521493,0.0
1200813079,41.549999196,3.78000006,0.0,3520.0600585704,68.4229561581389,18.4699994328,0.0,-12.0000010151668,0.0
1200813083,41.549999196,3.78000006,0.0,3520.0600585704,68.4331556361707,18.4699994328,0.0,-14.9999995452691,0.0
1200813088,41.549999196,3.78000006,0.0,3520.0600585704,68.5351259225009,18.4699994328,0.0,9.99999739859365,0.0
1200813093,41.549999196,3.78000006,0.0,3520.0600585704,68.4637459056035,18.4699994328,0.0,1.00000180828655,0.0
1200813097,41.549999196,3.78000006,0.0,3520.0600585704,68.4943361750363,18.4699994328,0.0,-13.9999977369826,0.0
1200813102,41.549999196,3.78000006,0.0,3520.0600585704,68.4637459056035,18.4699994328,0.0,-1.00000180828655,0.0
1200813107,41.549999196,3.78000006,0.0,3520.0600585704,68.4943361750363,18.4699994328,0.0,-8.00000067677784,0.0
1200813111,41.549999196,3.78000006,0.0,3520.0600585704,68.4943361750363,18.4699994328,0.0,6.99999886849128,0.0
1200813116,41.549999196,3.78000006,0.0,3520.0600585704,68.5147346775076,18.4699994328,0.0,9.00000248506439,0.0
1200813120,41.549999196,3.78000006,0.0,3520.0600585704,68.4841444080748,18.4699994328,0.0,13.0000028234533,0.0
1200813125,41.549999196,3.78000006,0.0,3520.0600585704,68.4841444080748,18.4699994328,0.0,-10.9999992068802,0.0
1200813128,41.549999196,3.78000006,0.0,3520.0600585704,68.5147346775076,18.4699994328,0.0,-5.00000214667547,0.0
1200813133,41.549999196,3.78000006,0.0,3520.0600585704,68.4739453836353,18.4699994328,0.0,-9.00000248506439,0.0
1200813137,41.549999196,3.78000006,0.0,3520.0600585704,68.5249264444691,18.4699994328,0.0,0.0,0.0
1200813142,41.549999196,3.78000006,0.0,3520.0600585704,68.5249264444691,18.4699994328,0.0,-12.0000010151668,0.0
1200813147,41.549999196,3.78000006,0.0,3520.0600585704,68.5453249469404,18.4699994328,0.0,16.0000013535557,0.0
1200813151,41.549999196,3.78000006,0.0,3520.0600585704,68.5249264444691,18.4699994328,0.0,14.9999995452691,0.0
1200813156,41.549999196,3.78000006,0.0,3520.0600585704,68.4841444080748,18.4699994328,0.0,17.0000031618422,0.0
1200813161,41.549999196,3.78000006,0.0,3520.0600585704,68.5147346775076,18.4699994328,0.0,8.00000067677784,0.0
1200813165,41.549999196,3.78000006,0.0,3520.0600585704,68.4433551142025,18.4699994328,0.0,25.9999987521493,0.0
1200813170,41.549999196,3.78000006,0.0,3520.0600585704,68.4229561581389,18.4699994328,0.0,23.000000222047,0.0
1200813174,41.549999196,3.78000006,0.0,3520.0600585704,68.4841444080748,18.4699994328,0.0,39.0000015756026,0.0
1200813179,41.549999196,3.78000006,0.0,3520.0600585704,68.5657161919337,18.4699994328,0.0,36.0000030455003,0.0
1200813182,41.549999196,3.78000006,0.0,3520.0600585704,68.5147346775076,18.4699994328,0.0,14.9999995452691,0.0
1200813187,41.549999196,3.78000006,0.0,3520.0600585704,68.4739453836353,18.4699994328,0.0,16.0000013535557,0.0
1200813191,41.549999196,3.78000006,0.0,3520.0600585704,68.6574947113024,18.4699994328,0.0,18.999999883658,0.0
1200813196,41.549999196,3.78000006,0.0,3520.0600585704,68.5147346775076,18.4699994328,0.0,5.99999706020473,0.0
1200813205,41.549999196,3.78000006,0.0,3520.0600585704,68.4433551142025,18.4699994328,0.0,20.9999966054739,0.0
1200813210,41.549999196,3.78000006,0.0,3520.0600585704,68.4331556361707,18.4699994328,0.0,9.00000248506439,0.0
1200813215,41.549999196,3.78000006,0.0,3520.0600585704,68.3719750973051,18.4699994328,0.0,29.9999990905382,0.0
1200813219,41.549999196,3.78000006,0.0,3520.0600585704,68.4637459056035,18.4699994328,0.0,33.0000045153979,0.0
1200813224,41.549999196,3.78000006,0.0,3520.0600585704,68.4841444080748,18.4699994328,0.0,36.9999979590295,0.0
1200813233,41.549999196,3.78000006,0.0,3520.0600585704,68.3923658887061,18.4699994328,0.0,43.0000019139915,0.0
1200813236,41.549999196,3.78000006,0.0,3520.0600585704,68.4739453836353,18.4699994328,0.0,9.99999739859365,0.0
1200813241,41.549999196,3.78000006,0.0,3520.0600585704,68.4433551142025,18.4699994328,0.0,27.0000005604359,0.0
1200813245,41.549999196,3.78000006,0.0,3520.0600585704,68.5351259225009,18.4699994328,0.0,12.0000010151668,0.0
1200813250,41.549999196,3.78000006,0.0,3520.0600585704,68.5249264444691,18.4699994328,0.0,10.9999992068802,0.0
1200813259,41.549999196,3.78000006,0.0,3520.0600585704,68.5657161919337,18.4699994328,0.0,6.99999886849128,0.0
1200813264,41.549999196,3.78000006,0.0,3520.0600585704,68.5351259225009,18.4699994328,0.0,-1.00000180828655,0.0
1200813269,41.549999196,3.78000006,0.0,3520.0600585704,68.586114694405,18.4699994328,0.0,21.9999984137604,0.0
1200813273,41.549999196,3.78000006,0.0,3520.0600585704,68.3923658887061,18.4699994328,0.0,24.9999969438628,0.0
1200813278,41.549999196,3.78000006,0.0,3520.0600585704,68.5147346775076,18.4699994328,0.0,13.9999977369826,0.0
1200813282,41.549999196,3.78000006,0.0,3520.0600585704,68.4739453836353,18.4699994328,0.0,-1.99999672181581,0.0
1200813287,41.549999196,3.78000006,0.0,3520.0600585704,68.5249264444691,18.4699994328,0.0,0.0,0.0
1200813290,41.549999196,3.78000006,0.0,3520.0600585704,68.4637459056035,18.4699994328,0.0,18.999999883658,0.0
1200813295,41.549999196,3.78000006,0.0,3520.0600585704,68.6167049638378,18.4699994328,0.0,10.9999992068802,0.0
1200813299,41.549999196,3.78000006,0.0,3520.0600585704,68.5759152163732,18.4699994328,0.0,62.9999967111788,0.0
1200813304,41.549999196,3.78000006,0.0,3520.0600585704,68.5147346775076,18.4699994328,0.0,9.99999739859365,0.0
1200813308,41.549999196,3.78000006,0.0,3520.0600585704,68.5759152163732,18.4699994328,0.0,2.99999853010237,0.0
1200813313,41.549999196,3.78000006,0.0,3520.0600585704,68.4433551142025,18.4699994328,0.0,8.00000067677784,0.0
1200813318,41.549999196,3.78000006,0.0,3520.0600585704,68.586114694405,18.4699994328,0.0,29.9999990905382,0.0
1200813323,41.549999196,3.78000006,0.0,3520.0600585704,68.4739453836353,18.4699994328,0.0,9.00000248506439,0.0
1200813327,41.549999196,3.78000006,0.0,3520.0600585704,68.5147346775076,18.4699994328,0.0,-9.99999739859365,0.0
1200813332,41.549999196,3.78000006,0.0,3520.0600585704,68.4229561581389,18.4699994328,0.0,14.9999995452691,0.0
1200813336,41.549999196,3.78000006,0.0,3520.0600585704,68.4637459056035,18.4699994328,0.0,10.9999992068802,0.0
1200813341,41.549999196,3.78000006,0.0,3520.0600585704,68.3923658887061,18.4699994328,0.0,23.000000222047,0.0
1200813344,41.549999196,3.78000006,0.0,3520.0600585704,68.586114694405,18.4699994328,0.0,-1.00000180828655,0.0
1200813349,41.549999196,3.78000006,0.0,3520.0600585704,68.5657161919337,18.4699994328,0.0,23.000000222047,0.0
1200813353,41.549999196,3.78000006,0.0,3520.0600585704,68.4229561581389,18.4699994328,0.0,28.0000023687224,0.0
1200813358,41.549999196,3.78000006,0.0,3520.0600585704,68.5147346775076,18.4699994328,0.0,8.00000067677784,0.0
1200813362,41.549999196,3.78000006,0.0,3520.0600585704,68.5759152163732,18.4699994328,0.0,13.9999977369826,0.0
1200813367,41.549999196,3.78000006,0.0,3520.0600585704,68.5657161919337,18.4699994328,0.0,20.9999966054739,0.0
1200813372,41.549999196,3.78000006,0.0,3520.0600585704,68.586114694405,18.4699994328,0.0,0.0,0.0
1200813377,41.549999196,3.78000006,0.0,3520.0600585704,68.4229561581389,18.4699994328,0.0,9.00000248506439,0.0
1200813381,41.549999196,3.78000006,0.0,3520.0600585704,68.5351259225009,18.4699994328,0.0,14.9999995452691,0.0
1200813386,41.549999196,3.78000006,0.0,3520.0600585704,68.4433551142025,18.4699994328,0.0,18.999999883658,0.0
1200813390,41.549999196,3.78000006,0.0,3520.0600585704,68.3923658887061,18.4699994328,0.0,29.9999990905382,0.0
1200813395,41.549999196,3.78000006,0.0,3520.0600585704,68.5147346775076,18.4699994328,0.0,14.9999995452691,0.0
1200813398,41.549999196,3.78000006,0.0,3520.0600585704,68.5147346775076,18.4699994328,0.0,24.9999969438628,0.0
1200813403,41.549999196,3.78000006,0.0,3520.0600585704,68.5147346775076,18.4699994328,0.0,21.9999984137604,0.0
1200813407,41.549999196,3.78000006,0.0,3520.0600585704,68.5453249469404,18.4699994328,0.0,14.9999995452691,0.0
1200813412,41.549999196,3.78000006,0.0,3520.0600585704,68.5147346775076,18.4699994328,0.0,17.9999980753715,0.0
1200813416,41.549999196,3.78000006,0.0,3520.0600585704,68.5249264444691,18.4699994328,0.0,50.9999956960121,0.0
1200813421,41.549999196,3.78000006,0.0,3520.0600585704,68.5453249469404,18.4699994328,0.0,5.99999706020473,0.0
1200813426,41.549999196,3.78000006,0.0,3520.0600585704,68.4229561581389,18.4699994328,0.0,24.0000020303335,0.0
1200813431,41.549999196,3.78000006,0.0,3520.0600585704,68.586114694405,18.4699994328,0.0,12.0000010151668,0.0
1200813440,41.549999196,3.78000006,0.0,3520.0600585704,68.3719750973051,18.4699994328,0.0,55.0000029291583,0.0
1200813444,41.549999196,3.78000006,0.0,3520.0600585704,68.5351259225009,18.4699994328,0.0,40.0000033838892,0.0
1200813449,41.549999196,3.78000006,0.0,3520.0600585704,68.5759152163732,18.4699994328,0.0,9.99999739859365,0.0
1200813452,41.549999196,3.78000006,0.0,3520.0600585704,68.4943361750363,18.4699994328,0.0,9.00000248506439,0.0
1200813457,41.549999196,3.78000006,0.0,3520.0600585704,68.4229561581389,18.4699994328,0.0,47.0000022523805,0.0
1200813466,41.549999196,3.78000006,0.0,3520.0600585704,68.5249264444691,18.4699994328,0.0,36.9999979590295,0.0
1200813470,41.549999196,3.78000006,0.0,3520.0600585704,68.4331556361707,18.4699994328,0.0,20.0000016919446,0.0
1200813475,41.549999196,3.78000006,0.0,3520.0600585704,68.5249264444691,18.4699994328,0.0,58.9999963727899,0.0
1200813480,41.549999196,3.78000006,0.0,3520.0600585704,68.4841444080748,18.4699994328,0.0,42.000000105705,0.0
1200813485,41.549999196,3.78000006,0.0,3520.0600585704,68.5453249469404,18.4699994328,0.0,25.9999987521493,0.0
1200813489,41.549999196,3.78000006,0.0,3520.0600585704,68.5453249469404,18.4699994328,0.0,27.0000005604359,0.0
1200813494,41.549999196,3.78000006,0.0,3520.0600585704,68.606505485806,18.4699994328,0.0,20.9999966054739,0.0
1200813498,41.549999196,3.78000006,0.0,3520.0600585704,68.606505485806,18.4699994328,0.0,35.0000012372137,0.0
1200813503,41.549999196,3.78000006,0.0,3520.0600585704,68.5453249469404,18.4699994328,0.0,17.9999980753715,0.0
1200813506,41.549999196,3.78000006,0.0,3520.0600585704,68.5759152163732,18.4699994328,0.0,54.0000011208717,0.0
1200813511,41.549999196,3.78000006,0.0,3520.0600585704,68.5453249469404,18.4699994328,0.0,42.000000105705,0.0
1200813515,41.549999196,3.78000006,0.0,3520.0600585704,68.5759152163732,18.4699994328,0.0,50.9999956960121,0.0
1200813520,41.549999196,3.78000006,0.0,3520.0600585704,68.5351259225009,18.4699994328,0.0,42.000000105705,0.0
1200813525,41.549999196,3.78000006,0.0,3520.0600585704,68.5249264444691,18.4699994328,0.0,18.999999883658,0.0
1200813529,41.549999196,3.78000006,0.0,3520.0600585704,68.4841444080748,18.4699994328,0.0,20.0000016919446,0.0
1200813534,41.549999196,3.78000006,0.0,3520.0600585704,68.586114694405,18.4699994328,0.0,27.0000005604359,0.0
1200813539,41.549999196,3.78000006,0.0,3520.0600585704,68.4739453836353,18.4699994328,0.0,25.9999987521493,0.0
1200813543,41.549999196,3.78000006,0.0,3520.0600585704,68.5249264444691,18.4699994328,0.0,36.9999979590295,0.0
1200813548,41.549999196,3.78000006,0.0,3520.0600585704,68.5657161919337,18.4699994328,0.0,40.0000033838892,0.0
1200813552,41.549999196,3.78000006,0.0,3520.0600585704,68.3923658887061,18.4699994328,0.0,47.9999971659097,0.0
1200813557,41.549999196,3.78000006,0.0,3520.0600585704,68.5453249469404,18.4699994328,0.0,33.0000045153979,0.0
1200813560,41.549999196,3.78000006,0.0,3520.0600585704,68.4739453836353,18.4699994328,0.0,17.0000031618422,0.0
1200813565,41.549999196,3.78000006,0.0,3520.0600585704,68.4841444080748,18.4699994328,0.0,33.9999994289272,0.0
1200813569,41.549999196,3.78000006,0.0,3520.0600585704,68.4331556361707,18.4699994328,0.0,28.0000023687224,0.0
1200813574,41.549999196,3.78000006,0.0,3520.0600585704,68.4331556361707,18.4699994328,0.0,37.9999997673161,0.0
1200813579,41.549999196,3.78000006,0.0,3520.0600585704,68.4739453836353,18.4699994328,0.0,20.9999966054739,0.0
1200813583,41.549999196,3.78000006,0.0,3520.0600585704,68.5249264444691,18.4699994328,0.0,36.9999979590295,0.0
1200813588,41.549999196,3.78000006,0.0,3520.0600585704,68.5351259225009,18.4699994328,0.0,21.9999984137604,0.0
1200813593,41.549999196,3.78000006,0.0,3520.0600585704,68.4025653667379,18.4699994328,0.0,36.9999979590295,0.0
1200813597,41.549999196,3.78000006,0.0,3520.0600585704,68.4841444080748,18.4699994328,0.0,27.0000005604359,0.0
1200813602,41.549999196,3.78000006,0.0,3520.0600585704,68.5249264444691,18.4699994328,0.0,29.9999990905382,0.0
1200813606,41.549999196,3.78000006,0.0,3520.0600585704,68.4331556361707,18.4699994328,0.0,36.9999979590295,0.0
1200813611,41.549999196,3.78000006,0.0,3520.0600585704,68.4637459056035,18.4699994328,0.0,43.9999968275208,0.0
1200813614,41.549999196,3.78000006,0.0,3520.0600585704,68.4331556361707,18.4699994328,0.0,40.0000033838892,0.0
1200813619,41.549999196,3.78000006,0.0,3520.0600585704,68.586114694405,18.4699994328,0.0,44.9999986358074,0.0
1200813623,41.549999196,3.78000006,0.0,3520.0600585704,68.5759152163732,18.4699994328,0.0,24.0000020303335,0.0
1200813628,41.549999196,3.78000006,0.0,3520.0600585704,68.5147346775076,18.4699994328,0.0,40.0000033838892,0.0
1200813633,41.549999196,3.78000006,0.0,3520.0600585704,68.3923658887061,18.4699994328,0.0,16.0000013535557,0.0
1200813637,41.549999196,3.78000006,0.0,3520.0600585704,68.2496063085036,18.4699994328,0.0,36.9999979590295,0.0
1200813647,41.549999196,3.78000006,0.0,3520.0600585704,68.5759152163732,18.4699994328,0.0,47.9999971659097,0.0
1200813651,41.549999196,3.78000006,0.0,3520.0600585704,68.5351259225009,18.4699994328,0.0,46.0000004440939,0.0
1200813656,41.549999196,3.78000006,0.0,3520.0600585704,68.5147346775076,18.4699994328,0.0,32.0000027071113,0.0
1200813660,41.549999196,3.78000006,0.0,3520.0600585704,68.3719750973051,18.4699994328,0.0,31.0000008988248,0.0
1200813665,41.549999196,3.78000006,0.0,3520.0600585704,68.3719750973051,18.4699994328,0.0,31.0000008988248,0.0
1200813673,41.549999196,3.78000006,0.0,3520.0600585704,68.6574947113024,18.4699994328,0.0,35.0000012372137,0.0
1200813677,41.549999196,3.78000006,0.0,3520.0600585704,68.4841444080748,18.4699994328,0.0,21.9999984137604,0.0
1200813682,41.549999196,3.78000006,0.0,3520.0600585704,68.4025653667379,18.4699994328,0.0,29.9999990905382,0.0
1200813687,41.549999196,3.78000006,0.0,3520.0600585704,68.4943361750363,18.4699994328,0.0,24.0000020303335,0.0
1200813691,41.549999196,3.78000006,0.0,3520.0600585704,68.3923658887061,18.4699994328,0.0,24.9999969438628,0.0
1200813701,41.549999196,3.78000006,0.0,3520.0600585704,68.4841444080748,18.4699994328,0.0,23.000000222047,0.0
1200813705,41.549999196,3.78000006,0.0,3520.0600585704,68.3923658887061,18.4699994328,0.0,10.9999992068802,0.0
1200813710,41.549999196,3.78000006,0.0,3520.0600585704,68.4229561581389,18.4699994328,0.0,31.0000008988248,0.0
1200813714,41.549999196,3.78000006,0.0,3520.0600585704,68.5657161919337,18.4699994328,0.0,10.9999992068802,0.0
1200813719,41.549999196,3.78000006,0.0,3520.0600585704,68.4331556361707,18.4699994328,0.0,17.9999980753715,0.0
1200813722,41.549999196,3.78000006,0.0,3520.0600585704,68.3821668642666,18.4699994328,0.0,8.00000067677784,0.0
1200813727,41.549999196,3.78000006,0.0,3520.0600585704,68.4025653667379,18.4699994328,0.0,-10.9999992068802,0.0
1200813731,41.549999196,3.78000006,0.0,3520.0600585704,68.4331556361707,18.4699994328,0.0,-23.000000222047,0.0
1200813736,41.549999196,3.78000006,0.0,3520.0600585704,68.3923658887061,18.4699994328,0.0,-12.0000010151668,0.0
1200813741,41.549999196,3.78000006,0.0,3520.0600585704,68.4739453836353,18.4699994328,0.0,13.0000028234533,0.0
1200813745,41.549999196,3.78000006,0.0,3520.0600585704,68.4841444080748,18.4699994328,0.0,29.9999990905382,0.0
1200813750,41.549999196,3.78000006,0.0,3520.0600585704,68.5453249469404,18.4699994328,0.0,13.0000028234533,0.0
1200813755,41.549999196,3.78000006,0.0,3520.0600585704,68.4637459056035,18.4699994328,0.0,24.0000020303335,0.0
1200813759,41.549999196,3.78000006,0.0,3520.0600585704,68.4739453836353,18.4699994328,0.0,24.9999969438628,0.0
1200813764,41.549999196,3.78000006,0.0,3520.0600585704,68.6370957552388,18.4699994328,0.0,1.99999672181581,0.0
1200813768,41.549999196,3.78000006,0.0,3520.0600585704,68.5249264444691,18.4699994328,0.0,2.99999853010237,0.0
1200813773,41.549999196,3.78000006,0.0,3520.0600585704,68.3311858034328,18.4699994328,0.0,25.9999987521493,0.0
1200813776,41.549999196,3.78000006,0.0,3520.0600585704,68.4841444080748,18.4699994328,0.0,25.9999987521493,0.0
1200813781,41.549999196,3.78000006,0.0,3520.0600585704,68.586114694405,18.4699994328,0.0,20.9999966054739,0.0
1200813785,41.549999196,3.78000006,0.0,3520.0600585704,68.4025653667379,18.4699994328,0.0,-13.0000028234533,0.0
1200813790,41.549999196,3.78000006,0.0,3520.0600585704,68.4943361750363,18.4699994328,0.0,6.99999886849128,0.0
1200813795,41.549999196,3.78000006,0.0,3520.0600585704,68.4739453836353,18.4699994328,0.0,10.9999992068802,0.0
1200813799,41.549999196,3.78000006,0.0,3520.0600585704,68.4841444080748,18.4699994328,0.0,12.0000010151668,0.0
1200813804,41.549999196,3.78000006,0.0,3520.0600585704,68.3923658887061,18.4699994328,0.0,5.99999706020473,0.0
1200813809,41.549999196,3.78000006,0.0,3520.0600585704,68.4841444080748,18.4699994328,0.0,21.9999984137604,0.0
1200813813,41.549999196,3.78000006,0.0,3520.0600585704,68.4433551142025,18.4699994328,0.0,4.00000033838892,0.0
1200813818,41.549999196,3.78000006,0.0,3520.0600585704,68.4637459056035,18.4699994328,0.0,28.0000023687224,0.0
1200813822,41.549999196,3.78000006,0.0,3520.0600585704,68.5453249469404,18.4699994328,0.0,36.0000030455003,0.0
1200813827,41.549999196,3.78000006,0.0,3520.0600585704,68.4433551142025,18.4699994328,0.0,36.0000030455003,0.0
1200813830,41.549999196,3.78000006,0.0,3520.0600585704,68.5249264444691,18.4699994328,0.0,13.9999977369826,0.0
1200813835,41.549999196,3.78000006,0.0,3520.0600585704,68.5249264444691,18.4699994328,0.0,47.0000022523805,0.0
1200813839,41.549999196,3.78000006,0.0,3520.0600585704,68.4841444080748,18.4699994328,0.0,33.0000045153979,0.0
1200813844,41.549999196,3.78000006,0.0,3520.0600585704,68.5453249469404,18.4699994328,0.0,5.99999706020473,0.0
1200813849,41.549999196,3.78000006,0.0,3520.0600585704,68.5147346775076,18.4699994328,0.0,1.99999672181581,0.0
1200813853,41.549999196,3.78000006,0.0,3520.0600585704,68.5657161919337,18.4699994328,0.0,23.000000222047,0.0
1200813858,41.549999196,3.78000006,0.0,3520.0600585704,68.4331556361707,18.4699994328,0.0,27.0000005604359,0.0
1200813863,41.549999196,3.78000006,0.0,3520.0600585704,68.5657161919337,18.4699994328,0.0,28.9999972822517,0.0
1200813867,41.549999196,3.78000006,0.0,3520.0600585704,68.4841444080748,18.4699994328,0.0,40.0000033838892,0.0
1200813872,41.549999196,3.78000006,0.0,3520.0600585704,68.5249264444691,18.4699994328,0.0,33.0000045153979,0.0
1200813881,41.549999196,3.78000006,0.0,3520.0600585704,68.5351259225009,18.4699994328,0.0,47.0000022523805,0.0
1200813884,41.549999196,3.78000006,0.0,3520.0600585704,68.5453249469404,18.4699994328,0.0,24.0000020303335,0.0
1200813889,41.549999196,3.78000006,0.0,3520.0600585704,68.4229561581389,18.4699994328,0.0,27.0000005604359,0.0
1200813893,41.549999196,3.78000006,0.0,3520.0600585704,68.4025653667379,18.4699994328,0.0,42.000000105705,0.0
1200813898,41.549999196,3.78000006,0.0,3520.0600585704,68.5147346775076,18.4699994328,0.0,40.0000033838892,0.0
1200813907,41.549999196,3.78000006,0.0,3520.0600585704,68.5453249469404,18.4699994328,0.0,14.9999995452691,0.0
1200813912,41.549999196,3.78000006,0.0,3520.0600585704,68.5759152163732,18.4699994328,0.0,44.9999986358074,0.0
1200813917,41.549999196,3.78000006,0.0,3520.0600585704,68.5657161919337,18.4699994328,0.0,24.0000020303335,0.0
1200813921,41.549999196,3.78000006,0.0,3520.0600585704,68.5249264444691,18.4699994328,0.0,28.0000023687224,0.0
1200813926,41.549999196,3.78000006,0.0,3520.0600585704,68.4841444080748,18.4699994328,0.0,24.0000020303335,0.0
1200813935,41.549999196,3.78000006,0.0,3520.0600585704,68.4943361750363,18.4699994328,0.0,12.0000010151668,0.0
1200813938,41.549999196,3.78000006,0.0,3520.0600585704,68.5249264444691,18.4699994328,0.0,1.00000180828655,0.0
1200813943,41.549999196,3.78000006,0.0,3520.0600585704,68.4943361750363,18.4699994328,0.0,25.9999987521493,0.0
1200813947,41.549999196,3.78000006,0.0,3520.0600585704,68.606505485806,18.4699994328,0.0,17.0000031618422,0.0
1200813952,41.549999196,3.78000006,0.0,3520.0600585704,68.6167049638378,18.4699994328,0.0,31.0000008988248,0.0
1200813956,41.549999196,3.78000006,0.0,3520.0600585704,68.4433551142025,18.4699994328,0.0,47.0000022523805,0.0
1200813961,41.549999196,3.78000006,0.0,3520.0600585704,68.4943361750363,18.4699994328,0.0,43.0000019139915,0.0
1200813966,41.549999196,3.78000006,0.0,3520.0600585704,68.5657161919337,18.4699994328,0.0,65.0000003277519,0.0
1200813971,41.549999196,3.78000006,0.0,3520.0600585704,68.5351259225009,18.4699994328,0.0,44.9999986358074,0.0
1200813975,41.549999196,3.78000006,0.0,3520.0600585704,68.5147346775076,18.4699994328,0.0,36.9999979590295,0.0
1200813980,41.549999196,3.78000006,0.0,3520.0600585704,68.4331556361707,18.4699994328,0.0,21.9999984137604,0.0
1200813984,41.549999196,3.78000006,0.0,3520.0600585704,68.586114694405,18.4699994328,0.0,33.9999994289272,0.0
1200813989,41.549999196,3.78000006,0.0,3520.0600585704,68.5453249469404,18.4699994328,0.0,42.000000105705,0.0
1200813992,41.549999196,3.78000006,0.0,3520.0600585704,68.4943361750363,18.4699994328,0.0,35.0000012372137,0.0
1200813997,41.549999196,3.78000006,0.0,3520.0600585704,68.6880845271428,18.4699994328,0.0,46.0000004440939,0.0
1200814001,41.549999196,3.78000006,0.0,3520.0600585704,68.4637459056035,18.4699994328,0.0,28.0000023687224,0.0
1200814006,41.549999196,3.78000006,0.0,3520.0600585704,68.5249264444691,18.4699994328,0.0,28.9999972822517,0.0
1200814010,41.549999196,3.78000006,0.0,3520.0600585704,68.5657161919337,18.4699994328,0.0,24.9999969438628,0.0
1200814015,41.549999196,3.78000006,0.0,3520.0600585704,68.4433551142025,18.4699994328,0.0,17.0000031618422,0.0
1200814020,41.549999196,3.78000006,0.0,3520.0600585704,68.5249264444691,18.4699994328,0.0,24.0000020303335,0.0
1200814025,41.549999196,3.78000006,0.0,3520.0600585704,68.4229561581389,18.4699994328,0.0,44.9999986358074,0.0
1200814029,41.549999196,3.78000006,0.0,3520.0600585704,68.4637459056035,18.4699994328,0.0,17.0000031618422,0.0
1200814034,41.549999196,3.78000006,0.0,3520.0600585704,68.5759152163732,18.4699994328,0.0,16.0000013535557,0.0
1200814038,41.549999196,3.78000006,0.0,3520.0600585704,68.5453249469404,18.4699994328,0.0,35.0000012372137,0.0
1200814043,41.549999196,3.78000006,0.0,3520.0600585704,68.606505485806,18.4699994328,0.0,25.9999987521493,0.0
1200814046,41.549999196,3.78000006,0.0,3520.0600585704,68.4433551142025,18.4699994328,0.0,14.9999995452691,0.0
1200814051,41.549999196,3.78000006,0.0,3520.0600585704,68.5249264444691,18.4699994328,0.0,46.0000004440939,0.0
1200814055,41.549999196,3.78000006,0.0,3520.0600585704,68.4943361750363,18.4699994328,0.0,28.0000023687224,0.0
1200814060,41.549999196,3.78000006,0.0,3520.0600585704,68.5657161919337,18.4699994328,0.0,13.0000028234533,0.0
1200814064,41.549999196,3.78000006,0.0,3520.0600585704,68.5249264444691,18.4699994328,0.0,28.9999972822517,0.0
1200814069,41.549999196,3.78000006,0.0,3520.0600585704,68.5147346775076,18.4699994328,0.0,2.99999853010237,0.0
1200814074,41.549999196,3.78000006,0.0,3520.0600585704,68.5351259225009,18.4699994328,0.0,-5.00000214667547,0.0
1200814079,41.549999196,3.78000006,0.0,3520.0600585704,68.4943361750363,18.4699994328,0.0,18.999999883658,0.0
1200814083,41.549999196,3.78000006,0.0,3520.0600585704,68.5453249469404,18.4699994328,0.0,24.0000020303335,0.0
1200814088,41.549999196,3.78000006,0.0,3520.0600585704,68.5249264444691,18.4699994328,0.0,23.000000222047,0.0
1200814092,41.549999196,3.78000006,0.0,3520.0600585704,68.5657161919337,18.4699994328,0.0,29.9999990905382,0.0
1200814097,41.549999196,3.78000006,0.0,3520.0600585704,68.4841444080748,18.4699994328,0.0,21.9999984137604,0.0
1200814100,41.549999196,3.78000006,0.0,3520.0600585704,68.586114694405,18.4699994328,0.0,20.0000016919446,0.0
1200814105,41.549999196,3.78000006,0.0,3520.0600585704,68.4943361750363,18.4699994328,0.0,40.0000033838892,0.0
1200814114,41.549999196,3.78000006,0.0,3520.0600585704,68.5453249469404,18.4699994328,0.0,50.0000007824828,0.0
1200814118,41.549999196,3.78000006,0.0,3520.0600585704,68.606505485806,18.4699994328,0.0,23.000000222047,0.0
1200814123,41.549999196,3.78000006,0.0,3520.0600585704,68.5657161919337,18.4699994328,0.0,33.0000045153979,0.0
1200814128,41.549999196,3.78000006,0.0,3520.0600585704,68.5657161919337,18.4699994328,0.0,31.0000008988248,0.0
1200814133,41.549999196,3.78000006,0.0,3520.0600585704,68.5657161919337,18.4699994328,0.0,25.9999987521493,0.0
1200814142,41.549999196,3.78000006,0.0,3520.0600585704,68.5657161919337,18.4699994328,0.0,1.00000180828655,0.0
1200814146,41.549999196,3.78000006,0.0,3520.0600585704,68.4943361750363,18.4699994328,0.0,5.00000214667547,0.0
1200814151,41.549999196,3.78000006,0.0,3520.0600585704,68.5453249469404,18.4699994328,0.0,-24.9999969438628,0.0
1200814154,41.549999196,3.78000006,0.0,3520.0600585704,68.4943361750363,18.4699994328,0.0,-9.99999739859365,0.0
1200814159,41.549999196,3.78000006,0.0,3520.0600585704,68.5351259225009,18.4699994328,0.0,32.0000027071113,0.0
1200814163,41.549999196,3.78000006,0.0,3520.0600585704,68.5147346775076,18.4699994328,0.0,-1.00000180828655,0.0
1200814168,41.549999196,3.78000006,0.0,3520.0600585704,68.5249264444691,18.4699994328,0.0,6.99999886849128,0.0
1200814173,41.549999196,3.78000006,0.0,3520.0600585704,68.4841444080748,18.4699994328,0.0,-1.99999672181581,0.0
1200814177,41.549999196,3.78000006,0.0,3520.0600585704,68.5453249469404,18.4699994328,0.0,5.99999706020473,0.0
1200814182,41.549999196,3.78000006,0.0,3520.0600585704,68.5147346775076,18.4699994328,0.0,-18.999999883658,0.0
1200814187,41.549999196,3.78000006,0.0,3520.0600585704,68.5657161919337,18.4699994328,0.0,1.99999672181581,0.0
1200814191,41.549999196,3.78000006,0.0,3520.0600585704,68.4229561581389,18.4699994328,0.0,9.00000248506439,0.0
1200814196,41.549999196,3.78000006,0.0,3520.0600585704,68.5351259225009,18.4699994328,0.0,21.9999984137604,0.0
1200814200,41.549999196,3.78000006,0.0,3520.0600585704,68.5147346775076,18.4699994328,0.0,39.0000015756026,0.0
1200814205,41.549999196,3.78000006,0.0,3520.0600585704,68.6574947113024,18.4699994328,0.0,1.99999672181581,0.0
1200814208,41.549999196,3.78000006,0.0,3520.0600585704,68.4637459056035,18.4699994328,0.0,33.0000045153979,0.0
1200814213,41.549999196,3.78000006,0.0,3520.0600585704,68.5351259225009,18.4699994328,0.0,27.0000005604359,0.0
1200814217,41.549999196,3.78000006,0.0,3520.0600585704,68.5453249469404,18.4699994328,0.0,-2.99999853010237,0.0
1200814222,41.549999196,3.78000006,0.0,3520.0600585704,68.606505485806,18.4699994328,0.0,-2.99999853010237,0.0
1200814227,41.549999196,3.78000006,0.0,3520.0600585704,68.4739453836353,18.4699994328,0.0,5.99999706020473,0.0
1200814231,41.549999196,3.78000006,0.0,3520.0600585704,68.4841444080748,18.4699994328,0.0,13.0000028234533,0.0
1200814236,41.549999196,3.78000006,0.0,3520.0600585704,68.4229561581389,18.4699994328,0.0,17.0000031618422,0.0
1200814241,41.549999196,3.78000006,0.0,3520.0600585704,68.4943361750363,18.4699994328,0.0,13.9999977369826,0.0
1200814245,41.549999196,3.78000006,0.0,3520.0600585704,68.606505485806,18.4699994328,0.0,24.9999969438628,0.0
1200814250,41.549999196,3.78000006,0.0,3520.0600585704,68.6370957552388,18.4699994328,0.0,13.0000028234533,0.0
1200814254,41.549999196,3.78000006,0.0,3520.0600585704,68.5147346775076,18.4699994328,0.0,8.00000067677784,0.0
1200814259,41.549999196,3.78000006,0.0,3520.0600585704,68.5453249469404,18.4699994328,0.0,4.00000033838892,0.0
1200814262,41.549999196,3.78000006,0.0,3520.0600585704,68.4637459056035,18.4699994328,0.0,10.9999992068802,0.0
1200814267,41.549999196,3.78000006,0.0,3520.0600585704,68.606505485806,18.4699994328,0.0,-13.9999977369826,0.0
1200814271,41.549999196,3.78000006,0.0,3520.0600585704,68.4841444080748,18.4699994328,0.0,1.00000180828655,0.0
1200814276,41.549999196,3.78000006,0.0,3520.0600585704,68.4739453836353,18.4699994328,0.0,20.9999966054739,0.0
1200814281,41.549999196,3.78000006,0.0,3520.0600585704,68.4331556361707,18.4699994328,0.0,33.0000045153979,0.0
1200814285,41.549999196,3.78000006,0.0,3520.0600585704,68.4433551142025,18.4699994328,0.0,23.000000222047,0.0
1200814290,41.549999196,3.78000006,0.0,3520.0600585704,68.4943361750363,18.4699994328,0.0,8.00000067677784,0.0
1200814295,41.549999196,3.78000006,0.0,3520.0600585704,68.4229561581389,18.4699994328,0.0,-1.00000180828655,0.0
1200814299,41.549999196,3.78000006,0.0,3520.0600585704,68.4637459056035,18.4699994328,0.0,-6.99999886849128,0.0
1200814304,41.549999196,3.78000006,0.0,3520.0600585704,68.4943361750363,18.4699994328,0.0,14.9999995452691,0.0
1200814308,41.549999196,3.78000006,0.0,3520.0600585704,68.4739453836353,18.4699994328,0.0,5.00000214667547,0.0
1200814313,41.549999196,3.78000006,0.0,3520.0600585704,68.4331556361707,18.4699994328,0.0,13.9999977369826,0.0
1200814321,41.549999196,3.78000006,0.0,3520.0600585704,68.4331556361707,18.4699994328,0.0,10.9999992068802,0.0
1200814325,41.549999196,3.78000006,0.0,3520.0600585704,68.4637459056035,18.4699994328,0.0,17.0000031618422,0.0
1200814330,41.549999196,3.78000006,0.0,3520.0600585704,68.4637459056035,18.4699994328,0.0,24.0000020303335,0.0
1200814335,41.549999196,3.78000006,0.0,3520.0600585704,68.4331556361707,18.4699994328,0.0,28.0000023687224,0.0
1200814339,41.549999196,3.78000006,0.0,3520.0600585704,68.3719750973051,18.4699994328,0.0,8.00000067677784,0.0
1200814349,41.549999196,3.78000006,0.0,3520.0600585704,68.4943361750363,18.4699994328,0.0,21.9999984137604,0.0
1200814353,41.549999196,3.78000006,0.0,3520.0600585704,68.606505485806,18.4699994328,0.0,21.9999984137604,0.0
1200814358,41.549999196,3.78000006,0.0,3520.0600585704,68.5759152163732,18.4699994328,0.0,32.0000027071113,0.0
1200814362,41.549999196,3.78000006,0.0,3520.0600585704,68.4943361750363,18.4699994328,0.0,23.000000222047,0.0
1200814367,41.549999196,3.78000006,0.0,3520.0600585704,68.5249264444691,18.4699994328,0.0,43.0000019139915,0.0
1200814375,41.549999196,3.78000006,0.0,3520.0600585704,68.5657161919337,18.4699994328,0.0,13.0000028234533,0.0
1200814379,41.549999196,3.78000006,0.0,3520.0600585704,68.5657161919337,18.4699994328,0.0,12.0000010151668,0.0
1200814384,41.549999196,3.78000006,0.0,3520.0600585704,68.4433551142025,18.4699994328,0.0,1.99999672181581,0.0
1200814389,41.549999196,3.78000006,0.0,3520.0600585704,68.4943361750363,18.4699994328,0.0,13.9999977369826,0.0
1200814393,41.549999196,3.78000006,0.0,3520.0600585704,68.5657161919337,18.4699994328,0.0,20.0000016919446,0.0
1200814398,41.549999196,3.78000006,0.0,3520.0600585704,68.4739453836353,18.4699994328,0.0,55.0000029291583,0.0
1200814403,41.549999196,3.78000006,0.0,3520.0600585704,68.5147346775076,18.4699994328,0.0,36.9999979590295,0.0
1200814407,41.549999196,3.78000006,0.0,3520.0600585704,68.5657161919337,18.4699994328,0.0,32.0000027071113,0.0
1200814412,41.549999196,3.78000006,0.0,3520.0600585704,68.586114694405,18.4699994328,0.0,46.0000004440939,0.0
1200814416,41.549999196,3.78000006,0.0,3520.0600585704,68.4739453836353,18.4699994328,0.0,40.9999982974184,0.0
1200814421,41.549999196,3.78000006,0.0,3520.0600585704,68.5759152163732,18.4699994328,0.0,28.9999972822517,0.0
1200814424,41.549999196,3.78000006,0.0,3520.0600585704,68.4943361750363,18.4699994328,0.0,65.0000003277519,0.0
1200814429,41.549999196,3.78000006,0.0,3520.0600585704,68.4841444080748,18.4699994328,0.0,46.0000004440939,0.0
1200814433,41.549999196,3.78000006,0.0,3520.0600585704,68.3923658887061,18.4699994328,0.0,39.0000015756026,0.0
1200814438,41.549999196,3.78000006,0.0,3520.0600585704,68.5351259225009,18.4699994328,0.0,39.0000015756026,0.0
1200814443,41.549999196,3.78000006,0.0,3520.0600585704,68.5351259225009,18.4699994328,0.0,51.9999975042986,0.0
1200814447,41.549999196,3.78000006,0.0,3520.0600585704,68.5351259225009,18.4699994328,0.0,74.9999977263456,0.0
1200814452,41.549999196,3.78000006,0.0,3520.0600585704,68.4841444080748,18.4699994328,0.0,60.0000050758338,0.0
1200814457,41.549999196,3.78000006,0.0,3520.0600585704,68.586114694405,18.4699994328,0.0,62.9999967111788,0.0
1200814461,41.549999196,3.78000006,0.0,3520.0600585704,68.4943361750363,18.4699994328,0.0,50.0000007824828,0.0
1200814466,41.549999196,3.78000006,0.0,3520.0600585704,68.586114694405,18.4699994328,0.0,52.9999993125852,0.0
1200814470,41.549999196,3.78000006,0.0,3520.0600585704,68.4841444080748,18.4699994328,0.0,50.0000007824828,0.0
1200814475,41.549999196,3.78000006,0.0,3520.0600585704,68.5453249469404,18.4699994328,0.0,50.0000007824828,0.0
1200814478,41.549999196,3.78000006,0.0,3520.0600585704,68.4943361750363,18.4699994328,0.0,43.0000019139915,0.0
1200814483,41.549999196,3.78000006,0.0,3520.0600585704,68.5147346775076,18.4699994328,0.0,55.0000029291583,0.0
1200814487,41.549999196,3.78000006,0.0,3520.0600585704,68.4433551142025,18.4699994328,0.0,52.9999993125852,0.0
1200814492,41.549999196,3.78000006,0.0,3520.0600585704,68.4637459056035,18.4699994328,0.0,62.0000017976496,0.0
1200814497,41.549999196,3.78000006,0.0,3520.0600585704,68.3923658887061,18.4699994328,0.0,35.0000012372137,0.0
1200814501,41.549999196,3.78000006,0.0,3520.0600585704,68.5147346775076,18.4699994328,0.0,24.9999969438628,0.0
1200814506,41.549999196,3.78000006,0.0,3520.0600585704,68.4943361750363,18.4699994328,0.0,24.9999969438628,0.0
1200814511,41.549999196,3.78000006,0.0,3520.0600585704,68.5657161919337,18.4699994328,0.0,37.9999997673161,0.0
1200814515,41.549999196,3.78000006,0.0,3520.0600585704,68.5657161919337,18.4699994328,0.0,36.9999979590295,0.0
1200814520,41.549999196,3.78000006,0.0,3520.0600585704,68.4433551142025,18.4699994328,0.0,24.9999969438628,0.0
1200814524,41.549999196,3.78000006,0.0,3520.0600585704,68.4841444080748,18.4699994328,0.0,27.0000005604359,0.0
1200814529,41.549999196,3.78000006,0.0,3520.0600585704,68.5453249469404,18.4699994328,0.0,27.0000005604359,0.0
1200814532,41.549999196,3.78000006,0.0,3520.0600585704,68.5657161919337,18.4699994328,0.0,33.9999994289272,0.0
1200814537,41.549999196,3.78000006,0.0,3520.0600585704,68.4025653667379,18.4699994328,0.0,62.0000017976496,0.0
1200814541,41.549999196,3.78000006,0.0,3520.0600585704,68.5147346775076,18.4699994328,0.0,62.9999967111788,0.0
1200814546,41.549999196,3.78000006,0.0,3520.0600585704,68.4433551142025,18.4699994328,0.0,56.9999996509741,0.0
1200814555,41.549999196,3.78000006,0.0,3520.0600585704,68.5351259225009,18.4699994328,0.0,60.999999989363,0.0
1200814560,41.549999196,3.78000006,0.0,3520.0600585704,68.4637459056035,18.4699994328,0.0,40.9999982974184,0.0
1200814565,41.549999196,3.78000006,0.0,3520.0600585704,68.5657161919337,18.4699994328,0.0,28.9999972822517,0.0
1200814569,41.549999196,3.78000006,0.0,3520.0600585704,68.5351259225009,18.4699994328,0.0,16.0000013535557,0.0
1200814574,41.549999196,3.78000006,0.0,3520.0600585704,68.4739453836353,18.4699994328,0.0,13.9999977369826,0.0
1200814583,41.549999196,3.78000006,0.0,3520.0600585704,68.5453249469404,18.4699994328,0.0,25.9999987521493,0.0
1200814586,41.549999196,3.78000006,0.0,3520.0600585704,68.4331556361707,18.4699994328,0.0,16.0000013535557,0.0
1200814591,41.549999196,3.78000006,0.0,3520.0600585704,68.4229561581389,18.4699994328,0.0,10.9999992068802,0.0
1200814595,41.549999196,3.78000006,0.0,3520.0600585704,68.5147346775076,18.4699994328,0.0,33.9999994289272,0.0
1200814600,41.549999196,3.78000006,0.0,3520.0600585704,68.5351259225009,18.4699994328,0.0,69.9999955796701,0.0
1200814609,41.549999196,3.78000006,0.0,3520.0600585704,68.5147346775076,18.4699994328,0.0,20.0000016919446,0.0
1200814614,41.549999196,3.78000006,0.0,3520.0600585704,68.5351259225009,18.4699994328,0.0,42.000000105705,0.0
1200814619,41.549999196,3.78000006,0.0,3520.0600585704,68.4841444080748,18.4699994328,0.0,33.9999994289272,0.0
1200814623,41.549999196,3.78000006,0.0,3520.0600585704,68.4841444080748,18.4699994328,0.0,36.9999979590295,0.0
1200814628,41.549999196,3.78000006,0.0,3520.0600585704,68.4739453836353,18.4699994328,0.0,24.9999969438628,0.0
1200814632,41.549999196,3.78000006,0.0,3520.0600585704,68.5453249469404,18.4699994328,0.0,36.0000030455003,0.0
1200814637,41.549999196,3.78000006,0.0,3520.0600585704,68.5249264444691,18.4699994328,0.0,36.9999979590295,0.0
1200814640,41.549999196,3.78000006,0.0,3520.0600585704,68.5147346775076,18.4699994328,0.0,62.9999967111788,0.0
1200814645,41.549999196,3.78000006,0.0,3520.0600585704,68.4331556361707,18.4699994328,0.0,69.0000006661409,0.0
1200814649,41.549999196,3.78000006,0.0,3520.0600585704,68.5249264444691,18.4699994328,0.0,58.9999963727899,0.0
1200814654,41.549999196,3.78000006,0.0,3520.0600585704,68.5249264444691,18.4699994328,0.0,46.0000004440939,0.0
1200814658,41.549999196,3.78000006,0.0,3520.0600585704,68.5453249469404,18.4699994328,0.0,47.0000022523805,0.0
1200814663,41.549999196,3.78000006,0.0,3520.0600585704,68.4331556361707,18.4699994328,0.0,35.0000012372137,0.0
1200814668,41.549999196,3.78000006,0.0,3520.0600585704,68.4637459056035,18.4699994328,0.0,52.9999993125852,0.0
1200814673,41.549999196,3.78000006,0.0,3520.0600585704,68.4739453836353,18.4699994328,0.0,36.9999979590295,0.0
1200814677,41.549999196,3.78000006,0.0,3520.0600585704,68.5351259225009,18.4699994328,0.0,50.9999956960121,0.0
1200814682,41.549999196,3.78000006,0.0,3520.0600585704,68.4637459056035,18.4699994328,0.0,29.9999990905382,0.0
1200814686,41.549999196,3.78000006,0.0,3520.0600585704,68.4739453836353,18.4699994328,0.0,40.9999982974184,0.0
1200814691,41.549999196,3.78000006,0.0,3520.0600585704,68.5147346775076,18.4699994328,0.0,32.0000027071113,0.0
1200814694,41.549999196,3.78000006,0.0,3520.0600585704,68.4739453836353,18.4699994328,0.0,60.0000050758338,0.0
1200814699,41.549999196,3.78000006,0.0,3520.0600585704,68.5759152163732,18.4699994328,0.0,37.9999997673161,0.0
1200814703,41.549999196,3.78000006,0.0,3520.0600585704,68.4841444080748,18.4699994328,0.0,56.9999996509741,0.0
1200814708,41.549999196,3.78000006,0.0,3520.0600585704,68.3923658887061,18.4699994328,0.0,40.9999982974184,0.0
1200814712,41.549999196,3.78000006,0.0,3520.0600585704,68.5147346775076,18.4699994328,0.0,48.9999989741963,0.0
1200814717,41.549999196,3.78000006,0.0,3520.0600585704,68.4433551142025,18.4699994328,0.0,42.000000105705,0.0
1200814722,41.549999196,3.78000006,0.0,3520.0600585704,68.5657161919337,18.4699994328,0.0,69.0000006661409,0.0
1200814727,41.549999196,3.78000006,0.0,3520.0600585704,68.5453249469404,18.4699994328,0.0,77.999996256448,0.0
1200814731,41.549999196,3.78000006,0.0,3520.0600585704,68.4229561581389,18.4699994328,0.0,65.0000003277519,0.0
1200814736,41.549999196,3.78000006,0.0,3520.0600585704,68.4637459056035,18.4699994328,0.0,51.9999975042986,0.0
1200814740,41.549999196,3.78000006,0.0,3520.0600585704,68.4025653667379,18.4699994328,0.0,36.9999979590295,0.0
1200814745,41.549999196,3.78000006,0.0,3520.0600585704,68.4739453836353,18.4699994328,0.0,33.0000045153979,0.0
1200814748,41.549999196,3.78000006,0.0,3520.0600585704,68.4739453836353,18.4699994328,0.0,56.9999996509741,0.0
1200814753,41.549999196,3.78000006,0.0,3520.0600585704,68.4739453836353,18.4699994328,0.0,73.0000010045298,0.0
1200814757,41.549999196,3.78000006,0.0,3520.0600585704,68.4637459056035,18.4699994328,0.0,47.9999971659097,0.0
1200814762,41.549999196,3.78000006,0.0,3520.0600585704,68.5351259225009,18.4699994328,0.0,46.0000004440939,0.0
1200814766,41.549999196,3.78000006,0.0,3520.0600585704,68.5147346775076,18.4699994328,0.0,43.0000019139915,0.0
1200814771,41.549999196,3.78000006,0.0,3520.0600585704,68.4433551142025,18.4699994328,0.0,37.9999997673161,0.0
1200814776,41.549999196,3.78000006,0.0,3520.0600585704,68.5657161919337,18.4699994328,0.0,33.9999994289272,0.0
1200814781,41.549999196,3.78000006,0.0,3520.0600585704,68.4739453836353,18.4699994328,0.0,4.00000033838892,0.0
1200814790,41.549999196,3.78000006,0.0,3520.0600585704,68.4025653667379,18.4699994328,0.0,62.0000017976496,0.0
1200814794,41.549999196,3.78000006,0.0,3520.0600585704,68.4331556361707,18.4699994328,0.0,58.9999963727899,0.0
1200814799,41.549999196,3.78000006,0.0,3520.0600585704,68.4943361750363,18.4699994328,0.0,88.9999954633282,0.0
1200814802,41.549999196,3.78000006,0.0,3520.0600585704,68.5351259225009,18.4699994328,0.0,88.9999954633282,0.0
1200814807,41.549999196,3.78000006,0.0,3520.0600585704,68.4331556361707,18.4699994328,0.0,74.0000028128163,0.0
1200814816,41.549999196,3.78000006,0.0,3520.0600585704,68.4841444080748,18.4699994328,0.0,60.0000050758338,0.0
1200814820,41.549999196,3.78000006,0.0,3520.0600585704,68.4739453836353,18.4699994328,0.0,62.9999967111788,0.0
1200814825,41.549999196,3.78000006,0.0,3520.0600585704,68.4739453836353,18.4699994328,0.0,73.0000010045298,0.0
1200814830,41.549999196,3.78000006,0.0,3520.0600585704,68.4331556361707,18.4699994328,0.0,37.9999997673161,0.0
1200814835,41.549999196,3.78000006,0.0,3520.0600585704,68.4025653667379,18.4699994328,0.0,36.0000030455003,0.0
1200814839,41.549999196,3.78000006,0.0,3520.0600585704,68.4739453836353,18.4699994328,0.0,66.0000021360385,0.0
1200814844,41.549999196,3.78000006,0.0,3520.0600585704,68.4739453836353,18.4699994328,0.0,82.9999984031234,0.0
1200814848,41.549999196,3.78000006,0.0,3520.0600585704,68.4739453836353,18.4699994328,0.0,69.0000006661409,0.0
1200814853,41.549999196,3.78000006,0.0,3520.0600585704,68.4229561581389,18.4699994328,0.0,66.0000021360385,0.0
1200814856,41.549999196,3.78000006,0.0,3520.0600585704,68.606505485806,18.4699994328,0.0,47.9999971659097,0.0
1200814861,41.549999196,3.78000006,0.0,3520.0600585704,68.5351259225009,18.4699994328,0.0,33.0000045153979,0.0
1200814865,41.549999196,3.78000006,0.0,3520.0600585704,68.4637459056035,18.4699994328,0.0,36.9999979590295,0.0
1200814870,41.549999196,3.78000006,0.0,3520.0600585704,68.5147346775076,18.4699994328,0.0,46.0000004440939,0.0
1200814875,41.549999196,3.78000006,0.0,3520.0600585704,68.4637459056035,18.4699994328,0.0,42.000000105705,0.0
1200814879,41.549999196,3.78000006,0.0,3520.0600585704,68.4331556361707,18.4699994328,0.0,51.9999975042986,0.0
1200814884,41.549999196,3.78000006,0.0,3520.0600585704,68.4229561581389,18.4699994328,0.0,50.9999956960121,0.0
1200814889,41.549999196,3.78000006,0.0,3520.0600585704,68.4841444080748,18.4699994328,0.0,56.9999996509741,0.0
1200814893,41.549999196,3.78000006,0.0,3520.0600585704,68.6167049638378,18.4699994328,0.0,60.999999989363,0.0
1200814898,41.549999196,3.78000006,0.0,3520.0600585704,68.4841444080748,18.4699994328,0.0,47.0000022523805,0.0
1200814902,41.549999196,3.78000006,0.0,3520.0600585704,68.4841444080748,18.4699994328,0.0,37.9999997673161,0.0
1200814907,41.549999196,3.78000006,0.0,3520.0600585704,68.4025653667379,18.4699994328,0.0,43.0000019139915,0.0
1200814910,41.549999196,3.78000006,0.0,3520.0600585704,68.586114694405,18.4699994328,0.0,47.9999971659097,0.0
1200814915,41.549999196,3.78000006,0.0,3520.0600585704,68.3821668642666,18.4699994328,0.0,56.9999996509741,0.0
1200814919,41.549999196,3.78000006,0.0,3520.0600585704,68.4841444080748,18.4699994328,0.0,48.9999989741963,0.0
1200814924,41.549999196,3.78000006,0.0,3520.0600585704,68.4943361750363,18.4699994328,0.0,40.9999982974184,0.0
1200814929,41.549999196,3.78000006,0.0,3520.0600585704,68.5453249469404,18.4699994328,0.0,46.0000004440939,0.0
1200814933,41.549999196,3.78000006,0.0,3520.0600585704,68.4637459056035,18.4699994328,0.0,24.9999969438628,0.0
1200814938,41.549999196,3.78000006,0.0,3520.0600585704,68.5249264444691,18.4699994328,0.0,33.0000045153979,0.0
1200814943,41.549999196,3.78000006,0.0,3520.0600585704,68.4637459056035,18.4699994328,0.0,17.9999980753715,0.0
1200814947,41.549999196,3.78000006,0.0,3520.0600585704,68.5351259225009,18.4699994328,0.0,10.9999992068802,0.0
1200814952,41.549999196,3.78000006,0.0,3520.0600585704,68.4841444080748,18.4699994328,0.0,28.0000023687224,0.0
1200814956,41.549999196,3.78000006,0.0,3520.0600585704,68.4637459056035,18.4699994328,0.0,14.9999995452691,0.0
1200814961,41.549999196,3.78000006,0.0,3520.0600585704,68.3515765948338,18.4699994328,0.0,28.0000023687224,0.0
1200814964,41.549999196,3.78000006,0.0,3520.0600585704,68.5453249469404,18.4699994328,0.0,29.9999990905382,0.0
1200814969,41.549999196,3.78000006,0.0,3520.0600585704,68.4637459056035,18.4699994328,0.0,33.9999994289272,0.0
1200814973,41.549999196,3.78000006,0.0,3520.0600585704,68.4025653667379,18.4699994328,0.0,29.9999990905382,0.0
1200814978,41.549999196,3.78000006,0.0,3520.0600585704,68.5453249469404,18.4699994328,0.0,33.9999994289272,0.0
1200814983,41.549999196,3.78000006,0.0,3520.0600585704,68.4331556361707,18.4699994328,0.0,28.0000023687224,0.0
1200814987,41.549999196,3.78000006,0.0,3520.0600585704,68.4943361750363,18.4699994328,0.0,42.000000105705,0.0
1200814997,41.549999196,3.78000006,0.0,3520.0600585704,68.4943361750363,18.4699994328,0.0,10.9999992068802,0.0
1200815001,41.549999196,3.78000006,0.0,3520.0600585704,68.4433551142025,18.4699994328,0.0,13.9999977369826,0.0
1200815006,41.549999196,3.78000006,0.0,3520.0600585704,68.4739453836353,18.4699994328,0.0,33.0000045153979,0.0
1200815010,41.549999196,3.78000006,0.0,3520.0600585704,68.5249264444691,18.4699994328,0.0,5.99999706020473,0.0
1200815015,41.549999196,3.78000006,0.0,3520.0600585704,68.4433551142025,18.4699994328,0.0,-5.99999706020473,0.0
1200815023,41.549999196,3.78000006,0.0,3520.0600585704,68.5249264444691,18.4699994328,0.0,10.9999992068802,0.0
1200815027,41.549999196,3.78000006,0.0,3520.0600585704,68.5351259225009,18.4699994328,0.0,16.0000013535557,0.0
1200815032,41.549999196,3.78000006,0.0,3520.0600585704,68.4331556361707,18.4699994328,0.0,29.9999990905382,0.0
1200815037,41.549999196,3.78000006,0.0,3520.0600585704,68.4229561581389,18.4699994328,0.0,17.0000031618422,0.0
1200815041,41.549999196,3.78000006,0.0,3520.0600585704,68.4841444080748,18.4699994328,0.0,-1.99999672181581,0.0
1200815051,41.549999196,3.78000006,0.0,3520.0600585704,68.5453249469404,18.4699994328,0.0,20.0000016919446,0.0
1200815055,41.549999196,3.78000006,0.0,3520.0600585704,68.3515765948338,18.4699994328,0.0,18.999999883658,0.0
1200815060,41.549999196,3.78000006,0.0,3520.0600585704,68.4433551142025,18.4699994328,0.0,14.9999995452691,0.0
1200815064,41.549999196,3.78000006,0.0,3520.0600585704,68.4637459056035,18.4699994328,0.0,1.00000180828655,0.0
1200815069,41.549999196,3.78000006,0.0,3520.0600585704,68.5453249469404,18.4699994328,0.0,28.9999972822517,0.0
1200815072,41.549999196,3.78000006,0.0,3520.0600585704,68.4025653667379,18.4699994328,0.0,13.0000028234533,0.0
1200815077,41.549999196,3.78000006,0.0,3520.0600585704,68.4433551142025,18.4699994328,0.0,28.9999972822517,0.0
1200815081,41.549999196,3.78000006,0.0,3520.0600585704,68.5147346775076,18.4699994328,0.0,46.0000004440939,0.0
1200815086,41.549999196,3.78000006,0.0,3520.0600585704,68.5453249469404,18.4699994328,0.0,33.0000045153979,0.0
1200815091,41.549999196,3.78000006,0.0,3520.0600585704,68.5351259225009,18.4699994328,0.0,47.9999971659097,0.0
1200815095,41.549999196,3.78000006,0.0,3520.0600585704,68.5249264444691,18.4699994328,0.0,67.9999988578543,0.0
1200815100,41.549999196,3.78000006,0.0,3520.0600585704,68.4637459056035,18.4699994328,0.0,69.9999955796701,0.0
1200815105,41.549999196,3.78000006,0.0,3520.0600585704,68.5249264444691,18.4699994328,0.0,33.9999994289272,0.0
1200815109,41.549999196,3.78000006,0.0,3520.0600585704,68.4331556361707,18.4699994328,0.0,54.0000011208717,0.0
1200815114,41.549999196,3.78000006,0.0,3520.0600585704,68.4025653667379,18.4699994328,0.0,58.0000014592607,0.0
1200815118,41.549999196,3.78000006,0.0,3520.0600585704,68.3821668642666,18.4699994328,0.0,28.9999972822517,0.0
1200815123,41.549999196,3.78000006,0.0,3520.0600585704,68.4229561581389,18.4699994328,0.0,43.9999968275208,0.0
1200815126,41.549999196,3.78000006,0.0,3520.0600585704,68.4841444080748,18.4699994328,0.0,63.9999985194654,0.0
1200815131,41.549999196,3.78000006,0.0,3520.0600585704,68.5249264444691,18.4699994328,0.0,54.0000011208717,0.0
1200815135,41.549999196,3.78000006,0.0,3520.0600585704,68.5249264444691,18.4699994328,0.0,46.0000004440939,0.0
1200815140,41.549999196,3.78000006,0.0,3520.0600585704,68.5147346775076,18.4699994328,0.0,50.0000007824828,0.0
1200815145,41.549999196,3.78000006,0.0,3520.0600585704,68.4025653667379,18.4699994328,0.0,42.000000105705,0.0
1200815149,41.549999196,3.78000006,0.0,3520.0600585704,68.5249264444691,18.4699994328,0.0,82.9999984031234,0.0
1200815154,41.549999196,3.78000006,0.0,3520.0600585704,68.5453249469404,18.4699994328,0.0,62.9999967111788,0.0
1200815159,41.549999196,3.78000006,0.0,3520.0600585704,68.4841444080748,18.4699994328,0.0,47.0000022523805,0.0
1200815163,41.549999196,3.78000006,0.0,3520.0600585704,68.4739453836353,18.4699994328,0.0,77.0000013429187,0.0
1200815168,41.549999196,3.78000006,0.0,3520.0600585704,68.4637459056035,18.4699994328,0.0,75.9999995346322,0.0
1200815172,41.549999196,3.78000006,0.0,3520.0600585704,68.5453249469404,18.4699994328,0.0,67.0000039443251,0.0
1200815177,41.549999196,3.78000006,0.0,3520.0600585704,68.5147346775076,18.4699994328,0.0,82.9999984031234,0.0
1200815180,41.549999196,3.78000006,0.0,3520.0600585704,68.606505485806,18.4699994328,0.0,89.9999972716147,0.0
1200815185,41.549999196,3.78000006,0.0,3520.0600585704,68.4637459056035,18.4699994328,0.0,56.9999996509741,0.0
1200815189,41.549999196,3.78000006,0.0,3520.0600585704,68.4739453836353,18.4699994328,0.0,47.0000022523805,0.0
1200815194,41.549999196,3.78000006,0.0,3520.0600585704,68.5147346775076,18.4699994328,0.0,28.0000023687224,0.0
1200815199,41.549999196,3.78000006,0.0,3520.0600585704,68.4841444080748,18.4699994328,0.0,54.0000011208717,0.0
1200815203,41.549999196,3.78000006,0.0,3520.0600585704,68.6269044418696,18.4699994328,0.0,44.9999986358074,0.0
1200815208,41.549999196,3.78000006,0.0,3520.0600585704,68.4739453836353,18.4699994328,0.0,17.9999980753715,0.0
1200815213,41.549999196,3.78000006,0.0,3520.0600585704,68.4433551142025,18.4699994328,0.0,37.9999997673161,0.0
1200815217,41.549999196,3.78000006,0.0,3520.0600585704,68.5147346775076,18.4699994328,0.0,18.999999883658,0.0
1200815222,41.549999196,3.78000006,0.0,3520.0600585704,68.4841444080748,18.4699994328,0.0,24.9999969438628,0.0
1200815231,41.549999196,3.78000006,0.0,3520.0600585704,68.5249264444691,18.4699994328,0.0,18.999999883658,0.0
1200815234,41.549999196,3.78000006,0.0,3520.0600585704,68.5657161919337,18.4699994328,0.0,29.9999990905382,0.0
1200815239,41.549999196,3.78000006,0.0,3520.0600585704,68.5147346775076,18.4699994328,0.0,58.0000014592607,0.0
1200815243,41.549999196,3.78000006,0.0,3520.0600585704,68.4433551142025,18.4699994328,0.0,40.9999982974184,0.0
1200815248,41.549999196,3.78000006,0.0,3520.0600585704,68.5453249469404,18.4699994328,0.0,27.0000005604359,0.0
1200815257,41.549999196,3.78000006,0.0,3520.0600585704,68.3923658887061,18.4699994328,0.0,20.0000016919446,0.0
1200815262,41.549999196,3.78000006,0.0,3520.0600585704,68.5453249469404,18.4699994328,0.0,9.00000248506439,0.0
1200815267,41.549999196,3.78000006,0.0,3520.0600585704,68.4433551142025,18.4699994328,0.0,23.000000222047,0.0
1200815271,41.549999196,3.78000006,0.0,3520.0600585704,68.4841444080748,18.4699994328,0.0,35.0000012372137,0.0
1200815276,41.549999196,3.78000006,0.0,3520.0600585704,68.5147346775076,18.4699994328,0.0,31.0000008988248,0.0
1200815285,41.549999196,3.78000006,0.0,3520.0600585704,68.5453249469404,18.4699994328,0.0,10.9999992068802,0.0
1200815288,41.549999196,3.78000006,0.0,3520.0600585704,68.4025653667379,18.4699994328,0.0,37.9999997673161,0.0
1200815293,41.549999196,3.78000006,0.0,3520.0600585704,68.5249264444691,18.4699994328,0.0,23.000000222047,0.0
1200815297,41.549999196,3.78000006,0.0,3520.0600585704,68.5453249469404,18.4699994328,0.0,23.000000222047,0.0
1200815302,41.549999196,3.78000006,0.0,3520.0600585704,68.5249264444691,18.4699994328,0.0,40.9999982974184,0.0
1200815306,41.549999196,3.78000006,0.0,3520.0600585704,68.5351259225009,18.4699994328,0.0,36.9999979590295,0.0
1200815311,41.549999196,3.78000006,0.0,3520.0600585704,68.5147346775076,18.4699994328,0.0,16.0000013535557,0.0
1200815316,41.549999196,3.78000006,0.0,3520.0600585704,68.4739453836353,18.4699994328,0.0,25.9999987521493,0.0
1200815321,41.549999196,3.78000006,0.0,3520.0600585704,68.5249264444691,18.4699994328,0.0,28.0000023687224,0.0
1200815325,41.549999196,3.78000006,0.0,3520.0600585704,68.586114694405,18.4699994328,0.0,28.9999972822517,0.0
1200815330,41.549999196,3.78000006,0.0,3520.0600585704,68.4025653667379,18.4699994328,0.0,-1.99999672181581,0.0
1200815334,41.549999196,3.78000006,0.0,3520.0600585704,68.5249264444691,18.4699994328,0.0,0.0,0.0
1200815339,41.549999196,3.78000006,0.0,3520.0600585704,68.5351259225009,18.4699994328,0.0,10.9999992068802,0.0
1200815342,41.549999196,3.78000006,0.0,3520.0600585704,68.5249264444691,18.4699994328,0.0,0.0,0.0
1200815347,41.549999196,3.78000006,0.0,3520.0600585704,68.4637459056035,18.4699994328,0.0,28.0000023687224,0.0
1200815351,41.549999196,3.78000006,0.0,3520.0600585704,68.5249264444691,18.4699994328,0.0,28.0000023687224,0.0
1200815356,41.549999196,3.78000006,0.0,3520.0600585704,68.5351259225009,18.4699994328,0.0,24.0000020303335,0.0
1200815360,41.549999196,3.78000006,0.0,3520.0600585704,68.4433551142025,18.4699994328,0.0,28.9999972822517,0.0
1200815365,41.549999196,3.78000006,0.0,3520.0600585704,68.5147346775076,18.4699994328,0.0,36.0000030455003,0.0
1200815370,41.549999196,3.78000006,0.0,3520.0600585704,68.4433551142025,18.4699994328,0.0,24.0000020303335,0.0
1200815375,41.549999196,3.78000006,0.0,3520.0600585704,68.4433551142025,18.4699994328,0.0,35.0000012372137,0.0
1200815379,41.549999196,3.78000006,0.0,3520.0600585704,68.5453249469404,18.4699994328,0.0,4.00000033838892,0.0
1200815384,41.549999196,3.78000006,0.0,3520.0600585704,68.4433551142025,18.4699994328,0.0,9.00000248506439,0.0
1200815388,41.549999196,3.78000006,0.0,3520.0600585704,68.3515765948338,18.4699994328,0.0,36.0000030455003,0.0
1200815393,41.549999196,3.78000006,0.0,3520.0600585704,68.4739453836353,18.4699994328,0.0,20.0000016919446,0.0
1200815396,41.549999196,3.78000006,0.0,3520.0600585704,68.4025653667379,18.4699994328,0.0,14.9999995452691,0.0
1200815401,41.549999196,3.78000006,0.0,3520.0600585704,68.4841444080748,18.4699994328,0.0,24.0000020303335,0.0
1200815405,41.549999196,3.78000006,0.0,3520.0600585704,68.4025653667379,18.4699994328,0.0,28.0000023687224,0.0
1200815410,41.549999196,3.78000006,0.0,3520.0600585704,68.3923658887061,18.4699994328,0.0,21.9999984137604,0.0
1200815414,41.549999196,3.78000006,0.0,3520.0600585704,68.5657161919337,18.4699994328,0.0,39.0000015756026,0.0
1200815419,41.549999196,3.78000006,0.0,3520.0600585704,68.606505485806,18.4699994328,0.0,18.999999883658,0.0
1200815424,41.549999196,3.78000006,0.0,3520.0600585704,68.4433551142025,18.4699994328,0.0,40.9999982974184,0.0
1200815429,41.549999196,3.78000006,0.0,3520.0600585704,68.4841444080748,18.4699994328,0.0,35.0000012372137,0.0
1200815433,41.549999196,3.78000006,0.0,3520.0600585704,68.5249264444691,18.4699994328,0.0,24.0000020303335,0.0
1200815438,41.549999196,3.78000006,0.0,3520.0600585704,68.4739453836353,18.4699994328,0.0,31.0000008988248,0.0
1200815442,41.549999196,3.78000006,0.0,3520.0600585704,68.4025653667379,18.4699994328,0.0,13.9999977369826,0.0
1200815447,41.549999196,3.78000006,0.0,3520.0600585704,68.3923658887061,18.4699994328,0.0,42.000000105705,0.0
1200815450,41.549999196,3.78000006,0.0,3520.0600585704,68.4739453836353,18.4699994328,0.0,28.0000023687224,0.0
1200815455,41.549999196,3.78000006,0.0,3520.0600585704,68.4433551142025,18.4699994328,0.0,37.9999997673161,0.0
1200815464,41.549999196,3.78000006,0.0,3520.0600585704,68.4637459056035,18.4699994328,0.0,28.9999972822517,0.0
1200815468,41.549999196,3.78000006,0.0,3520.0600585704,68.4841444080748,18.4699994328,0.0,24.9999969438628,0.0
1200815473,41.549999196,3.78000006,0.0,3520.0600585704,68.3719750973051,18.4699994328,0.0,10.9999992068802,0.0
1200815478,41.549999196,3.78000006,0.0,3520.0600585704,68.4229561581389,18.4699994328,0.0,13.9999977369826,0.0
1200815483,41.549999196,3.78000006,0.0,3520.0600585704,68.4433551142025,18.4699994328,0.0,39.0000015756026,0.0
1200815492,41.549999196,3.78000006,0.0,3520.0600585704,68.4637459056035,18.4699994328,0.0,55.0000029291583,0.0
1200815496,41.549999196,3.78000006,0.0,3520.0600585704,68.3005955340001,18.4699994328,0.0,62.9999967111788,0.0
1200815501,41.549999196,3.78000006,0.0,3520.0600585704,68.4433551142025,18.4699994328,0.0,66.0000021360385,0.0
1200815504,41.549999196,3.78000006,0.0,3520.0600585704,68.4229561581389,18.4699994328,0.0,63.9999985194654,0.0
1200815509,41.549999196,3.78000006,0.0,3520.0600585704,68.3311858034328,18.4699994328,0.0,58.9999963727899,0.0
1200815513,41.549999196,3.78000006,0.0,3520.0600585704,68.4229561581389,18.4699994328,0.0,60.999999989363,0.0
1200815518,41.549999196,3.78000006,0.0,3520.0600585704,68.4739453836353,18.4699994328,0.0,51.9999975042986,0.0
1200815523,41.549999196,3.78000006,0.0,3520.0600585704,68.3515765948338,18.4699994328,0.0,48.9999989741963,0.0
1200815527,41.549999196,3.78000006,0.0,3520.0600585704,68.4025653667379,18.4699994328,0.0,28.0000023687224,0.0
1200815532,41.549999196,3.78000006,0.0,3520.0600585704,68.3923658887061,18.4699994328,0.0,24.9999969438628,0.0
1200815537,41.549999196,3.78000006,0.0,3520.0600585704,68.4841444080748,18.4699994328,0.0,58.9999963727899,0.0
1200815541,41.549999196,3.78000006,0.0,3520.0600585704,68.3005955340001,18.4699994328,0.0,50.9999956960121,0.0
1200815546,41.549999196,3.78000006,0.0,3520.0600585704,68.4025653667379,18.4699994328,0.0,75.9999995346322,0.0
1200815550,41.549999196,3.78000006,0.0,3520.0600585704,68.3515765948338,18.4699994328,0.0,67.9999988578543,0.0
1200815555,41.549999196,3.78000006,0.0,3520.0600585704,68.4739453836353,18.4699994328,0.0,75.9999995346322,0.0
1200815558,41.549999196,3.78000006,0.0,3520.0600585704,68.4433551142025,18.4699994328,0.0,67.0000039443251,0.0
1200815563,41.549999196,3.78000006,0.0,3520.0600585704,68.4331556361707,18.4699994328,0.0,56.9999996509741,0.0
1200815567,41.549999196,3.78000006,0.0,3520.0600585704,68.5249264444691,18.4699994328,0.0,37.9999997673161,0.0
1200815572,41.549999196,3.78000006,0.0,3520.0600585704,68.4229561581389,18.4699994328,0.0,55.9999978426876,0.0
1200815577,41.549999196,3.78000006,0.0,3520.0600585704,68.3821668642666,18.4699994328,0.0,60.999999989363,0.0
1200815581,41.549999196,3.78000006,0.0,3520.0600585704,68.341377116802,18.4699994328,0.0,36.9999979590295,0.0
1200815586,41.549999196,3.78000006,0.0,3520.0600585704,68.3821668642666,18.4699994328,0.0,51.9999975042986,0.0
1200815591,41.549999196,3.78000006,0.0,3520.0600585704,68.606505485806,18.4699994328,0.0,44.9999986358074,0.0
1200815595,41.549999196,3.78000006,0.0,3520.0600585704,68.4433551142025,18.4699994328,0.0,58.9999963727899,0.0
1200815600,41.549999196,3.78000006,0.0,3520.0600585704,68.4943361750363,18.4699994328,0.0,69.9999955796701,0.0
1200815604,41.549999196,3.78000006,0.0,3520.0600585704,68.4229561581389,18.4699994328,0.0,72.0000060910005,0.0
1200815609,41.549999196,3.78000006,0.0,3520.0600585704,68.4433551142025,18.4699994328,0.0,86.9999987415123,0.0
1200815612,41.549999196,3.78000006,0.0,3520.0600585704,68.5759152163732,18.4699994328,0.0,66.0000021360385,0.0
1200815617,41.549999196,3.78000006,0.0,3520.0600585704,68.3719750973051,18.4699994328,0.0,52.9999993125852,0.0
1200815621,41.549999196,3.78000006,0.0,3520.0600585704,68.3821668642666,18.4699994328,0.0,58.9999963727899,0.0
1200815626,41.549999196,3.78000006,0.0,3520.0600585704,68.3821668642666,18.4699994328,0.0,62.9999967111788,0.0
1200815631,41.549999196,3.78000006,0.0,3520.0600585704,68.4229561581389,18.4699994328,0.0,25.9999987521493,0.0
1200815635,41.549999196,3.78000006,0.0,3520.0600585704,68.4433551142025,18.4699994328,0.0,48.9999989741963,0.0
1200815640,41.549999196,3.78000006,0.0,3520.0600585704,68.5759152163732,18.4699994328,0.0,43.9999968275208,0.0
1200815645,41.549999196,3.78000006,0.0,3520.0600585704,68.5249264444691,18.4699994328,0.0,32.0000027071113,0.0
1200815649,41.549999196,3.78000006,0.0,3520.0600585704,68.5147346775076,18.4699994328,0.0,37.9999997673161,0.0
1200815654,41.549999196,3.78000006,0.0,3520.0600585704,68.5351259225009,18.4699994328,0.0,12.0000010151668,0.0
1200815658,41.549999196,3.78000006,0.0,3520.0600585704,68.4025653667379,18.4699994328,0.0,25.9999987521493,0.0
1200815663,41.549999196,3.78000006,0.0,3520.0600585704,68.3821668642666,18.4699994328,0.0,27.0000005604359,0.0
1200815671,41.549999196,3.78000006,0.0,3520.0600585704,68.2903960559682,18.4699994328,0.0,36.0000030455003,0.0
1200815675,41.549999196,3.78000006,0.0,3520.0600585704,68.5249264444691,18.4699994328,0.0,56.9999996509741,0.0
1200815680,41.549999196,3.78000006,0.0,3520.0600585704,68.3923658887061,18.4699994328,0.0,33.9999994289272,0.0
1200815685,41.549999196,3.78000006,0.0,3520.0600585704,68.4331556361707,18.4699994328,0.0,50.9999956960121,0.0
1200815689,41.549999196,3.78000006,0.0,3520.0600585704,68.4943361750363,18.4699994328,0.0,50.9999956960121,0.0
1200815699,41.549999196,3.78000006,0.0,3520.0600585704,68.4943361750363,18.4699994328,0.0,46.0000004440939,0.0
1200815703,41.549999196,3.78000006,0.0,3520.0600585704,68.4637459056035,18.4699994328,0.0,32.0000027071113,0.0
1200815708,41.549999196,3.78000006,0.0,3520.0600585704,68.341377116802,18.4699994328,0.0,43.9999968275208,0.0
1200815712,41.549999196,3.78000006,0.0,3520.0600585704,68.5249264444691,18.4699994328,0.0,48.9999989741963,0.0
1200815717,41.549999196,3.78000006,0.0,3520.0600585704,68.5351259225009,18.4699994328,0.0,92.0000008881878,0.0
1200815725,41.549999196,3.78000006,0.0,3520.0600585704,68.4637459056035,18.4699994328,0.0,69.9999955796701,0.0
1200815729,41.549999196,3.78000006,0.0,3520.0600585704,68.4943361750363,18.4699994328,0.0,43.0000019139915,0.0
1200815734,41.549999196,3.78000006,0.0,3520.0600585704,68.4841444080748,18.4699994328,0.0,36.9999979590295,0.0
1200815739,41.549999196,3.78000006,0.0,3520.0600585704,68.4331556361707,18.4699994328,0.0,24.0000020303335,0.0
1200815743,41.549999196,3.78000006,0.0,3520.0600585704,68.4841444080748,18.4699994328,0.0,77.0000013429187,0.0
1200815748,41.549999196,3.78000006,0.0,3520.0600585704,68.4637459056035,18.4699994328,0.0,62.9999967111788,0.0
1200815753,41.549999196,3.78000006,0.0,3520.0600585704,68.4331556361707,18.4699994328,0.0,56.9999996509741,0.0
1200815757,41.549999196,3.78000006,0.0,3520.0600585704,68.4739453836353,18.4699994328,0.0,54.0000011208717,0.0
1200815762,41.549999196,3.78000006,0.0,3520.0600585704,68.5249264444691,18.4699994328,0.0,43.9999968275208,0.0
1200815766,41.549999196,3.78000006,0.0,3520.0600585704,68.4739453836353,18.4699994328,0.0,51.9999975042986,0.0
1200815771,41.549999196,3.78000006,0.0,3520.0600585704,68.4841444080748,18.4699994328,0.0,47.9999971659097,0.0
1200815774,41.549999196,3.78000006,0.0,3520.0600585704,68.4331556361707,18.4699994328,0.0,56.9999996509741,0.0
1200815779,41.549999196,3.78000006,0.0,3520.0600585704,68.3923658887061,18.4699994328,0.0,51.9999975042986,0.0
1200815783,41.549999196,3.78000006,0.0,3520.0600585704,68.5351259225009,18.4699994328,0.0,40.0000033838892,0.0
1200815788,41.549999196,3.78000006,0.0,3520.0600585704,68.3923658887061,18.4699994328,0.0,58.9999963727899,0.0
1200815793,41.549999196,3.78000006,0.0,3520.0600585704,68.4433551142025,18.4699994328,0.0,35.0000012372137,0.0
1200815797,41.549999196,3.78000006,0.0,3520.0600585704,68.5657161919337,18.4699994328,0.0,55.0000029291583,0.0
1200815802,41.549999196,3.78000006,0.0,3520.0600585704,68.4025653667379,18.4699994328,0.0,55.9999978426876,0.0
1200815807,41.549999196,3.78000006,0.0,3520.0600585704,68.4637459056035,18.4699994328,0.0,63.9999985194654,0.0
1200815811,41.549999196,3.78000006,0.0,3520.0600585704,68.4739453836353,18.4699994328,0.0,54.0000011208717,0.0
1200815816,41.549999196,3.78000006,0.0,3520.0600585704,68.4943361750363,18.4699994328,0.0,40.9999982974184,0.0
1200815820,41.549999196,3.78000006,0.0,3520.0600585704,68.3821668642666,18.4699994328,0.0,36.0000030455003,0.0
1200815825,41.549999196,3.78000006,0.0,3520.0600585704,68.4331556361707,18.4699994328,0.0,40.0000033838892,0.0
1200815828,41.549999196,3.78000006,0.0,3520.0600585704,68.4229561581389,18.4699994328,0.0,40.0000033838892,0.0
1200815833,41.549999196,3.78000006,0.0,3520.0600585704,68.4943361750363,18.4699994328,0.0,58.0000014592607,0.0
1200815837,41.549999196,3.78000006,0.0,3520.0600585704,68.5453249469404,18.4699994328,0.0,48.9999989741963,0.0
1200815842,41.549999196,3.78000006,0.0,3520.0600585704,68.4637459056035,18.4699994328,0.0,37.9999997673161,0.0
1200815847,41.549999196,3.78000006,0.0,3520.0600585704,68.3719750973051,18.4699994328,0.0,60.999999989363,0.0
1200815851,41.549999196,3.78000006,0.0,3520.0600585704,68.5453249469404,18.4699994328,0.0,33.9999994289272,0.0
1200815856,41.549999196,3.78000006,0.0,3520.0600585704,68.3311858034328,18.4699994328,0.0,46.0000004440939,0.0
1200815861,41.549999196,3.78000006,0.0,3520.0600585704,68.4943361750363,18.4699994328,0.0,33.0000045153979,0.0
1200815865,41.549999196,3.78000006,0.0,3520.0600585704,68.4637459056035,18.4699994328,0.0,33.0000045153979,0.0
1200815870,41.549999196,3.78000006,0.0,3520.0600585704,68.5351259225009,18.4699994328,0.0,43.9999968275208,0.0
1200815874,41.549999196,3.78000006,0.0,3520.0600585704,68.4637459056035,18.4699994328,0.0,55.0000029291583,0.0
1200815879,41.549999196,3.78000006,0.0,3520.0600585704,68.5351259225009,18.4699994328,0.0,66.0000021360385,0.0
1200815882,41.549999196,3.78000006,0.0,3520.0600585704,68.4841444080748,18.4699994328,0.0,55.0000029291583,0.0
1200815887,41.549999196,3.78000006,0.0,3520.0600585704,68.4739453836353,18.4699994328,0.0,39.0000015756026,0.0
1200815891,41.549999196,3.78000006,0.0,3520.0600585704,68.4025653667379,18.4699994328,0.0,54.0000011208717,0.0
1200815896,41.549999196,3.78000006,0.0,3520.0600585704,68.4433551142025,18.4699994328,0.0,24.0000020303335,0.0
1200815905,41.549999196,3.78000006,0.0,3520.0600585704,68.5249264444691,18.4699994328,0.0,56.9999996509741,0.0
1200815910,41.549999196,3.78000006,0.0,3520.0600585704,68.5759152163732,18.4699994328,0.0,47.9999971659097,0.0
1200815915,41.549999196,3.78000006,0.0,3520.0600585704,68.5249264444691,18.4699994328,0.0,43.9999968275208,0.0
1200815919,41.549999196,3.78000006,0.0,3520.0600585704,68.4841444080748,18.4699994328,0.0,36.0000030455003,0.0
1200815924,41.549999196,3.78000006,0.0,3520.0600585704,68.5147346775076,18.4699994328,0.0,24.9999969438628,0.0
1200815933,41.549999196,3.78000006,0.0,3520.0600585704,68.3923658887061,18.4699994328,0.0,55.9999978426876,0.0
1200815936,41.549999196,3.78000006,0.0,3520.0600585704,68.3923658887061,18.4699994328,0.0,42.000000105705,0.0
1200815941,41.549999196,3.78000006,0.0,3520.0600585704,68.5147346775076,18.4699994328,0.0,36.9999979590295,0.0
1200815945,41.549999196,3.78000006,0.0,3520.0600585704,68.5351259225009,18.4699994328,0.0,55.0000029291583,0.0
1200815950,41.549999196,3.78000006,0.0,3520.0600585704,68.4637459056035,18.4699994328,0.0,27.0000005604359,0.0
1200815959,41.549999196,3.78000006,0.0,3520.0600585704,68.4025653667379,18.4699994328,0.0,25.9999987521493,0.0
1200815964,41.549999196,3.78000006,0.0,3520.0600585704,68.4433551142025,18.4699994328,0.0,47.9999971659097,0.0
1200815969,41.549999196,3.78000006,0.0,3520.0600585704,68.3719750973051,18.4699994328,0.0,31.0000008988248,0.0
1200815973,41.549999196,3.78000006,0.0,3520.0600585704,68.4637459056035,18.4699994328,0.0,44.9999986358074,0.0
1200815978,41.549999196,3.78000006,0.0,3520.0600585704,68.4841444080748,18.4699994328,0.0,36.9999979590295,0.0
1200815982,41.549999196,3.78000006,0.0,3520.0600585704,68.5147346775076,18.4699994328,0.0,40.0000033838892,0.0
1200815987,41.549999196,3.78000006,0.0,3520.0600585704,68.5351259225009,18.4699994328,0.0,54.0000011208717,0.0
1200815990,41.549999196,3.78000006,0.0,3520.0600585704,68.3821668642666,18.4699994328,0.0,43.0000019139915,0.0
1200815995,41.549999196,3.78000006,0.0,3520.0600585704,68.5657161919337,18.4699994328,0.0,54.0000011208717,0.0
1200815999,41.549999196,3.78000006,0.0,3520.0600585704,68.3719750973051,18.4699994328,0.0,40.0000033838892,0.0
1200816004,41.549999196,3.78000006,0.0,3520.0600585704,68.4841444080748,18.4699994328,0.0,23.000000222047,0.0
1200816008,41.549999196,3.78000006,0.0,3520.0600585704,68.4229561581389,18.4699994328,0.0,43.9999968275208,0.0
1200816013,41.549999196,3.78000006,0.0,3520.0600585704,68.4637459056035,18.4699994328,0.0,58.9999963727899,0.0
1200816018,41.549999196,3.78000006,0.0,3520.0600585704,68.3515765948338,18.4699994328,0.0,40.0000033838892,0.0
1200816023,41.549999196,3.78000006,0.0,3520.0600585704,68.5657161919337,18.4699994328,0.0,28.9999972822517,0.0
1200816027,41.549999196,3.78000006,0.0,3520.0600585704,68.5249264444691,18.4699994328,0.0,40.9999982974184,0.0
1200816032,41.549999196,3.78000006,0.0,3520.0600585704,68.5249264444691,18.4699994328,0.0,36.9999979590295,0.0
1200816036,41.549999196,3.78000006,0.0,3520.0600585704,68.4739453836353,18.4699994328,0.0,39.0000015756026,0.0
1200816041,41.549999196,3.78000006,0.0,3520.0600585704,68.4739453836353,18.4699994328,0.0,27.0000005604359,0.0
1200816044,41.549999196,3.78000006,0.0,3520.0600585704,68.4331556361707,18.4699994328,0.0,23.000000222047,0.0
1200816049,41.549999196,3.78000006,0.0,3520.0600585704,68.606505485806,18.4699994328,0.0,33.0000045153979,0.0
1200816053,41.549999196,3.78000006,0.0,3520.0600585704,68.4229561581389,18.4699994328,0.0,43.0000019139915,0.0
1200816058,41.549999196,3.78000006,0.0,3520.0600585704,68.5147346775076,18.4699994328,0.0,25.9999987521493,0.0
1200816062,41.549999196,3.78000006,0.0,3520.0600585704,68.4433551142025,18.4699994328,0.0,36.9999979590295,0.0
1200816067,41.549999196,3.78000006,0.0,3520.0600585704,68.5453249469404,18.4699994328,0.0,36.0000030455003,0.0
1200816072,41.549999196,3.78000006,0.0,3520.0600585704,68.4433551142025,18.4699994328,0.0,40.9999982974184,0.0
1200816077,41.549999196,3.78000006,0.0,3520.0600585704,68.4331556361707,18.4699994328,0.0,35.0000012372137,0.0
1200816081,41.549999196,3.78000006,0.0,3520.0600585704,68.3923658887061,18.4699994328,0.0,40.0000033838892,0.0
1200816086,41.549999196,3.78000006,0.0,3520.0600585704,68.4025653667379,18.4699994328,0.0,35.0000012372137,0.0
1200816090,41.549999196,3.78000006,0.0,3520.0600585704,68.4331556361707,18.4699994328,0.0,47.0000022523805,0.0
1200816095,41.549999196,3.78000006,0.0,3520.0600585704,68.3821668642666,18.4699994328,0.0,55.9999978426876,0.0
1200816098,41.549999196,3.78000006,0.0,3520.0600585704,68.4739453836353,18.4699994328,0.0,35.0000012372137,0.0
1200816103,41.549999196,3.78000006,0.0,3520.0600585704,68.4229561581389,18.4699994328,0.0,24.9999969438628,0.0
1200816107,41.549999196,3.78000006,0.0,3520.0600585704,68.4025653667379,18.4699994328,0.0,28.9999972822517,0.0
1200816112,41.549999196,3.78000006,0.0,3520.0600585704,68.4025653667379,18.4699994328,0.0,24.9999969438628,0.0
1200816116,41.549999196,3.78000006,0.0,3520.0600585704,68.341377116802,18.4699994328,0.0,29.9999990905382,0.0
1200816121,41.549999196,3.78000006,0.0,3520.0600585704,68.3515765948338,18.4699994328,0.0,1.99999672181581,0.0
1200816126,41.549999196,3.78000006,0.0,3520.0600585704,68.3821668642666,18.4699994328,0.0,21.9999984137604,0.0
1200816131,41.549999196,3.78000006,0.0,3520.0600585704,68.3515765948338,18.4699994328,0.0,21.9999984137604,0.0
1200816140,41.549999196,3.78000006,0.0,3520.0600585704,68.4025653667379,18.4699994328,0.0,33.0000045153979,0.0
1200816144,41.549999196,3.78000006,0.0,3520.0600585704,68.4025653667379,18.4699994328,0.0,27.0000005604359,0.0
1200816149,41.549999196,3.78000006,0.0,3520.0600585704,68.5249264444691,18.4699994328,0.0,47.0000022523805,0.0
1200816152,41.549999196,3.78000006,0.0,3520.0600585704,68.4943361750363,18.4699994328,0.0,32.0000027071113,0.0
1200816157,41.549999196,3.78000006,0.0,3520.0600585704,68.4841444080748,18.4699994328,0.0,35.0000012372137,0.0
1200816166,41.549999196,3.78000006,0.0,3520.0600585704,68.4025653667379,18.4699994328,0.0,24.0000020303335,0.0
1200816170,41.549999196,3.78000006,0.0,3520.0600585704,68.3719750973051,18.4699994328,0.0,58.9999963727899,0.0
1200816175,41.549999196,3.78000006,0.0,3520.0600585704,68.4229561581389,18.4699994328,0.0,60.999999989363,0.0
1200816180,41.549999196,3.78000006,0.0,3520.0600585704,68.4943361750363,18.4699994328,0.0,33.0000045153979,0.0
1200816185,41.549999196,3.78000006,0.0,3520.0600585704,68.5657161919337,18.4699994328,0.0,31.0000008988248,0.0
1200816189,41.549999196,3.78000006,0.0,3520.0600585704,68.5147346775076,18.4699994328,0.0,28.0000023687224,0.0
1200816194,41.549999196,3.78000006,0.0,3520.0600585704,68.4331556361707,18.4699994328,0.0,40.9999982974184,0.0
1200816198,41.549999196,3.78000006,0.0,3520.0600585704,68.2801965779364,18.4699994328,0.0,47.9999971659097,0.0
1200816203,41.549999196,3.78000006,0.0,3520.0600585704,68.4943361750363,18.4699994328,0.0,44.9999986358074,0.0
1200816206,41.549999196,3.78000006,0.0,3520.0600585704,68.341377116802,18.4699994328,0.0,32.0000027071113,0.0
1200816211,41.549999196,3.78000006,0.0,3520.0600585704,68.5147346775076,18.4699994328,0.0,42.000000105705,0.0
1200816215,41.549999196,3.78000006,0.0,3520.0600585704,68.3311858034328,18.4699994328,0.0,60.999999989363,0.0
1200816220,41.549999196,3.78000006,0.0,3520.0600585704,68.3821668642666,18.4699994328,0.0,50.9999956960121,0.0
1200816225,41.549999196,3.78000006,0.0,3520.0600585704,68.4943361750363,18.4699994328,0.0,28.9999972822517,0.0
1200816229,41.549999196,3.78000006,0.0,3520.0600585704,68.3821668642666,18.4699994328,0.0,33.9999994289272,0.0
1200816234,41.549999196,3.78000006,0.0,3520.0600585704,68.4433551142025,18.4699994328,0.0,16.0000013535557,0.0
1200816239,41.549999196,3.78000006,0.0,3520.0600585704,68.4331556361707,18.4699994328,0.0,27.0000005604359,0.0
1200816243,41.549999196,3.78000006,0.0,3520.0600585704,68.3311858034328,18.4699994328,0.0,24.0000020303335,0.0
1200816248,41.549999196,3.78000006,0.0,3520.0600585704,68.3821668642666,18.4699994328,0.0,54.0000011208717,0.0
1200816252,41.549999196,3.78000006,0.0,3520.0600585704,68.4025653667379,18.4699994328,0.0,44.9999986358074,0.0
1200816257,41.549999196,3.78000006,0.0,3520.0600585704,68.4739453836353,18.4699994328,0.0,18.999999883658,0.0
1200816260,41.549999196,3.78000006,0.0,3520.0600585704,68.3719750973051,18.4699994328,0.0,33.0000045153979,0.0
1200816265,41.549999196,3.78000006,0.0,3520.0600585704,68.4229561581389,18.4699994328,0.0,50.0000007824828,0.0
1200816269,41.549999196,3.78000006,0.0,3520.0600585704,68.3923658887061,18.4699994328,0.0,27.0000005604359,0.0
1200816274,41.549999196,3.78000006,0.0,3520.0600585704,68.3311858034328,18.4699994328,0.0,24.9999969438628,0.0
1200816279,41.549999196,3.78000006,0.0,3520.0600585704,68.4331556361707,18.4699994328,0.0,33.9999994289272,0.0
1200816283,41.549999196,3.78000006,0.0,3520.0600585704,68.5351259225009,18.4699994328,0.0,39.0000015756026,0.0
1200816288,41.549999196,3.78000006,0.0,3520.0600585704,68.5351259225009,18.4699994328,0.0,47.0000022523805,0.0
1200816293,41.549999196,3.78000006,0.0,3520.0600585704,68.3923658887061,18.4699994328,0.0,44.9999986358074,0.0
1200816297,41.549999196,3.78000006,0.0,3520.0600585704,68.4025653667379,18.4699994328,0.0,70.9999973879567,0.0
1200816302,41.549999196,3.78000006,0.0,3520.0600585704,68.4229561581389,18.4699994328,0.0,40.9999982974184,0.0
1200816306,41.549999196,3.78000006,0.0,3520.0600585704,68.4229561581389,18.4699994328,0.0,50.9999956960121,0.0
1200816311,41.549999196,3.78000006,0.0,3520.0600585704,68.4637459056035,18.4699994328,0.0,36.9999979590295,0.0
1200816314,41.549999196,3.78000006,0.0,3520.0600585704,68.4025653667379,18.4699994328,0.0,33.0000045153979,0.0
1200816319,41.549999196,3.78000006,0.0,3520.0600585704,68.3107868473692,18.4699994328,0.0,37.9999997673161,0.0
1200816323,41.549999196,3.78000006,0.0,3520.0600585704,68.3923658887061,18.4699994328,0.0,32.0000027071113,0.0
1200816328,41.549999196,3.78000006,0.0,3520.0600585704,68.4841444080748,18.4699994328,0.0,55.9999978426876,0.0
1200816333,41.549999196,3.78000006,0.0,3520.0600585704,68.3923658887061,18.4699994328,0.0,35.0000012372137,0.0
1200816337,41.549999196,3.78000006,0.0,3520.0600585704,68.4739453836353,18.4699994328,0.0,40.9999982974184,0.0
1200816347,41.549999196,3.78000006,0.0,3520.0600585704,68.4229561581389,18.4699994328,0.0,40.0000033838892,0.0
1200816351,41.549999196,3.78000006,0.0,3520.0600585704,68.4739453836353,18.4699994328,0.0,-5.99999706020473,0.0
1200816356,41.549999196,3.78000006,0.0,3520.0600585704,68.4229561581389,18.4699994328,0.0,8.00000067677784,0.0
1200816360,41.549999196,3.78000006,0.0,3520.0600585704,68.4943361750363,18.4699994328,0.0,5.99999706020473,0.0
1200816365,41.549999196,3.78000006,0.0,3520.0600585704,68.5657161919337,18.4699994328,0.0,-16.0000013535557,0.0
1200816373,41.549999196,3.78000006,0.0,3520.0600585704,68.4331556361707,18.4699994328,0.0,24.0000020303335,0.0
1200816377,41.549999196,3.78000006,0.0,3520.0600585704,68.5453249469404,18.4699994328,0.0,17.0000031618422,0.0
1200816382,41.549999196,3.78000006,0.0,3520.0600585704,68.4739453836353,18.4699994328,0.0,36.9999979590295,0.0
1200816387,41.549999196,3.78000006,0.0,3520.0600585704,68.4433551142025,18.4699994328,0.0,52.9999993125852,0.0
1200816391,41.549999196,3.78000006,0.0,3520.0600585704,68.3923658887061,18.4699994328,0.0,23.000000222047,0.0
1200816401,41.549999196,3.78000006,0.0,3520.0600585704,68.4433551142025,18.4699994328,0.0,32.0000027071113,0.0
1200816405,41.549999196,3.78000006,0.0,3520.0600585704,68.4637459056035,18.4699994328,0.0,6.99999886849128,0.0
1200816410,41.549999196,3.78000006,0.0,3520.0600585704,68.5351259225009,18.4699994328,0.0,36.0000030455003,0.0
1200816414,41.549999196,3.78000006,0.0,3520.0600585704,68.4739453836353,18.4699994328,0.0,35.0000012372137,0.0
1200816419,41.549999196,3.78000006,0.0,3520.0600585704,68.4433551142025,18.4699994328,0.0,20.0000016919446,0.0
1200816422,41.549999196,3.78000006,0.0,3520.0600585704,68.5147346775076,18.4699994328,0.0,47.0000022523805,0.0
1200816427,41.549999196,3.78000006,0.0,3520.0600585704,68.4025653667379,18.4699994328,0.0,40.0000033838892,0.0
1200816431,41.549999196,3.78000006,0.0,3520.0600585704,68.5249264444691,18.4699994328,0.0,33.0000045153979,0.0
1200816436,41.549999196,3.78000006,0.0,3520.0600585704,68.4739453836353,18.4699994328,0.0,14.9999995452691,0.0
1200816441,41.549999196,3.78000006,0.0,3520.0600585704,68.5453249469404,18.4699994328,0.0,4.00000033838892,0.0
1200816445,41.549999196,3.78000006,0.0,3520.0600585704,68.4841444080748,18.4699994328,0.0,29.9999990905382,0.0
1200816450,41.549999196,3.78000006,0.0,3520.0600585704,68.3923658887061,18.4699994328,0.0,33.0000045153979,0.0
1200816455,41.549999196,3.78000006,0.0,3520.0600585704,68.4943361750363,18.4699994328,0.0,28.0000023687224,0.0
1200816459,41.549999196,3.78000006,0.0,3520.0600585704,68.4841444080748,18.4699994328,0.0,35.0000012372137,0.0
1200816464,41.549999196,3.78000006,0.0,3520.0600585704,68.4739453836353,18.4699994328,0.0,36.0000030455003,0.0
1200816468,41.549999196,3.78000006,0.0,3520.0600585704,68.3923658887061,18.4699994328,0.0,47.9999971659097,0.0
1200816473,41.549999196,3.78000006,0.0,3520.0600585704,68.3923658887061,18.4699994328,0.0,36.0000030455003,0.0
1200816476,41.549999196,3.78000006,0.0,3520.0600585704,68.4331556361707,18.4699994328,0.0,23.000000222047,0.0
1200816481,41.549999196,3.78000006,0.0,3520.0600585704,68.3821668642666,18.4699994328,0.0,28.9999972822517,0.0
1200816485,41.549999196,3.78000006,0.0,3520.0600585704,68.4025653667379,18.4699994328,0.0,14.9999995452691,0.0
1200816490,41.549999196,3.78000006,0.0,3520.0600585704,68.5249264444691,18.4699994328,0.0,27.0000005604359,0.0
1200816495,41.549999196,3.78000006,0.0,3520.0600585704,68.4739453836353,18.4699994328,0.0,48.9999989741963,0.0
1200816499,41.549999196,3.78000006,0.0,3520.0600585704,68.4331556361707,18.4699994328,0.0,28.9999972822517,0.0
1200816504,41.549999196,3.78000006,0.0,3520.0600585704,68.5453249469404,18.4699994328,0.0,24.9999969438628,0.0
1200816509,41.549999196,3.78000006,0.0,3520.0600585704,68.4943361750363,18.4699994328,0.0,43.0000019139915,0.0
1200816513,41.549999196,3.78000006,0.0,3520.0600585704,68.4229561581389,18.4699994328,0.0,17.9999980753715,0.0
1200816518,41.549999196,3.78000006,0.0,3520.0600585704,68.3821668642666,18.4699994328,0.0,31.0000008988248,0.0
1200816522,41.549999196,3.78000006,0.0,3520.0600585704,68.3821668642666,18.4699994328,0.0,43.9999968275208,0.0
1200816527,41.549999196,3.78000006,0.0,3520.0600585704,68.3821668642666,18.4699994328,0.0,21.9999984137604,0.0
1200816530,41.549999196,3.78000006,0.0,3520.0600585704,68.4331556361707,18.4699994328,0.0,39.0000015756026,0.0
1200816535,41.549999196,3.78000006,0.0,3520.0600585704,68.4943361750363,18.4699994328,0.0,28.0000023687224,0.0
1200816539,41.549999196,3.78000006,0.0,3520.0600585704,68.4943361750363,18.4699994328,0.0,13.9999977369826,0.0
1200816544,41.549999196,3.78000006,0.0,3520.0600585704,68.4229561581389,18.4699994328,0.0,24.0000020303335,0.0
1200816549,41.549999196,3.78000006,0.0,3520.0600585704,68.5249264444691,18.4699994328,0.0,28.0000023687224,0.0
1200816553,41.549999196,3.78000006,0.0,3520.0600585704,68.4841444080748,18.4699994328,0.0,43.9999968275208,0.0
1200816558,41.549999196,3.78000006,0.0,3520.0600585704,68.3107868473692,18.4699994328,0.0,24.0000020303335,0.0
1200816563,41.549999196,3.78000006,0.0,3520.0600585704,68.4331556361707,18.4699994328,0.0,33.0000045153979,0.0
1200816567,41.549999196,3.78000006,0.0,3520.0600585704,68.4943361750363,18.4699994328,0.0,52.9999993125852,0.0
1200816572,41.549999196,3.78000006,0.0,3520.0600585704,68.4025653667379,18.4699994328,0.0,51.9999975042986,0.0
1200816581,41.549999196,3.78000006,0.0,3520.0600585704,68.5351259225009,18.4699994328,0.0,60.0000050758338,0.0
1200816584,41.549999196,3.78000006,0.0,3520.0600585704,68.5657161919337,18.4699994328,0.0,69.9999955796701,0.0
1200816589,41.549999196,3.78000006,0.0,3520.0600585704,68.4841444080748,18.4699994328,0.0,60.0000050758338,0.0
1200816593,41.549999196,3.78000006,0.0,3520.0600585704,68.4025653667379,18.4699994328,0.0,39.0000015756026,0.0
1200816598,41.549999196,3.78000006,0.0,3520.0600585704,68.4841444080748,18.4699994328,0.0,47.0000022523805,0.0
1200816607,41.549999196,3.78000006,0.0,3520.0600585704,68.4841444080748,18.4699994328,0.0,33.9999994289272,0.0
1200816612,41.549999196,3.78000006,0.0,3520.0600585704,68.4433551142025,18.4699994328,0.0,14.9999995452691,0.0
1200816617,41.549999196,3.78000006,0.0,3520.0600585704,68.4841444080748,18.4699994328,0.0,33.9999994289272,0.0
1200816621,41.549999196,3.78000006,0.0,3520.0600585704,68.4025653667379,18.4699994328,0.0,37.9999997673161,0.0
1200816626,41.549999196,3.78000006,0.0,3520.0600585704,68.5351259225009,18.4699994328,0.0,13.0000028234533,0.0
1200816635,41.549999196,3.78000006,0.0,3520.0600585704,68.4229561581389,18.4699994328,0.0,13.9999977369826,0.0
1200816638,41.549999196,3.78000006,0.0,3520.0600585704,68.4739453836353,18.4699994328,0.0,32.0000027071113,0.0
1200816643,41.549999196,3.78000006,0.0,3520.0600585704,68.3719750973051,18.4699994328,0.0,37.9999997673161,0.0
1200816647,41.549999196,3.78000006,0.0,3520.0600585704,68.5453249469404,18.4699994328,0.0,28.9999972822517,0.0
1200816652,41.549999196,3.78000006,0.0,3520.0600585704,68.5453249469404,18.4699994328,0.0,62.0000017976496,0.0
1200816656,41.549999196,3.78000006,0.0,3520.0600585704,68.3923658887061,18.4699994328,0.0,37.9999997673161,0.0
1200816661,41.549999196,3.78000006,0.0,3520.0600585704,68.4331556361707,18.4699994328,0.0,33.9999994289272,0.0
1200816666,41.549999196,3.78000006,0.0,3520.0600585704,68.4229561581389,18.4699994328,0.0,20.9999966054739,0.0
1200816671,41.549999196,3.78000006,0.0,3520.0600585704,68.4739453836353,18.4699994328,0.0,6.99999886849128,0.0
1200816675,41.549999196,3.78000006,0.0,3520.0600585704,68.3515765948338,18.4699994328,0.0,21.9999984137604,0.0
1200816680,41.549999196,3.78000006,0.0,3520.0600585704,68.3923658887061,18.4699994328,0.0,-5.00000214667547,0.0
1200816684,41.549999196,3.78000006,0.0,3520.0600585704,68.4433551142025,18.4699994328,0.0,5.00000214667547,0.0
1200816689,41.549999196,3.78000006,0.0,3520.0600585704,68.3515765948338,18.4699994328,0.0,9.00000248506439,0.0
1200816692,41.549999196,3.78000006,0.0,3520.0600585704,68.4841444080748,18.4699994328,0.0,13.0000028234533,0.0
1200816697,41.549999196,3.78000006,0.0,3520.0600585704,68.4841444080748,18.4699994328,0.0,21.9999984137604,0.0
1200816701,41.549999196,3.78000006,0.0,3520.0600585704,68.4331556361707,18.4699994328,0.0,8.00000067677784,0.0
1200816706,41.549999196,3.78000006,0.0,3520.0600585704,68.4739453836353,18.4699994328,0.0,1.99999672181581,0.0
1200816710,41.549999196,3.78000006,0.0,3520.0600585704,68.5759152163732,18.4699994328,0.0,6.99999886849128,0.0
1200816715,41.549999196,3.78000006,0.0,3520.0600585704,68.5351259225009,18.4699994328,0.0,32.0000027071113,0.0
1200816720,41.549999196,3.78000006,0.0,3520.0600585704,68.4739453836353,18.4699994328,0.0,29.9999990905382,0.0
1200816725,41.549999196,3.78000006,0.0,3520.0600585704,68.4331556361707,18.4699994328,0.0,36.9999979590295,0.0
1200816729,41.549999196,3.78000006,0.0,3520.0600585704,68.5351259225009,18.4699994328,0.0,24.0000020303335,0.0
1200816734,41.549999196,3.78000006,0.0,3520.0600585704,68.4943361750363,18.4699994328,0.0,20.9999966054739,0.0
1200816738,41.549999196,3.78000006,0.0,3520.0600585704,68.5351259225009,18.4699994328,0.0,58.0000014592607,0.0
1200816743,41.549999196,3.78000006,0.0,3520.0600585704,68.4433551142025,18.4699994328,0.0,32.0000027071113,0.0
1200816746,41.549999196,3.78000006,0.0,3520.0600585704,68.5147346775076,18.4699994328,0.0,25.9999987521493,0.0
1200816751,41.549999196,3.78000006,0.0,3520.0600585704,68.3923658887061,18.4699994328,0.0,21.9999984137604,0.0
1200816755,41.549999196,3.78000006,0.0,3520.0600585704,68.5249264444691,18.4699994328,0.0,18.999999883658,0.0
1200816760,41.549999196,3.78000006,0.0,3520.0600585704,68.4739453836353,18.4699994328,0.0,24.9999969438628,0.0
1200816764,41.549999196,3.78000006,0.0,3520.0600585704,68.4433551142025,18.4699994328,0.0,33.0000045153979,0.0
1200816769,41.549999196,3.78000006,0.0,3520.0600585704,68.5249264444691,18.4699994328,0.0,28.0000023687224,0.0
1200816774,41.549999196,3.78000006,0.0,3520.0600585704,68.4433551142025,18.4699994328,0.0,13.0000028234533,0.0
1200816779,41.549999196,3.78000006,0.0,3520.0600585704,68.6167049638378,18.4699994328,0.0,9.00000248506439,0.0
1200816783,41.549999196,3.78000006,0.0,3520.0600585704,68.5249264444691,18.4699994328,0.0,-1.99999672181581,0.0
1200816788,41.549999196,3.78000006,0.0,3520.0600585704,68.586114694405,18.4699994328,0.0,-6.99999886849128,0.0
1200816792,41.549999196,3.78000006,0.0,3520.0600585704,68.4331556361707,18.4699994328,0.0,-2.99999853010237,0.0
1200816797,41.549999196,3.78000006,0.0,3520.0600585704,68.4943361750363,18.4699994328,0.0,1.00000180828655,0.0
1200816800,41.549999196,3.78000006,0.0,3520.0600585704,68.5351259225009,18.4699994328,0.0,1.99999672181581,0.0
1200816805,41.549999196,3.78000006,0.0,3520.0600585704,68.4025653667379,18.4699994328,0.0,-8.00000067677784,0.0
1200816814,41.549999196,3.78000006,0.0,3520.0600585704,68.4433551142025,18.4699994328,0.0,4.00000033838892,0.0
1200816818,41.549999196,3.78000006,0.0,3520.0600585704,68.4433551142025,18.4699994328,0.0,5.99999706020473,0.0
1200816823,41.549999196,3.78000006,0.0,3520.0600585704,68.3719750973051,18.4699994328,0.0,9.00000248506439,0.0
1200816828,41.549999196,3.78000006,0.0,3520.0600585704,68.4331556361707,18.4699994328,0.0,14.9999995452691,0.0
1200816833,41.549999196,3.78000006,0.0,3520.0600585704,68.4433551142025,18.4699994328,0.0,13.9999977369826,0.0
1200816842,41.549999196,3.78000006,0.0,3520.0600585704,68.4025653667379,18.4699994328,0.0,-5.00000214667547,0.0
1200816846,41.549999196,3.78000006,0.0,3520.0600585704,68.4739453836353,18.4699994328,0.0,18.999999883658,0.0
1200816851,41.549999196,3.78000006,0.0,3520.0600585704,68.5351259225009,18.4699994328,0.0,17.9999980753715,0.0
1200816854,41.549999196,3.78000006,0.0,3520.0600585704,68.5249264444691,18.4699994328,0.0,28.0000023687224,0.0
1200816859,41.549999196,3.78000006,0.0,3520.0600585704,68.5147346775076,18.4699994328,0.0,36.9999979590295,0.0
1200816863,41.549999196,3.78000006,0.0,3520.0600585704,68.4637459056035,18.4699994328,0.0,33.9999994289272,0.0
1200816868,41.549999196,3.78000006,0.0,3520.0600585704,68.4229561581389,18.4699994328,0.0,40.9999982974184,0.0
1200816873,41.549999196,3.78000006,0.0,3520.0600585704,68.4739453836353,18.4699994328,0.0,40.0000033838892,0.0
1200816877,41.549999196,3.78000006,0.0,3520.0600585704,68.3821668642666,18.4699994328,0.0,33.0000045153979,0.0
1200816882,41.549999196,3.78000006,0.0,3520.0600585704,68.5759152163732,18.4699994328,0.0,37.9999997673161,0.0
1200816887,41.549999196,3.78000006,0.0,3520.0600585704,68.3923658887061,18.4699994328,0.0,35.0000012372137,0.0
1200816891,41.549999196,3.78000006,0.0,3520.0600585704,68.4229561581389,18.4699994328,0.0,27.0000005604359,0.0
1200816896,41.549999196,3.78000006,0.0,3520.0600585704,68.4841444080748,18.4699994328,0.0,43.9999968275208,0.0
1200816900,41.549999196,3.78000006,0.0,3520.0600585704,68.586114694405,18.4699994328,0.0,2.99999853010237,0.0
1200816905,41.549999196,3.78000006,0.0,3520.0600585704,68.4433551142025,18.4699994328,0.0,46.0000004440939,0.0
1200816908,41.549999196,3.78000006,0.0,3520.0600585704,68.4943361750363,18.4699994328,0.0,42.000000105705,0.0
1200816913,41.549999196,3.78000006,0.0,3520.0600585704,68.4943361750363,18.4699994328,0.0,24.0000020303335,0.0
1200816917,41.549999196,3.78000006,0.0,3520.0600585704,68.5453249469404,18.4699994328,0.0,24.0000020303335,0.0
1200816922,41.549999196,3.78000006,0.0,3520.0600585704,68.4943361750363,18.4699994328,0.0,36.9999979590295,0.0
1200816927,41.549999196,3.78000006,0.0,3520.0600585704,68.5147346775076,18.4699994328,0.0,28.9999972822517,0.0
1200816931,41.549999196,3.78000006,0.0,3520.0600585704,68.3719750973051,18.4699994328,0.0,46.0000004440939,0.0
1200816936,41.549999196,3.78000006,0.0,3520.0600585704,68.4331556361707,18.4699994328,0.0,48.9999989741963,0.0
1200816941,41.549999196,3.78000006,0.0,3520.0600585704,68.4739453836353,18.4699994328,0.0,51.9999975042986,0.0
1200816945,41.549999196,3.78000006,0.0,3520.0600585704,68.4025653667379,18.4699994328,0.0,46.0000004440939,0.0
1200816950,41.549999196,3.78000006,0.0,3520.0600585704,68.4739453836353,18.4699994328,0.0,36.0000030455003,0.0
1200816954,41.549999196,3.78000006,0.0,3520.0600585704,68.5453249469404,18.4699994328,0.0,44.9999986358074,0.0
1200816959,41.549999196,3.78000006,0.0,3520.0600585704,68.4841444080748,18.4699994328,0.0,40.9999982974184,0.0
1200816962,41.549999196,3.78000006,0.0,3520.0600585704,68.4943361750363,18.4699994328,0.0,44.9999986358074,0.0
1200816967,41.549999196,3.78000006,0.0,3520.0600585704,68.4739453836353,18.4699994328,0.0,36.9999979590295,0.0
1200816971,41.549999196,3.78000006,0.0,3520.0600585704,68.5249264444691,18.4699994328,0.0,37.9999997673161,0.0
1200816976,41.549999196,3.78000006,0.0,3520.0600585704,68.5351259225009,18.4699994328,0.0,37.9999997673161,0.0
1200816981,41.549999196,3.78000006,0.0,3520.0600585704,68.4943361750363,18.4699994328,0.0,47.0000022523805,0.0
1200816985,41.549999196,3.78000006,0.0,3520.0600585704,68.5657161919337,18.4699994328,0.0,24.0000020303335,0.0
1200816990,41.549999196,3.78000006,0.0,3520.0600585704,68.4841444080748,18.4699994328,0.0,47.0000022523805,0.0
1200816995,41.549999196,3.78000006,0.0,3520.0600585704,68.5657161919337,18.4699994328,0.0,28.9999972822517,0.0
1200816999,41.549999196,3.78000006,0.0,3520.0600585704,68.4943361750363,18.4699994328,0.0,31.0000008988248,0.0
1200817004,41.549999196,3.78000006,0.0,3520.0600585704,68.5147346775076,18.4699994328,0.0,44.9999986358074,0.0
1200817008,41.549999196,3.78000006,0.0,3520.0600585704,68.5351259225009,18.4699994328,0.0,40.9999982974184,0.0
1200817013,41.549999196,3.78000006,0.0,3520.0600585704,68.4943361750363,18.4699994328,0.0,42.000000105705,0.0
1200817021,41.549999196,3.78000006,0.0,3520.0600585704,68.4637459056035,18.4699994328,0.0,40.0000033838892,0.0
1200817025,41.549999196,3.78000006,0.0,3520.0600585704,68.586114694405,18.4699994328,0.0,28.9999972822517,0.0
1200817030,41.549999196,3.78000006,0.0,3520.0600585704,68.5453249469404,18.4699994328,0.0,48.9999989741963,0.0
1200817035,41.549999196,3.78000006,0.0,3520.0600585704,68.4841444080748,18.4699994328,0.0,62.0000017976496,0.0
1200817039,41.549999196,3.78000006,0.0,3520.0600585704,68.4943361750363,18.4699994328,0.0,77.999996256448,0.0
1200817049,41.549999196,3.78000006,0.0,3520.0600585704,68.4943361750363,18.4699994328,0.0,46.0000004440939,0.0
1200817053,41.549999196,3.78000006,0.0,3520.0600585704,68.4637459056035,18.4699994328,0.0,50.9999956960121,0.0
1200817058,41.549999196,3.78000006,0.0,3520.0600585704,68.5249264444691,18.4699994328,0.0,28.9999972822517,0.0
1200817062,41.549999196,3.78000006,0.0,3520.0600585704,68.5147346775076,18.4699994328,0.0,43.0000019139915,0.0
1200817067,41.549999196,3.78000006,0.0,3520.0600585704,68.4637459056035,18.4699994328,0.0,35.0000012372137,0.0
1200817075,41.549999196,3.78000006,0.0,3520.0600585704,68.5147346775076,18.4699994328,0.0,28.9999972822517,0.0
1200817079,41.549999196,3.78000006,0.0,3520.0600585704,68.3923658887061,18.4699994328,0.0,39.0000015756026,0.0
1200817084,41.549999196,3.78000006,0.0,3520.0600585704,68.4637459056035,18.4699994328,0.0,36.9999979590295,0.0
1200817089,41.549999196,3.78000006,0.0,3520.0600585704,68.586114694405,18.4699994328,0.0,39.0000015756026,0.0
1200817093,41.549999196,3.78000006,0.0,3520.0600585704,68.5657161919337,18.4699994328,0.0,50.0000007824828,0.0
1200817098,41.549999196,3.78000006,0.0,3520.0600585704,68.606505485806,18.4699994328,0.0,31.0000008988248,0.0
1200817103,41.549999196,3.78000006,0.0,3520.0600585704,68.5351259225009,18.4699994328,0.0,39.0000015756026,0.0
1200817107,41.549999196,3.78000006,0.0,3520.0600585704,68.4025653667379,18.4699994328,0.0,60.0000050758338,0.0
1200817112,41.549999196,3.78000006,0.0,3520.0600585704,68.5453249469404,18.4699994328,0.0,60.999999989363,0.0
1200817116,41.549999196,3.78000006,0.0,3520.0600585704,68.5351259225009,18.4699994328,0.0,60.999999989363,0.0
1200817121,41.549999196,3.78000006,0.0,3520.0600585704,68.5147346775076,18.4699994328,0.0,33.9999994289272,0.0
1200817124,41.549999196,3.78000006,0.0,3520.0600585704,68.5657161919337,18.4699994328,0.0,33.0000045153979,0.0
1200817129,41.549999196,3.78000006,0.0,3520.0600585704,68.3719750973051,18.4699994328,0.0,54.0000011208717,0.0
1200817133,41.549999196,3.78000006,0.0,3520.0600585704,68.606505485806,18.4699994328,0.0,50.9999956960121,0.0
1200817138,41.549999196,3.78000006,0.0,3520.0600585704,68.4433551142025,18.4699994328,0.0,27.0000005604359,0.0
1200817143,41.549999196,3.78000006,0.0,3520.0600585704,68.5147346775076,18.4699994328,0.0,50.0000007824828,0.0
1200817147,41.549999196,3.78000006,0.0,3520.0600585704,68.5147346775076,18.4699994328,0.0,36.0000030455003,0.0
1200817152,41.549999196,3.78000006,0.0,3520.0600585704,68.4841444080748,18.4699994328,0.0,10.9999992068802,0.0
1200817157,41.549999196,3.78000006,0.0,3520.0600585704,68.4841444080748,18.4699994328,0.0,47.9999971659097,0.0
1200817161,41.549999196,3.78000006,0.0,3520.0600585704,68.4025653667379,18.4699994328,0.0,63.9999985194654,0.0
1200817166,41.549999196,3.78000006,0.0,3520.0600585704,68.3923658887061,18.4699994328,0.0,52.9999993125852,0.0
1200817170,41.549999196,3.78000006,0.0,3520.0600585704,68.4025653667379,18.4699994328,0.0,47.9999971659097,0.0
1200817175,41.549999196,3.78000006,0.0,3520.0600585704,68.586114694405,18.4699994328,0.0,25.9999987521493,0.0
1200817178,41.549999196,3.78000006,0.0,3520.0600585704,68.4943361750363,18.4699994328,0.0,21.9999984137604,0.0
1200817183,41.549999196,3.78000006,0.0,3520.0600585704,68.5657161919337,18.4699994328,0.0,36.0000030455003,0.0
1200817187,41.549999196,3.78000006,0.0,3520.0600585704,68.5351259225009,18.4699994328,0.0,28.9999972822517,0.0
1200817192,41.549999196,3.78000006,0.0,3520.0600585704,68.5351259225009,18.4699994328,0.0,42.000000105705,0.0
1200817197,41.549999196,3.78000006,0.0,3520.0600585704,68.4229561581389,18.4699994328,0.0,35.0000012372137,0.0
1200817201,41.549999196,3.78000006,0.0,3520.0600585704,68.5249264444691,18.4699994328,0.0,55.9999978426876,0.0
1200817206,41.549999196,3.78000006,0.0,3520.0600585704,68.4739453836353,18.4699994328,0.0,48.9999989741963,0.0
1200817211,41.549999196,3.78000006,0.0,3520.0600585704,68.4025653667379,18.4699994328,0.0,52.9999993125852,0.0
1200817215,41.549999196,3.78000006,0.0,3520.0600585704,68.586114694405,18.4699994328,0.0,55.0000029291583,0.0
1200817220,41.549999196,3.78000006,0.0,3520.0600585704,68.4943361750363,18.4699994328,0.0,40.9999982974184,0.0
1200817224,41.549999196,3.78000006,0.0,3520.0600585704,68.4331556361707,18.4699994328,0.0,33.9999994289272,0.0
1200817229,41.549999196,3.78000006,0.0,3520.0600585704,68.4637459056035,18.4699994328,0.0,21.9999984137604,0.0
1200817232,41.549999196,3.78000006,0.0,3520.0600585704,68.4025653667379,18.4699994328,0.0,23.000000222047,0.0
1200817237,41.549999196,3.78000006,0.0,3520.0600585704,68.5147346775076,18.4699994328,0.0,32.0000027071113,0.0
1200817241,41.549999196,3.78000006,0.0,3520.0600585704,68.4637459056035,18.4699994328,0.0,33.0000045153979,0.0
1200817246,41.549999196,3.78000006,0.0,3520.0600585704,68.4331556361707,18.4699994328,0.0,25.9999987521493,0.0
1200817255,41.549999196,3.78000006,0.0,3520.0600585704,68.5453249469404,18.4699994328,0.0,37.9999997673161,0.0
1200817260,41.549999196,3.78000006,0.0,3520.0600585704,68.4841444080748,18.4699994328,0.0,28.0000023687224,0.0
1200817265,41.549999196,3.78000006,0.0,3520.0600585704,68.5249264444691,18.4699994328,0.0,28.9999972822517,0.0
1200817269,41.549999196,3.78000006,0.0,3520.0600585704,68.5657161919337,18.4699994328,0.0,29.9999990905382,0.0
1200817274,41.549999196,3.78000006,0.0,3520.0600585704,68.4025653667379,18.4699994328,0.0,52.9999993125852,0.0
1200817283,41.549999196,3.78000006,0.0,3520.0600585704,68.4943361750363,18.4699994328,0.0,60.0000050758338,0.0
1200817286,41.549999196,3.78000006,0.0,3520.0600585704,68.4841444080748,18.4699994328,0.0,42.000000105705,0.0
1200817291,41.549999196,3.78000006,0.0,3520.0600585704,68.5147346775076,18.4699994328,0.0,32.0000027071113,0.0
1200817295,41.549999196,3.78000006,0.0,3520.0600585704,68.5351259225009,18.4699994328,0.0,50.0000007824828,0.0
1200817300,41.549999196,3.78000006,0.0,3520.0600585704,68.5147346775076,18.4699994328,0.0,35.0000012372137,0.0
1200817309,41.549999196,3.78000006,0.0,3520.0600585704,68.4841444080748,18.4699994328,0.0,46.0000004440939,0.0
1200817314,41.549999196,3.78000006,0.0,3520.0600585704,68.5351259225009,18.4699994328,0.0,66.0000021360385,0.0
1200817319,41.549999196,3.78000006,0.0,3520.0600585704,68.4229561581389,18.4699994328,0.0,50.0000007824828,0.0
1200817323,41.549999196,3.78000006,0.0,3520.0600585704,68.4331556361707,18.4699994328,0.0,55.0000029291583,0.0
1200817328,41.549999196,3.78000006,0.0,3520.0600585704,68.3923658887061,18.4699994328,0.0,39.0000015756026,0.0
1200817332,41.549999196,3.78000006,0.0,3520.0600585704,68.3821668642666,18.4699994328,0.0,54.0000011208717,0.0
1200817337,41.549999196,3.78000006,0.0,3520.0600585704,68.4739453836353,18.4699994328,0.0,28.0000023687224,0.0
1200817340,41.549999196,3.78000006,0.0,3520.0600585704,68.4739453836353,18.4699994328,0.0,13.0000028234533,0.0
1200817345,41.549999196,3.78000006,0.0,3520.0600585704,68.4229561581389,18.4699994328,0.0,5.00000214667547,0.0
1200817349,41.549999196,3.78000006,0.0,3520.0600585704,68.4025653667379,18.4699994328,0.0,25.9999987521493,0.0
1200817354,41.549999196,3.78000006,0.0,3520.0600585704,68.4229561581389,18.4699994328,0.0,47.0000022523805,0.0
1200817358,41.549999196,3.78000006,0.0,3520.0600585704,68.4841444080748,18.4699994328,0.0,36.9999979590295,0.0
1200817363,41.549999196,3.78000006,0.0,3520.0600585704,68.4025653667379,18.4699994328,0.0,24.9999969438628,0.0
1200817368,41.549999196,3.78000006,0.0,3520.0600585704,68.5351259225009,18.4699994328,0.0,21.9999984137604,0.0
1200817373,41.549999196,3.78000006,0.0,3520.0600585704,68.5351259225009,18.4699994328,0.0,23.000000222047,0.0
1200817377,41.549999196,3.78000006,0.0,3520.0600585704,68.3923658887061,18.4699994328,0.0,35.0000012372137,0.0
1200817382,41.549999196,3.78000006,0.0,3520.0600585704,68.4331556361707,18.4699994328,0.0,47.0000022523805,0.0
1200817386,41.549999196,3.78000006,0.0,3520.0600585704,68.4433551142025,18.4699994328,0.0,33.9999994289272,0.0
1200817391,41.549999196,3.78000006,0.0,3520.0600585704,68.5657161919337,18.4699994328,0.0,37.9999997673161,0.0
1200817394,41.549999196,3.78000006,0.0,3520.0600585704,68.3923658887061,18.4699994328,0.0,43.0000019139915,0.0
1200817399,41.549999196,3.78000006,0.0,3520.0600585704,68.4229561581389,18.4699994328,0.0,28.0000023687224,0.0
1200817403,41.549999196,3.78000006,0.0,3520.0600585704,68.4841444080748,18.4699994328,0.0,1.99999672181581,0.0
1200817408,41.549999196,3.78000006,0.0,3520.0600585704,68.4841444080748,18.4699994328,0.0,2.99999853010237,0.0
1200817412,41.549999196,3.78000006,0.0,3520.0600585704,68.4331556361707,18.4699994328,0.0,31.0000008988248,0.0
1200817417,41.549999196,3.78000006,0.0,3520.0600585704,68.4433551142025,18.4699994328,0.0,5.00000214667547,0.0
1200817422,41.549999196,3.78000006,0.0,3520.0600585704,68.4739453836353,18.4699994328,0.0,21.9999984137604,0.0
1200817427,41.549999196,3.78000006,0.0,3520.0600585704,68.4025653667379,18.4699994328,0.0,16.0000013535557,0.0
1200817431,41.549999196,3.78000006,0.0,3520.0600585704,68.5657161919337,18.4699994328,0.0,-1.99999672181581,0.0
1200817436,41.549999196,3.78000006,0.0,3520.0600585704,68.6269044418696,18.4699994328,0.0,20.0000016919446,0.0
1200817440,41.549999196,3.78000006,0.0,3520.0600585704,68.3719750973051,18.4699994328,0.0,18.999999883658,0.0
1200817445,41.549999196,3.78000006,0.0,3520.0600585704,68.4025653667379,18.4699994328,0.0,33.0000045153979,0.0
1200817448,41.549999196,3.78000006,0.0,3520.0600585704,68.4739453836353,18.4699994328,0.0,37.9999997673161,0.0
1200817453,41.549999196,3.78000006,0.0,3520.0600585704,68.4229561581389,18.4699994328,0.0,31.0000008988248,0.0
1200817457,41.549999196,3.78000006,0.0,3520.0600585704,68.4229561581389,18.4699994328,0.0,28.0000023687224,0.0
1200817462,41.549999196,3.78000006,0.0,3520.0600585704,68.3923658887061,18.4699994328,0.0,18.999999883658,0.0
1200817466,41.549999196,3.78000006,0.0,3520.0600585704,68.4025653667379,18.4699994328,0.0,24.9999969438628,0.0
1200817471,41.549999196,3.78000006,0.0,3520.0600585704,68.5657161919337,18.4699994328,0.0,36.0000030455003,0.0
1200817476,41.549999196,3.78000006,0.0,3520.0600585704,68.4025653667379,18.4699994328,0.0,23.000000222047,0.0
1200817481,41.549999196,3.78000006,0.0,3520.0600585704,68.5249264444691,18.4699994328,0.0,32.0000027071113,0.0
1200817490,41.549999196,3.78000006,0.0,3520.0600585704,68.4433551142025,18.4699994328,0.0,28.0000023687224,0.0
1200817494,41.549999196,3.78000006,0.0,3520.0600585704,68.4025653667379,18.4699994328,0.0,33.0000045153979,0.0
1200817499,41.549999196,3.78000006,0.0,3520.0600585704,68.5249264444691,18.4699994328,0.0,42.000000105705,0.0
1200817502,41.549999196,3.78000006,0.0,3520.0600585704,68.5147346775076,18.4699994328,0.0,60.0000050758338,0.0
1200817507,41.549999196,3.78000006,0.0,3520.0600585704,68.586114694405,18.4699994328,0.0,47.0000022523805,0.0
1200817516,41.549999196,3.78000006,0.0,3520.0600585704,68.4637459056035,18.4699994328,0.0,10.9999992068802,0.0
1200817520,41.549999196,3.78000006,0.0,3520.0600585704,68.6167049638378,18.4699994328,0.0,18.999999883658,0.0
1200817525,41.549999196,3.78000006,0.0,3520.0600585704,68.4331556361707,18.4699994328,0.0,-5.99999706020473,0.0
1200817530,41.549999196,3.78000006,0.0,3520.0600585704,68.4943361750363,18.4699994328,0.0,10.9999992068802,0.0
1200817535,41.549999196,3.78000006,0.0,3520.0600585704,68.4331556361707,18.4699994328,0.0,16.0000013535557,0.0
1200817539,41.549999196,3.78000006,0.0,3520.0600585704,68.5249264444691,18.4699994328,0.0,13.9999977369826,0.0
1200817544,41.549999196,3.78000006,0.0,3520.0600585704,68.3719750973051,18.4699994328,0.0,9.00000248506439,0.0
1200817548,41.549999196,3.78000006,0.0,3520.0600585704,68.5147346775076,18.4699994328,0.0,1.99999672181581,0.0
1200817553,41.549999196,3.78000006,0.0,3520.0600585704,68.4433551142025,18.4699994328,0.0,2.99999853010237,0.0
1200817556,41.549999196,3.78000006,0.0,3520.0600585704,68.4433551142025,18.4699994328,0.0,-8.00000067677784,0.0
1200817561,41.549999196,3.78000006,0.0,3520.0600585704,68.586114694405,18.4699994328,0.0,2.99999853010237,0.0
1200817565,41.549999196,3.78000006,0.0,3520.0600585704,68.3923658887061,18.4699994328,0.0,-13.9999977369826,0.0
1200817570,41.549999196,3.78000006,0.0,3520.0600585704,68.5351259225009,18.4699994328,0.0,33.9999994289272,0.0
1200817575,41.549999196,3.78000006,0.0,3520.0600585704,68.5249264444691,18.4699994328,0.0,33.0000045153979,0.0
1200817579,41.549999196,3.78000006,0.0,3520.0600585704,68.4025653667379,18.4699994328,0.0,52.9999993125852,0.0
1200817584,41.549999196,3.78000006,0.0,3520.0600585704,68.4739453836353,18.4699994328,0.0,27.0000005604359,0.0
1200817589,41.549999196,3.78000006,0.0,3520.0600585704,68.5147346775076,18.4699994328,0.0,24.9999969438628,0.0
1200817593,41.549999196,3.78000006,0.0,3520.0600585704,68.5147346775076,18.4699994328,0.0,29.9999990905382,0.0
1200817598,41.549999196,3.78000006,0.0,3520.0600585704,68.4841444080748,18.4699994328,0.0,63.9999985194654,0.0
1200817602,41.549999196,3.78000006,0.0,3520.0600585704,68.4739453836353,18.4699994328,0.0,67.9999988578543,0.0
1200817607,41.549999196,3.78000006,0.0,3520.0600585704,68.4637459056035,18.4699994328,0.0,44.9999986358074,0.0
1200817610,41.549999196,3.78000006,0.0,3520.0600585704,68.4025653667379,18.4699994328,0.0,17.9999980753715,0.0
1200817615,41.549999196,3.78000006,0.0,3520.0600585704,68.4637459056035,18.4699994328,0.0,31.0000008988248,0.0
1200817619,41.549999196,3.78000006,0.0,3520.0600585704,68.4433551142025,18.4699994328,0.0,50.0000007824828,0.0
1200817624,41.549999196,3.78000006,0.0,3520.0600585704,68.3821668642666,18.4699994328,0.0,16.0000013535557,0.0
1200817629,41.549999196,3.78000006,0.0,3520.0600585704,68.5657161919337,18.4699994328,0.0,21.9999984137604,0.0
1200817633,41.549999196,3.78000006,0.0,3520.0600585704,68.5351259225009,18.4699994328,0.0,33.0000045153979,0.0
1200817638,41.549999196,3.78000006,0.0,3520.0600585704,68.4739453836353,18.4699994328,0.0,36.9999979590295,0.0
1200817643,41.549999196,3.78000006,0.0,3520.0600585704,68.4739453836353,18.4699994328,0.0,43.0000019139915,0.0
1200817647,41.549999196,3.78000006,0.0,3520.0600585704,68.4433551142025,18.4699994328,0.0,52.9999993125852,0.0
1200817652,41.549999196,3.78000006,0.0,3520.0600585704,68.4637459056035,18.4699994328,0.0,46.0000004440939,0.0
1200817656,41.549999196,3.78000006,0.0,3520.0600585704,68.4841444080748,18.4699994328,0.0,24.0000020303335,0.0
1200817661,41.549999196,3.78000006,0.0,3520.0600585704,68.4943361750363,18.4699994328,0.0,31.0000008988248,0.0
1200817664,41.549999196,3.78000006,0.0,3520.0600585704,68.3005955340001,18.4699994328,0.0,58.0000014592607,0.0
1200817669,41.549999196,3.78000006,0.0,3520.0600585704,68.3515765948338,18.4699994328,0.0,46.0000004440939,0.0
1200817673,41.549999196,3.78000006,0.0,3520.0600585704,68.4637459056035,18.4699994328,0.0,29.9999990905382,0.0
1200817678,41.549999196,3.78000006,0.0,3520.0600585704,68.4739453836353,18.4699994328,0.0,32.0000027071113,0.0
1200817683,41.549999196,3.78000006,0.0,3520.0600585704,68.5453249469404,18.4699994328,0.0,9.99999739859365,0.0
1200817687,41.549999196,3.78000006,0.0,3520.0600585704,68.4433551142025,18.4699994328,0.0,6.99999886849128,0.0
1200817697,41.549999196,3.78000006,0.0,3520.0600585704,68.4025653667379,18.4699994328,0.0,50.9999956960121,0.0
1200817701,41.549999196,3.78000006,0.0,3520.0600585704,68.341377116802,18.4699994328,0.0,46.0000004440939,0.0
1200817706,41.549999196,3.78000006,0.0,3520.0600585704,68.5147346775076,18.4699994328,0.0,21.9999984137604,0.0
1200817710,41.549999196,3.78000006,0.0,3520.0600585704,68.4331556361707,18.4699994328,0.0,23.000000222047,0.0
1200817715,41.549999196,3.78000006,0.0,3520.0600585704,68.4229561581389,18.4699994328,0.0,25.9999987521493,0.0
1200817723,41.549999196,3.78000006,0.0,3520.0600585704,68.5657161919337,18.4699994328,0.0,25.9999987521493,0.0
1200817727,41.549999196,3.78000006,0.0,3520.0600585704,68.4025653667379,18.4699994328,0.0,23.000000222047,0.0
1200817732,41.549999196,3.78000006,0.0,3520.0600585704,68.4433551142025,18.4699994328,0.0,1.99999672181581,0.0
1200817737,41.549999196,3.78000006,0.0,3520.0600585704,68.4331556361707,18.4699994328,0.0,9.99999739859365,0.0
1200817741,41.549999196,3.78000006,0.0,3520.0600585704,68.5147346775076,18.4699994328,0.0,-4.00000033838892,0.0
1200817751,41.549999196,3.78000006,0.0,3520.0600585704,68.4841444080748,18.4699994328,0.0,9.99999739859365,0.0
1200817755,41.549999196,3.78000006,0.0,3520.0600585704,68.4331556361707,18.4699994328,0.0,12.0000010151668,0.0
1200817760,41.549999196,3.78000006,0.0,3520.0600585704,68.5147346775076,18.4699994328,0.0,24.0000020303335,0.0
1200817764,41.549999196,3.78000006,0.0,3520.0600585704,68.4331556361707,18.4699994328,0.0,40.0000033838892,0.0
1200817769,41.549999196,3.78000006,0.0,3520.0600585704,68.4841444080748,18.4699994328,0.0,44.9999986358074,0.0
1200817772,41.549999196,3.78000006,0.0,3520.0600585704,68.4637459056035,18.4699994328,0.0,58.9999963727899,0.0
1200817777,41.549999196,3.78000006,0.0,3520.0600585704,68.4433551142025,18.4699994328,0.0,43.0000019139915,0.0
1200817781,41.549999196,3.78000006,0.0,3520.0600585704,68.5657161919337,18.4699994328,0.0,33.0000045153979,0.0
1200817786,41.549999196,3.78000006,0.0,3520.0600585704,68.5657161919337,18.4699994328,0.0,43.9999968275208,0.0
1200817791,41.549999196,3.78000006,0.0,3520.0600585704,68.5351259225009,18.4699994328,0.0,40.9999982974184,0.0
1200817795,41.549999196,3.78000006,0.0,3520.0600585704,68.4841444080748,18.4699994328,0.0,31.0000008988248,0.0
1200817800,41.549999196,3.78000006,0.0,3520.0600585704,68.5657161919337,18.4699994328,0.0,42.000000105705,0.0
1200817805,41.549999196,3.78000006,0.0,3520.0600585704,68.3515765948338,18.4699994328,0.0,24.0000020303335,0.0
1200817809,41.549999196,3.78000006,0.0,3520.0600585704,68.3923658887061,18.4699994328,0.0,36.9999979590295,0.0
1200817814,41.549999196,3.78000006,0.0,3520.0600585704,68.4637459056035,18.4699994328,0.0,47.9999971659097,0.0
1200817818,41.549999196,3.78000006,0.0,3520.0600585704,68.4433551142025,18.4699994328,0.0,31.0000008988248,0.0
1200817823,41.549999196,3.78000006,0.0,3520.0600585704,68.4943361750363,18.4699994328,0.0,33.0000045153979,0.0
1200817826,41.549999196,3.78000006,0.0,3520.0600585704,68.4229561581389,18.4699994328,0.0,28.0000023687224,0.0
1200817831,41.549999196,3.78000006,0.0,3520.0600585704,68.4433551142025,18.4699994328,0.0,46.0000004440939,0.0
1200817835,41.549999196,3.78000006,0.0,3520.0600585704,68.4739453836353,18.4699994328,0.0,47.9999971659097,0.0
1200817840,41.549999196,3.78000006,0.0,3520.0600585704,68.4433551142025,18.4699994328,0.0,62.9999967111788,0.0
1200817845,41.549999196,3.78000006,0.0,3520.0600585704,68.5249264444691,18.4699994328,0.0,77.0000013429187,0.0
1200817849,41.549999196,3.78000006,0.0,3520.0600585704,68.4841444080748,18.4699994328,0.0,50.9999956960121,0.0
1200817854,41.549999196,3.78000006,0.0,3520.0600585704,68.3107868473692,18.4699994328,0.0,58.9999963727899,0.0
1200817859,41.549999196,3.78000006,0.0,3520.0600585704,68.5453249469404,18.4699994328,0.0,66.0000021360385,0.0
1200817863,41.549999196,3.78000006,0.0,3520.0600585704,68.4637459056035,18.4699994328,0.0,46.0000004440939,0.0
1200817868,41.549999196,3.78000006,0.0,3520.0600585704,68.5249264444691,18.4699994328,0.0,69.9999955796701,0.0
1200817872,41.549999196,3.78000006,0.0,3520.0600585704,68.4841444080748,18.4699994328,0.0,65.0000003277519,0.0
1200817877,41.549999196,3.78000006,0.0,3520.0600585704,68.5453249469404,18.4699994328,0.0,55.9999978426876,0.0
1200817880,41.549999196,3.78000006,0.0,3520.0600585704,68.4331556361707,18.4699994328,0.0,40.9999982974184,0.0
1200817885,41.549999196,3.78000006,0.0,3520.0600585704,68.4229561581389,18.4699994328,0.0,70.9999973879567,0.0
1200817889,41.549999196,3.78000006,0.0,3520.0600585704,68.4739453836353,18.4699994328,0.0,52.9999993125852,0.0
1200817894,41.549999196,3.78000006,0.0,3520.0600585704,68.3923658887061,18.4699994328,0.0,60.0000050758338,0.0
1200817899,41.549999196,3.78000006,0.0,3520.0600585704,68.4943361750363,18.4699994328,0.0,72.0000060910005,0.0
1200817903,41.549999196,3.78000006,0.0,3520.0600585704,68.4025653667379,18.4699994328,0.0,67.9999988578543,0.0
1200817908,41.549999196,3.78000006,0.0,3520.0600585704,68.3821668642666,18.4699994328,0.0,79.0000049594918,0.0
1200817913,41.549999196,3.78000006,0.0,3520.0600585704,68.4433551142025,18.4699994328,0.0,54.0000011208717,0.0
1200817917,41.549999196,3.78000006,0.0,3520.0600585704,68.4637459056035,18.4699994328,0.0,77.0000013429187,0.0
1200817922,41.549999196,3.78000006,0.0,3520.0600585704,68.4229561581389,18.4699994328,0.0,63.9999985194654,0.0
1200817931,41.549999196,3.78000006,0.0,3520.0600585704,68.5453249469404,18.4699994328,0.0,62.9999967111788,0.0
1200817934,41.549999196,3.78000006,0.0,3520.0600585704,68.5759152163732,18.4699994328,0.0,55.9999978426876,0.0
1200817939,41.549999196,3.78000006,0.0,3520.0600585704,68.5147346775076,18.4699994328,0.0,62.9999967111788,0.0
1200817943,41.549999196,3.78000006,0.0,3520.0600585704,68.4433551142025,18.4699994328,0.0,66.0000021360385,0.0
1200817948,41.549999196,3.78000006,0.0,3520.0600585704,68.4433551142025,18.4699994328,0.0,63.9999985194654,0.0
1200817957,41.549999196,3.78000006,0.0,3520.0600585704,68.4025653667379,18.4699994328,0.0,62.9999967111788,0.0
1200817962,41.549999196,3.78000006,0.0,3520.0600585704,68.3515765948338,18.4699994328,0.0,40.0000033838892,0.0
1200817967,41.549999196,3.78000006,0.0,3520.0600585704,68.5453249469404,18.4699994328,0.0,55.9999978426876,0.0
1200817971,41.549999196,3.78000006,0.0,3520.0600585704,68.3923658887061,18.4699994328,0.0,60.999999989363,0.0
1200817976,41.549999196,3.78000006,0.0,3520.0600585704,68.3515765948338,18.4699994328,0.0,36.9999979590295,0.0
1200817985,41.549999196,3.78000006,0.0,3520.0600585704,68.5147346775076,18.4699994328,0.0,65.0000003277519,0.0
1200817988,41.549999196,3.78000006,0.0,3520.0600585704,68.4943361750363,18.4699994328,0.0,96.0000012265767,0.0
1200817993,41.549999196,3.78000006,0.0,3520.0600585704,68.4637459056035,18.4699994328,0.0,39.0000015756026,0.0
1200817997,41.549999196,3.78000006,0.0,3520.0600585704,68.4637459056035,18.4699994328,0.0,55.9999978426876,0.0
1200818002,41.549999196,3.78000006,0.0,3520.0600585704,68.4025653667379,18.4699994328,0.0,62.0000017976496,0.0
1200818006,41.549999196,3.78000006,0.0,3520.0600585704,68.4433551142025,18.4699994328,0.0,65.0000003277519,0.0
1200818011,41.549999196,3.78000006,0.0,3520.0600585704,68.4739453836353,18.4699994328,0.0,56.9999996509741,0.0
1200818016,41.549999196,3.78000006,0.0,3520.0600585704,68.4229561581389,18.4699994328,0.0,62.0000017976496,0.0
1200818021,41.549999196,3.78000006,0.0,3520.0600585704,68.4637459056035,18.4699994328,0.0,54.0000011208717,0.0
1200818025,41.549999196,3.78000006,0.0,3520.0600585704,68.4025653667379,18.4699994328,0.0,77.999996256448,0.0
1200818030,41.549999196,3.78000006,0.0,3520.0600585704,68.3821668642666,18.4699994328,0.0,94.9999994182902,0.0
1200818034,41.549999196,3.78000006,0.0,3520.0600585704,68.5147346775076,18.4699994328,0.0,100.000001564966,0.0
1200818039,41.549999196,3.78000006,0.0,3520.0600585704,68.3719750973051,18.4699994328,0.0,69.9999955796701,0.0
1200818042,41.549999196,3.78000006,0.0,3520.0600585704,68.4739453836353,18.4699994328,0.0,75.9999995346322,0.0
1200818047,41.549999196,3.78000006,0.0,3520.0600585704,68.5657161919337,18.4699994328,0.0,74.0000028128163,0.0
1200818051,41.549999196,3.78000006,0.0,3520.0600585704,68.4025653667379,18.4699994328,0.0,66.0000021360385,0.0
1200818056,41.549999196,3.78000006,0.0,3520.0600585704,68.3821668642666,18.4699994328,0.0,67.0000039443251,0.0
1200818060,41.549999196,3.78000006,0.0,3520.0600585704,68.3923658887061,18.4699994328,0.0,81.9999965948369,0.0
1200818065,41.549999196,3.78000006,0.0,3520.0600585704,68.4841444080748,18.4699994328,0.0,65.0000003277519,0.0
1200818070,41.549999196,3.78000006,0.0,3520.0600585704,68.4433551142025,18.4699994328,0.0,50.0000007824828,0.0
1200818075,41.549999196,3.78000006,0.0,3520.0600585704,68.4025653667379,18.4699994328,0.0,50.0000007824828,0.0
1200818079,41.549999196,3.78000006,0.0,3520.0600585704,68.4637459056035,18.4699994328,0.0,62.9999967111788,0.0
1200818084,41.549999196,3.78000006,0.0,3520.0600585704,68.4433551142025,18.4699994328,0.0,58.0000014592607,0.0
1200818088,41.549999196,3.78000006,0.0,3520.0600585704,68.4637459056035,18.4699994328,0.0,58.0000014592607,0.0
1200818093,41.549999196,3.78000006,0.0,3520.0600585704,68.4637459056035,18.4699994328,0.0,40.9999982974184,0.0
1200818096,41.549999196,3.78000006,0.0,3520.0600585704,68.5147346775076,18.4699994328,0.0,47.9999971659097,0.0
1200818101,41.549999196,3.78000006,0.0,3520.0600585704,68.4739453836353,18.4699994328,0.0,47.9999971659097,0.0
1200818105,41.549999196,3.78000006,0.0,3520.0600585704,68.4025653667379,18.4699994328,0.0,36.9999979590295,0.0
1200818110,41.549999196,3.78000006,0.0,3520.0600585704,68.3311858034328,18.4699994328,0.0,50.0000007824828,0.0
1200818114,41.549999196,3.78000006,0.0,3520.0600585704,68.3719750973051,18.4699994328,0.0,58.0000014592607,0.0
1200818119,41.549999196,3.78000006,0.0,3520.0600585704,68.4841444080748,18.4699994328,0.0,60.0000050758338,0.0
1200818124,41.549999196,3.78000006,0.0,3520.0600585704,68.4739453836353,18.4699994328,0.0,69.0000006661409,0.0
1200818129,41.549999196,3.78000006,0.0,3520.0600585704,68.3821668642666,18.4699994328,0.0,36.9999979590295,0.0
1200818133,41.549999196,3.78000006,0.0,3520.0600585704,68.4739453836353,18.4699994328,0.0,63.9999985194654,0.0
1200818138,41.549999196,3.78000006,0.0,3520.0600585704,68.4841444080748,18.4699994328,0.0,50.9999956960121,0.0
1200818142,41.549999196,3.78000006,0.0,3520.0600585704,68.606505485806,18.4699994328,0.0,81.9999965948369,0.0
1200818147,41.549999196,3.78000006,0.0,3520.0600585704,68.3821668642666,18.4699994328,0.0,54.0000011208717,0.0
1200818150,41.549999196,3.78000006,0.0,3520.0600585704,68.3821668642666,18.4699994328,0.0,85.0000020196965,0.0
1200818155,41.549999196,3.78000006,0.0,3520.0600585704,68.4331556361707,18.4699994328,0.0,52.9999993125852,0.0
1200818164,41.549999196,3.78000006,0.0,3520.0600585704,68.4331556361707,18.4699994328,0.0,60.999999989363,0.0
1200818168,41.549999196,3.78000006,0.0,3520.0600585704,68.5453249469404,18.4699994328,0.0,62.0000017976496,0.0
1200818173,41.549999196,3.78000006,0.0,3520.0600585704,68.4637459056035,18.4699994328,0.0,62.9999967111788,0.0
1200818178,41.549999196,3.78000006,0.0,3520.0600585704,68.4433551142025,18.4699994328,0.0,48.9999989741963,0.0
1200818183,41.549999196,3.78000006,0.0,3520.0600585704,68.3923658887061,18.4699994328,0.0,36.0000030455003,0.0
1200818192,41.549999196,3.78000006,0.0,3520.0600585704,68.3923658887061,18.4699994328,0.0,48.9999989741963,0.0
1200818196,41.549999196,3.78000006,0.0,3520.0600585704,68.4331556361707,18.4699994328,0.0,75.9999995346322,0.0
1200818201,41.549999196,3.78000006,0.0,3520.0600585704,68.4739453836353,18.4699994328,0.0,25.9999987521493,0.0
1200818204,41.549999196,3.78000006,0.0,3520.0600585704,68.5657161919337,18.4699994328,0.0,6.99999886849128,0.0
1200818209,41.549999196,3.78000006,0.0,3520.0600585704,68.4433551142025,18.4699994328,0.0,40.9999982974184,0.0
1200818213,41.549999196,3.78000006,0.0,3520.0600585704,68.4739453836353,18.4699994328,0.0,51.9999975042986,0.0
1200818218,41.549999196,3.78000006,0.0,3520.0600585704,68.3515765948338,18.4699994328,0.0,60.0000050758338,0.0
1200818223,41.549999196,3.78000006,0.0,3520.0600585704,68.4331556361707,18.4699994328,0.0,44.9999986358074,0.0
1200818227,41.549999196,3.78000006,0.0,3520.0600585704,68.4943361750363,18.4699994328,0.0,42.000000105705,0.0
1200818232,41.549999196,3.78000006,0.0,3520.0600585704,68.4739453836353,18.4699994328,0.0,55.9999978426876,0.0
1200818237,41.549999196,3.78000006,0.0,3520.0600585704,68.4229561581389,18.4699994328,0.0,48.9999989741963,0.0
1200818241,41.549999196,3.78000006,0.0,3520.0600585704,68.5351259225009,18.4699994328,0.0,36.0000030455003,0.0
1200818246,41.549999196,3.78000006,0.0,3520.0600585704,68.4637459056035,18.4699994328,0.0,63.9999985194654,0.0
1200818250,41.549999196,3.78000006,0.0,3520.0600585704,68.4739453836353,18.4699994328,0.0,69.9999955796701,0.0
1200818255,41.549999196,3.78000006,0.0,3520.0600585704,68.4331556361707,18.4699994328,0.0,81.0000016813076,0.0
1200818258,41.549999196,3.78000006,0.0,3520.0600585704,68.3923658887061,18.4699994328,0.0,67.0000039443251,0.0
1200818263,41.549999196,3.78000006,0.0,3520.0600585704,68.3923658887061,18.4699994328,0.0,77.0000013429187,0.0
1200818267,41.549999196,3.78000006,0.0,3520.0600585704,68.4433551142025,18.4699994328,0.0,88.9999954633282,0.0
1200818272,41.549999196,3.78000006,0.0,3520.0600585704,68.4943361750363,18.4699994328,0.0,60.0000050758338,0.0
1200818277,41.549999196,3.78000006,0.0,3520.0600585704,68.4025653667379,18.4699994328,0.0,63.9999985194654,0.0
1200818281,41.549999196,3.78000006,0.0,3520.0600585704,68.3923658887061,18.4699994328,0.0,72.0000060910005,0.0
1200818286,41.549999196,3.78000006,0.0,3520.0600585704,68.4637459056035,18.4699994328,0.0,69.9999955796701,0.0
1200818291,41.549999196,3.78000006,0.0,3520.0600585704,68.3515765948338,18.4699994328,0.0,67.9999988578543,0.0
1200818295,41.549999196,3.78000006,0.0,3520.0600585704,68.3515765948338,18.4699994328,0.0,74.0000028128163,0.0
1200818300,41.549999196,3.78000006,0.0,3520.0600585704,68.3719750973051,18.4699994328,0.0,66.0000021360385,0.0
1200818304,41.549999196,3.78000006,0.0,3520.0600585704,68.4331556361707,18.4699994328,0.0,62.9999967111788,0.0
1200818309,41.549999196,3.78000006,0.0,3520.0600585704,68.3515765948338,18.4699994328,0.0,48.9999989741963,0.0
1200818312,41.549999196,3.78000006,0.0,3520.0600585704,68.4433551142025,18.4699994328,0.0,73.0000010045298,0.0
1200818317,41.549999196,3.78000006,0.0,3520.0600585704,68.4637459056035,18.4699994328,0.0,44.9999986358074,0.0
1200818321,41.549999196,3.78000006,0.0,3520.0600585704,68.4331556361707,18.4699994328,0.0,66.0000021360385,0.0
1200818326,41.549999196,3.78000006,0.0,3520.0600585704,68.4433551142025,18.4699994328,0.0,72.0000060910005,0.0
1200818331,41.549999196,3.78000006,0.0,3520.0600585704,68.3923658887061,18.4699994328,0.0,65.0000003277519,0.0
1200818335,41.549999196,3.78000006,0.0,3520.0600585704,68.4025653667379,18.4699994328,0.0,69.9999955796701,0.0
1200818340,41.549999196,3.78000006,0.0,3520.0600585704,68.4433551142025,18.4699994328,0.0,42.000000105705,0.0
1200818345,41.549999196,3.78000006,0.0,3520.0600585704,68.3821668642666,18.4699994328,0.0,33.0000045153979,0.0
1200818349,41.549999196,3.78000006,0.0,3520.0600585704,68.3719750973051,18.4699994328,0.0,52.9999993125852,0.0
1200818354,41.549999196,3.78000006,0.0,3520.0600585704,68.4943361750363,18.4699994328,0.0,36.9999979590295,0.0
1200818358,41.549999196,3.78000006,0.0,3520.0600585704,68.3923658887061,18.4699994328,0.0,35.0000012372137,0.0
1200818363,41.549999196,3.78000006,0.0,3520.0600585704,68.4433551142025,18.4699994328,0.0,55.0000029291583,0.0
1200818371,41.549999196,3.78000006,0.0,3520.0600585704,68.4943361750363,18.4699994328,0.0,50.0000007824828,0.0
1200818375,41.549999196,3.78000006,0.0,3520.0600585704,68.4739453836353,18.4699994328,0.0,52.9999993125852,0.0
1200818380,41.549999196,3.78000006,0.0,3520.0600585704,68.4433551142025,18.4699994328,0.0,36.9999979590295,0.0
1200818385,41.549999196,3.78000006,0.0,3520.0600585704,68.3719750973051,18.4699994328,0.0,51.9999975042986,0.0
1200818389,41.549999196,3.78000006,0.0,3520.0600585704,68.3821668642666,18.4699994328,0.0,43.9999968275208,0.0
1200818399,41.549999196,3.78000006,0.0,3520.0600585704,68.4637459056035,18.4699994328,0.0,46.0000004440939,0.0
1200818403,41.549999196,3.78000006,0.0,3520.0600585704,68.4229561581389,18.4699994328,0.0,40.9999982974184,0.0
1200818408,41.549999196,3.78000006,0.0,3520.0600585704,68.3515765948338,18.4699994328,0.0,32.0000027071113,0.0
1200818412,41.549999196,3.78000006,0.0,3520.0600585704,68.4331556361707,18.4699994328,0.0,51.9999975042986,0.0
1200818417,41.549999196,3.78000006,0.0,3520.0600585704,68.4739453836353,18.4699994328,0.0,46.0000004440939,0.0
1200818425,41.549999196,3.78000006,0.0,3520.0600585704,68.5249264444691,18.4699994328,0.0,67.9999988578543,0.0
1200818429,41.549999196,3.78000006,0.0,3520.0600585704,68.3923658887061,18.4699994328,0.0,60.0000050758338,0.0
1200818434,41.549999196,3.78000006,0.0,3520.0600585704,68.4943361750363,18.4699994328,0.0,56.9999996509741,0.0
1200818439,41.549999196,3.78000006,0.0,3520.0600585704,68.4637459056035,18.4699994328,0.0,67.0000039443251,0.0
1200818443,41.549999196,3.78000006,0.0,3520.0600585704,68.4331556361707,18.4699994328,0.0,43.0000019139915,0.0
1200818448,41.549999196,3.78000006,0.0,3520.0600585704,68.3005955340001,18.4699994328,0.0,43.9999968275208,0.0
1200818453,41.549999196,3.78000006,0.0,3520.0600585704,68.5147346775076,18.4699994328,0.0,66.0000021360385,0.0
1200818457,41.549999196,3.78000006,0.0,3520.0600585704,68.4637459056035,18.4699994328,0.0,81.0000016813076,0.0
1200818462,41.549999196,3.78000006,0.0,3520.0600585704,68.3515765948338,18.4699994328,0.0,54.0000011208717,0.0
1200818466,41.549999196,3.78000006,0.0,3520.0600585704,68.341377116802,18.4699994328,0.0,88.0000005497989,0.0
1200818471,41.549999196,3.78000006,0.0,3520.0600585704,68.3719750973051,18.4699994328,0.0,66.0000021360385,0.0
1200818474,41.549999196,3.78000006,0.0,3520.0600585704,68.341377116802,18.4699994328,0.0,47.9999971659097,0.0
1200818479,41.549999196,3.78000006,0.0,3520.0600585704,68.3515765948338,18.4699994328,0.0,55.9999978426876,0.0
1200818483,41.549999196,3.78000006,0.0,3520.0600585704,68.4025653667379,18.4699994328,0.0,55.0000029291583,0.0
1200818488,41.549999196,3.78000006,0.0,3520.0600585704,68.3923658887061,18.4699994328,0.0,52.9999993125852,0.0
1200818493,41.549999196,3.78000006,0.0,3520.0600585704,68.5351259225009,18.4699994328,0.0,31.0000008988248,0.0
1200818497,41.549999196,3.78000006,0.0,3520.0600585704,68.4331556361707,18.4699994328,0.0,88.0000005497989,0.0
1200818502,41.549999196,3.78000006,0.0,3520.0600585704,68.4739453836353,18.4699994328,0.0,82.9999984031234,0.0
1200818507,41.549999196,3.78000006,0.0,3520.0600585704,68.3821668642666,18.4699994328,0.0,44.9999986358074,0.0
1200818511,41.549999196,3.78000006,0.0,3520.0600585704,68.4229561581389,18.4699994328,0.0,40.9999982974184,0.0
1200818516,41.549999196,3.78000006,0.0,3520.0600585704,68.4739453836353,18.4699994328,0.0,47.9999971659097,0.0
1200818520,41.549999196,3.78000006,0.0,3520.0600585704,68.4637459056035,18.4699994328,0.0,40.9999982974184,0.0
1200818525,41.549999196,3.78000006,0.0,3520.0600585704,68.341377116802,18.4699994328,0.0,52.9999993125852,0.0
1200818528,41.549999196,3.78000006,0.0,3520.0600585704,68.5249264444691,18.4699994328,0.0,47.9999971659097,0.0
1200818533,41.549999196,3.78000006,0.0,3520.0600585704,68.3821668642666,18.4699994328,0.0,46.0000004440939,0.0
1200818537,41.549999196,3.78000006,0.0,3520.0600585704,68.4025653667379,18.4699994328,0.0,48.9999989741963,0.0
1200818542,41.549999196,3.78000006,0.0,3520.0600585704,68.4433551142025,18.4699994328,0.0,40.9999982974184,0.0
1200818547,41.549999196,3.78000006,0.0,3520.0600585704,68.3719750973051,18.4699994328,0.0,43.0000019139915,0.0
1200818551,41.549999196,3.78000006,0.0,3520.0600585704,68.3311858034328,18.4699994328,0.0,47.0000022523805,0.0
1200818556,41.549999196,3.78000006,0.0,3520.0600585704,68.4637459056035,18.4699994328,0.0,39.0000015756026,0.0
1200818561,41.549999196,3.78000006,0.0,3520.0600585704,68.3923658887061,18.4699994328,0.0,42.000000105705,0.0
1200818565,41.549999196,3.78000006,0.0,3520.0600585704,68.4433551142025,18.4699994328,0.0,56.9999996509741,0.0
1200818570,41.549999196,3.78000006,0.0,3520.0600585704,68.3821668642666,18.4699994328,0.0,43.9999968275208,0.0
1200818574,41.549999196,3.78000006,0.0,3520.0600585704,68.5453249469404,18.4699994328,0.0,43.0000019139915,0.0
1200818579,41.549999196,3.78000006,0.0,3520.0600585704,68.5351259225009,18.4699994328,0.0,54.0000011208717,0.0
1200818582,41.549999196,3.78000006,0.0,3520.0600585704,68.5147346775076,18.4699994328,0.0,36.9999979590295,0.0
1200818587,41.549999196,3.78000006,0.0,3520.0600585704,68.3719750973051,18.4699994328,0.0,43.9999968275208,0.0
1200818591,41.549999196,3.78000006,0.0,3520.0600585704,68.4433551142025,18.4699994328,0.0,54.0000011208717,0.0
1200818596,41.549999196,3.78000006,0.0,3520.0600585704,68.3923658887061,18.4699994328,0.0,13.9999977369826,0.0
1200818605,41.549999196,3.78000006,0.0,3520.0600585704,68.3821668642666,18.4699994328,0.0,29.9999990905382,0.0
1200818610,41.549999196,3.78000006,0.0,3520.0600585704,68.4943361750363,18.4699994328,0.0,13.9999977369826,0.0
