DATE_TIME,BPOS,DBTM,FLWI,HDTH,HKLD,ROP,RPM,SPPA,WOB
1242205557,18.9820296,3425.9004888,1741.206240936,3437.2865976,146.39330867854,1.3118592,20.0,6843.29482473215,0.3764816671
1242205560,18.9582552,3425.9239584,1741.206240936,3437.2865976,147.8030737645,1.3118592,20.0,6843.29482473215,-1.03328341886
1242205563,18.9344808,3425.9480376,1741.206240936,3437.2865976,147.11225258499,1.3118592,18.0,6799.43037883302,-0.34246223935
1242205566,18.9104016,3425.9715072,1741.206240936,3437.2865976,146.50035647786,1.3118592,18.0,6799.43037883302,0.26943386778
1242205569,18.8866272,3425.9958912,1741.206240936,3437.2865976,147.77313666808,1.3118592,18.0,6799.43037883302,-1.00289273007
1242205572,18.862548,3426.0196656,1741.206240936,3437.2865976,147.41479869578,1.3118592,18.0,6799.43037883302,-0.64500835014
1242205575,18.8387736,3426.04344,1741.206240936,3437.2865976,146.49355259231,1.3118592,19.0,6839.89570938662,0.27623775333
1242205578,18.8149992,3426.0672144,1741.206240936,3437.2865976,146.01773419618,1.3118592,19.0,6839.89570938662,0.75205614946
1242205581,18.789396,3426.0934272,1741.206240936,3437.2865976,148.49661649823,1.3118592,19.0,6839.89570938662,-1.72682615259
1242205584,18.7613544,3426.121164,1741.206240936,3437.2865976,147.58625661164,1.3118592,19.0,6839.89570938662,-0.816466266
1242205587,18.7336176,3426.1489008,1741.206240936,3437.2865976,146.63915574308,1.3118592,19.0,6839.89570938662,0.13063460256
1242205590,18.7058808,3426.1766376,1741.206240936,3437.2865976,145.8934498868,1.3118592,19.0,6950.16356277626,0.87634045884
1242205593,18.678144,3426.2043744,1741.206240936,3437.2865976,147.7032834431,1.3118592,19.0,6950.16356277626,-0.93349309746
1242205596,18.6504072,3426.2321112,1741.206240936,3437.2865976,147.23744407911,1.3118592,19.0,6950.16356277626,-0.46765373347
1242205599,18.6226704,3426.259848,1741.206240936,3437.2865976,146.50625317867,1.3118592,19.0,6950.16356277626,0.26353716697
1242205602,18.5949336,3426.2881944,1741.206240936,3437.2865976,147.00202963908,1.3118592,19.0,6755.87619701207,-0.23223929344
1242205605,18.5671968,3426.3156264,1741.206240936,3437.2865976,148.06388937725,1.3118592,19.0,6755.87619701207,-1.29409903161
1242205608,18.53946,3426.3430584,1741.206240936,3437.2865976,147.47467288862,1.3118592,19.0,6755.87619701207,-0.70488254298
1242205614,18.4836816,3426.3991416,1741.206240936,3437.2865976,145.8208751076,1.3118592,19.0,6755.87619701207,0.94891523804
1242205617,18.45564,3426.4268784,1741.206240936,3437.2865976,148.72749501456,1.3118592,20.0,6798.80985067663,-1.95770466892
1242205620,18.428208,3426.4543104,1741.206240936,3437.2865976,147.77631181467,1.3118592,20.0,6798.80985067663,-1.00652146903
1242205623,18.400776,3426.4817424,1741.206240936,3437.2865976,146.65321710655,1.3118592,20.0,6798.80985067663,0.11657323909
1242205626,18.3727344,3426.509784,1741.206240936,3437.2865976,146.03905303757,1.3118592,20.0,6798.80985067663,0.73073730807
1242205629,18.3446928,3426.5381304,1741.206240936,3437.2865976,147.00202963908,1.3118592,20.0,6857.18776067789,-0.23223929344
1242205632,18.316956,3426.5658672,1741.206240936,3437.2865976,148.55921224529,1.3118592,20.0,6857.18776067789,-1.78942189965
1242205635,18.2892192,3426.5932992,1741.206240936,3437.2865976,147.27010272975,1.3118592,20.0,6857.18776067789,-0.50031238411
1242205638,18.2617872,3426.621036,1741.206240936,3437.2865976,146.44411102398,1.3118592,20.0,6857.18776067789,0.32567932166
1242205641,18.2340504,3426.6487728,1741.206240936,3437.2865976,145.67708632631,1.3118592,20.0,6857.18776067789,1.09270401933
1242205644,18.2060088,3426.6765096,1741.206240936,3437.2865976,146.79519151836,1.3118592,19.0,6651.47578207892,-0.02540117272
1242205647,18.178272,3426.7045512,1741.206240936,3437.2865976,148.52337844806,1.3118592,19.0,6651.47578207892,-1.75358810242
1242205650,18.1505352,3426.732288,1741.206240936,3437.2865976,147.33043051496,1.3118592,19.0,6651.47578207892,-0.56064016932
1242205653,18.1227984,3426.75972,1741.206240936,3437.2865976,146.33025933911,1.3118592,19.0,6651.47578207892,0.43953100653
1242205656,18.0950616,3426.7874568,1741.206240936,3437.2865976,145.78730927222,1.3118592,20.0,6680.81986911864,0.98248107342
1242205659,18.06702,3426.8154984,1741.206240936,3437.2865976,147.38622237647,1.3118592,20.0,6680.81986911864,-0.61643203083
1242205662,18.0392832,3426.84354,1741.206240936,3437.2865976,148.19951349588,1.3118592,20.0,6680.81986911864,-1.42972315024
1242205665,18.0088032,3426.87402,1741.206240936,3437.2865976,146.93126922936,1.3118592,20.0,6680.81986911864,-0.16147888372
1242205668,17.977104,3426.906024,1741.206240936,3437.2865976,146.23137620245,1.3118592,20.0,6680.81986911864,0.53841414319
1242205671,17.9451,3426.9377232,1741.206240936,3437.2865976,145.30559417528,1.3118592,19.0,6814.25410701333,1.46419617036
1242205674,17.9127912,3426.970032,1741.206240936,3437.2865976,147.17031240835,1.3118592,19.0,6814.25410701333,-0.40052206271
1242205677,17.881092,3427.0017312,1741.206240936,3437.2865976,148.55467632159,1.3118592,19.0,6814.25410701333,-1.78488597595
1242205680,17.849088,3427.03404,1741.206240936,3437.2865976,147.03105955076,1.3118592,19.0,6814.25410701333,-0.26126920512
1242205683,17.817084,3427.066044,1741.206240936,3437.2865976,146.23908727274,1.3118592,20.0,6718.19634840491,0.5307030729
1242205686,17.78508,3427.0977432,1741.206240936,3437.2865976,145.2992438821,1.3118592,20.0,6718.19634840491,1.47054646354
1242205689,17.753076,3427.1297472,1741.206240936,3437.2865976,147.24923748073,1.3118592,20.0,6718.19634840491,-0.47944713509
1242205692,17.721072,3427.1617512,1741.206240936,3437.2865976,148.35736364064,1.3118592,20.0,6718.19634840491,-1.587573295
1242205695,17.689068,3427.1937552,1741.206240936,3437.2865976,147.30911167357,1.3118592,20.0,6718.19634840491,-0.53932132793
1242205698,17.657064,3427.2257592,1741.206240936,3437.2865976,146.52031454214,1.3118592,19.0,6873.25254517097,0.2494758035
1242205701,17.62506,3427.2577632,1741.206240936,3437.2865976,145.42035304489,1.3118592,19.0,6873.25254517097,1.34943730075
1242205704,17.5918368,3427.291596,1741.206240936,3437.2865976,149.06088540651,1.3118592,19.0,6873.25254517097,-2.29109506087
1242205707,17.5583088,3427.3248192,1741.206240936,3437.2865976,147.73730287085,1.3118592,19.0,6873.25254517097,-0.96751252521
1242205710,17.5247808,3427.3580424,1741.206240936,3437.2865976,146.64595962863,1.3118592,20.0,6957.57542686642,0.12383071701
1242205713,17.4915576,3427.3918752,1741.206240936,3437.2865976,145.60632591659,1.3118592,20.0,6957.57542686642,1.16346442905
1242205716,17.4580296,3427.4250984,1741.206240936,3437.2865976,147.06507897851,1.3118592,20.0,6957.57542686642,-0.29528863287
1242205719,17.4245016,3427.4583216,1741.206240936,3437.2865976,148.91482866337,1.3118592,20.0,6957.57542686642,-2.14458472536
1242205722,17.3909736,3427.4921544,1741.206240936,3437.2865976,147.6987475194,1.3118592,20.0,6957.57542686642,-0.92895717376
1242205725,17.3574456,3427.5253776,1741.206240936,3437.2865976,146.60876505429,1.3118592,20.0,6710.47422023656,0.16102529135
1242205728,17.3242224,3427.5586008,1741.206240936,3437.2865976,145.71019856932,1.3118592,20.0,6710.47422023656,1.05959177632
1242205752,17.056608,3427.8262152,1741.206240936,3437.2865976,149.11622367565,1.3118592,20.0,6884.68405276304,-2.34643333001
1242205755,17.02308,3427.860048,1741.206240936,3437.2865976,147.52683601117,1.3118592,20.0,6884.68405276304,-0.75704566553
1242205758,16.989552,3427.893576,1741.206240936,3437.2865976,146.64278448204,1.3118592,20.0,6884.68405276304,0.12745945597
1242205761,16.956024,3427.9267992,1741.206240936,3437.2865976,145.63263427405,1.3118592,20.0,6884.68405276304,1.13715607159
1242205764,16.9228008,3427.960632,1741.206240936,3437.2865976,147.95185206186,1.3118592,19.0,6676.18659221763,-1.18206171622
1242205767,16.8892728,3427.9935504,1741.206240936,3437.2865976,148.45125726123,1.3118592,19.0,6676.18659221763,-1.68146691559
1242205770,16.8557448,3428.027688,1741.206240936,3437.2865976,147.42931365162,1.3118592,19.0,6676.18659221763,-0.65952330598
1242205773,16.8222168,3428.0609112,1741.206240936,3437.2865976,146.45998675693,1.3118592,19.0,6676.18659221763,0.30980358871
1242205776,16.7886888,3428.0941344,1741.206240936,3437.2865976,147.27826739241,1.3118592,19.0,6676.18659221763,-0.50847704677
1242205779,16.7551608,3428.1279672,1741.206240936,3437.2865976,148.46758658655,1.3118592,19.0,6797.88595319935,-1.69779624091
1242205782,16.7219376,3428.1611904,1741.206240936,3437.2865976,147.29368953299,1.3118592,19.0,6797.88595319935,-0.52389918735
1242205785,16.6884096,3428.1947184,1741.206240936,3437.2865976,146.46815141959,1.3118592,19.0,6797.88595319935,0.30163892605
1242205788,16.6548816,3428.2282464,1741.206240936,3437.2865976,148.65401305062,1.3118592,19.0,6797.88595319935,-1.88422270498
1242205791,16.6213536,3428.2614696,1741.206240936,3437.2865976,148.19633834929,1.3118592,20.0,6877.57555799379,-1.42654800365
1242205794,16.5878256,3428.2953024,1741.206240936,3437.2865976,147.3857687841,1.3118592,20.0,6877.57555799379,-0.61597843846
1242205797,16.5546024,3428.3285256,1741.206240936,3437.2865976,146.4332248071,1.3118592,20.0,6877.57555799379,0.33656553854
1242205800,16.5210744,3428.3617488,1741.206240936,3437.2865976,147.58852457349,1.3118592,20.0,6877.57555799379,-0.81873422785
1242205803,16.4875464,3428.3955816,1741.206240936,3437.2865976,148.06343578488,1.3118592,20.0,6877.57555799379,-1.29364543924
1242205806,16.4540184,3428.4288048,1741.206240936,3437.2865976,146.82195346819,1.3118592,19.0,6730.55175347426,-0.05216312255
1242205809,16.4207952,3428.462028,1741.206240936,3437.2865976,145.81951433049,1.3118592,19.0,6730.55175347426,0.95027601515
1242205812,16.3872672,3428.4958608,1741.206240936,3437.2865976,146.1656053088,1.3118592,19.0,6730.55175347426,0.60418503684
1242205815,16.3537392,3428.529084,1741.206240936,3437.2865976,148.95156964534,1.3118592,19.0,6730.55175347426,-2.1817792997
1242205818,16.3202112,3428.562612,1741.206240936,3437.2865976,147.5354542662,1.3118592,19.0,6914.33150912367,-0.76566392056
1242205821,16.2866832,3428.59614,1741.206240936,3437.2865976,146.42914247577,1.3118592,19.0,6914.33150912367,0.34064786987
1242205824,16.25346,3428.6293632,1741.206240936,3437.2865976,145.68525098897,1.3118592,19.0,6914.33150912367,1.08453935667
1242205827,16.2202368,3428.663196,1741.206240936,3437.2865976,146.17286278672,1.3118592,19.0,6914.33150912367,0.59692755892
1242205830,16.186404,3428.6964192,1741.206240936,3437.2865976,148.7284021993,1.3118592,19.0,6914.33150912367,-1.95861185366
1242205833,16.1531808,3428.7296424,1741.206240936,3437.2865976,147.42523132029,1.3118592,20.0,6897.96335530968,-0.65544097465
1242205836,16.1196528,3428.7634752,1741.206240936,3437.2865976,146.31846593749,1.3118592,20.0,6897.96335530968,0.45132440815
1242205839,16.0864296,3428.7966984,1741.206240936,3437.2865976,145.55008046271,1.3118592,20.0,6897.96335530968,1.21970988293
1242205842,16.0525968,3428.8299216,1741.206240936,3437.2865976,148.77965813711,1.3118592,20.0,6897.96335530968,-2.00986779147
1242205845,16.0193736,3428.8637544,1741.206240936,3437.2865976,147.67425353142,1.3118592,19.0,6789.23303279642,-0.90446318578
1242205848,15.9858456,3428.8969776,1741.206240936,3437.2865976,146.74348198818,1.3118592,19.0,6789.23303279642,0.02630835746
1242205860,15.8520384,3429.0310896,1741.206240936,3437.2865976,147.39846937046,1.3118592,20.0,6872.32864769368,-0.62867902482
1242205863,15.8188152,3429.0643128,1741.206240936,3437.2865976,146.76344005246,1.3118592,20.0,6872.32864769368,0.00635029318
1242205866,15.7852872,3429.097536,1741.206240936,3437.2865976,145.73696051915,1.3118592,20.0,6872.32864769368,1.03282982649
1242205869,15.7517592,3429.1313688,1741.206240936,3437.2865976,145.104199163,1.3118592,20.0,6872.32864769368,1.66559118264
1242205872,15.7182312,3429.164592,1741.206240936,3437.2865976,149.25638371798,1.3118592,19.0,6833.09747869556,-2.48659337234
1242205875,15.685008,3429.1978152,1741.206240936,3437.2865976,147.82303182878,1.3118592,19.0,6833.09747869556,-1.05324148314
1242205878,15.65148,3429.231648,1741.206240936,3437.2865976,146.69313323511,1.3118592,19.0,6833.09747869556,0.07665711053
1242205881,15.617952,3429.2648712,1741.206240936,3437.2865976,145.53919424583,1.3118592,19.0,6833.09747869556,1.23059609981
1242205884,15.584424,3429.2983992,1741.206240936,3437.2865976,147.35447091057,1.3118592,19.0,6833.09747869556,-0.58468056493
1242205887,15.5512008,3429.3319272,1741.206240936,3437.2865976,148.25575894976,1.3118592,20.0,6729.00732784059,-1.48596860412
1242205890,15.5176728,3429.3654552,1741.206240936,3437.2865976,147.16124056095,1.3118592,20.0,6729.00732784059,-0.39099662294
1242205893,15.4841448,3429.399288,1741.206240936,3437.2865976,146.09439130671,1.3118592,20.0,6729.00732784059,0.67539903893
1242205896,15.4506168,3429.4322064,1741.206240936,3437.2865976,145.33507767933,1.3118592,20.0,6729.00732784059,1.43471266631
1242205899,15.4170888,3429.4660392,1741.206240936,3437.2865976,149.26726993486,1.3118592,20.0,6850.08616066592,-2.49747958922
1242205902,15.3835608,3429.4995672,1741.206240936,3437.2865976,147.47149774203,1.3118592,20.0,6850.08616066592,-0.70170739639
1242205905,15.3500328,3429.5327904,1741.206240936,3437.2865976,146.6509491447,1.3118592,20.0,6850.08616066592,0.11884120094
1242205908,15.3168096,3429.5663184,1741.206240936,3437.2865976,145.7981954891,1.3118592,20.0,6850.08616066592,0.97204844891
1242205911,15.2832816,3429.5998464,1741.206240936,3437.2865976,147.71870558368,1.3118592,20.0,6850.08616066592,-0.94846164567
1242205914,15.2726136,3429.6077712,1741.206240936,3437.2865976,148.73792763907,1.3118592,20.0,6863.06209389167,-1.96813729343
1242205917,15.2726136,3429.6077712,1741.206240936,3437.2865976,148.80460571746,1.3118592,20.0,6863.06209389167,-2.03481537182
1242205920,15.2726136,3429.6077712,1741.206240936,3437.2865976,148.73565967722,1.3118592,20.0,6863.06209389167,-1.96586933158
1242205923,15.2726136,3429.6077712,1741.206240936,3437.2865976,148.84996495446,1.3118592,20.0,6863.06209389167,-2.08017460882
1242205926,15.2726136,3429.6077712,1741.206240936,3437.2865976,148.84588262313,1.3118592,20.0,6811.78578390237,-2.07609227749
1242205929,15.2726136,3429.6077712,1741.206240936,3437.2865976,148.98876421968,1.3118592,20.0,6811.78578390237,-2.21897387404
1242205932,15.2726136,3429.6077712,1741.206240936,3437.2865976,149.11214134432,1.3118592,20.0,6811.78578390237,-2.34235099868
1242205935,15.2726136,3429.6077712,1741.206240936,3437.2865976,149.20285981832,1.3118592,20.0,6811.78578390237,-2.43306947268
1242205938,15.2726136,3429.6077712,1741.206240936,3437.2865976,149.2001382641,1.3118592,20.0,6811.78578390237,-2.43034791846
1242205941,15.2726136,3429.6077712,1300.395013536,3437.2865976,149.51810651547,1.3118592,19.0,5388.14940325168,-2.74786257746
1242205944,15.2726136,3429.6077712,1300.395013536,3437.2865976,149.72403745145,1.3118592,19.0,5388.14940325168,-2.95424710581
1242205947,15.2726136,3429.6077712,1300.395013536,3437.2865976,149.82700291944,1.3118592,19.0,5388.14940325168,-3.0572125738
1242205950,15.2726136,3429.6077712,1300.395013536,3437.2865976,149.82972447366,1.3118592,19.0,5388.14940325168,-3.05993412802
1242205953,15.2726136,3429.6077712,1300.395013536,3437.2865976,149.82564214233,1.3118592,19.0,2263.50055604612,-3.05585179669
1242205956,15.2726136,3429.6077712,1300.395013536,3437.2865976,149.86419749378,1.3118592,19.0,2263.50055604612,-3.09440714814
1242205959,15.2726136,3429.6077712,1300.395013536,3437.2865976,149.85195049979,1.3118592,19.0,2263.50055604612,-3.08216015415
1242205962,15.2726136,3429.6077712,1300.395013536,3437.2865976,149.84106428291,1.3118592,19.0,2263.50055604612,-3.07127393727
1242205965,15.2726136,3429.6077712,793.46020932,3437.2865976,149.72993415226,1.3118592,19.0,2263.50055604612,-2.96014380662
1242205968,15.2726136,3429.6077712,286.529190516,3437.2865976,149.89277381309,1.3118592,19.0,602.332891888481,-3.12298346745
1242205971,15.2726136,3429.6077712,286.529190516,3437.2865976,149.78890116036,1.3118592,19.0,602.332891888481,-3.01865722235
1242205995,15.2726136,3429.6077712,0.0,3437.2865976,149.8442394295,1.3118592,19.0,382.41081850829,-3.07444908386
1242205998,15.2726136,3429.6077712,0.0,3437.2865976,149.87463011829,1.3118592,19.0,382.41081850829,-3.10483977265
1242206001,15.2726136,3429.6077712,0.0,3437.2865976,149.85512564638,1.3118592,19.0,382.41081850829,-3.08533530074
1242206004,15.2726136,3429.6077712,0.0,3437.2865976,149.98802821079,1.3118592,19.0,382.41081850829,-3.21823786515
1242206007,15.2726136,3429.6077712,0.0,3437.2865976,149.93767945772,1.3118592,19.0,386.733831331107,-3.16788911208
1242206010,15.2726136,3429.6077712,0.0,3437.2865976,149.88370196569,1.3118592,19.0,386.733831331107,-3.11391162005
1242206013,15.2726136,3429.6077712,0.0,3437.2865976,149.86873341748,1.3118592,19.0,386.733831331107,-3.09894307184
1242206016,15.2726136,3429.6077712,0.0,3437.2865976,149.88370196569,1.3118592,19.0,386.733831331107,-3.11391162005
1242206019,15.2726136,3429.6077712,0.0,3437.2865976,149.91499983922,1.3118592,19.0,386.733831331107,-3.14520949358
1242206022,15.2726136,3429.6077712,0.0,3437.2865976,150.04064492571,1.3118592,20.0,373.757898105364,-3.27085458007
1242206025,15.2726136,3429.6077712,0.0,3437.2865976,149.90547439945,1.3118592,20.0,373.757898105364,-3.13568405381
1242206028,15.2726136,3429.6077712,0.0,3437.2865976,150.06468532132,1.3118592,20.0,373.757898105364,-3.29489497568
1242206031,15.2726136,3429.6077712,0.0,3437.2865976,149.82518854996,1.3118592,20.0,373.757898105364,-3.05539820432
1242206034,15.2726136,3429.6077712,0.0,3437.2865976,150.02295482328,1.3118592,19.0,406.811364568813,-3.25316447764
1242206037,15.2726136,3429.6077712,0.0,3437.2865976,149.89821692153,1.3118592,19.0,406.811364568813,-3.12842657589
1242206040,15.2726136,3429.6077712,0.0,3437.2865976,150.03157307831,1.3118592,19.0,406.811364568813,-3.26178273267
1242206043,15.2726136,3429.6077712,0.0,3437.2865976,149.86964060222,1.3118592,19.0,406.811364568813,-3.09985025658
1242206046,15.2726136,3429.6077712,0.0,3437.2865976,149.9531015983,1.3118592,19.0,406.811364568813,-3.18331125266
1242206049,15.2726136,3429.6077712,0.0,3437.2865976,149.88596992754,1.3118592,20.0,411.134377391629,-3.1161795819
1242206052,15.2726136,3429.6077712,0.0,3437.2865976,149.81566311019,1.3118592,20.0,411.134377391629,-3.04587276455
1242206055,15.2726136,3429.6077712,0.0,3437.2865976,149.89322740546,1.3118592,20.0,411.134377391629,-3.12343705982
1242206058,15.2726136,3429.6077712,0.0,3437.2865976,149.83607476684,1.3118592,20.0,411.134377391629,-3.0662844212
1242206061,15.2726136,3429.6077712,0.0,3437.2865976,149.95128722882,1.3118592,20.0,378.701439084565,-3.18149688318
1242206064,15.2726136,3429.6077712,0.0,3437.2865976,149.81793107204,1.3118592,20.0,378.701439084565,-3.0481407264
1242206067,15.2726136,3429.6077712,0.0,3437.2865976,149.88098041147,1.3118592,20.0,378.701439084565,-3.11119006583
1242206070,15.2726136,3429.6077712,0.0,3437.2865976,149.85557923875,1.3118592,20.0,378.701439084565,-3.08578889311
1242206073,15.2726136,3429.6077712,0.0,3437.2865976,149.92225731714,1.3118592,20.0,378.701439084565,-3.1524669715
1242206076,15.2726136,3429.6077712,0.0,3437.2865976,149.8487753532,1.3118592,19.0,403.101985145088,-3.07898500756
1242206079,15.2726136,3429.6077712,0.0,3437.2865976,149.91001032315,1.3118592,19.0,403.101985145088,-3.14021997751
1242206082,15.2726136,3429.6077712,0.0,3437.2865976,149.86646545563,1.3118592,19.0,403.101985145088,-3.09667510999
1242206085,15.2726136,3429.6077712,0.0,3437.2865976,149.97714199391,1.3118592,19.0,403.101985145088,-3.2068980559
1242206088,15.2726136,3429.6077712,0.0,3437.2865976,149.82473495759,1.3118592,20.0,373.757898105364,-3.05494461195
1242206091,15.2726136,3429.6077712,0.0,3437.2865976,149.88370196569,1.3118592,20.0,373.757898105364,-3.11391162005
1242206103,15.2726136,3429.6077712,0.0,3437.2865976,149.83652835921,1.3118592,19.0,386.423567252914,-3.06673801357
1242206106,15.2726136,3429.6077712,0.0,3437.2865976,149.8623831243,1.3118592,19.0,386.423567252914,-3.09259277866
1242206109,15.2726136,3429.6077712,0.0,3437.2865976,149.90411362234,1.3118592,19.0,386.423567252914,-3.1343232767
1242206112,15.2732232,3429.6071616,0.0,3437.2865976,149.7898083451,1.3118592,19.0,386.423567252914,-3.02001799946
1242206115,15.2732232,3429.6071616,0.0,3437.2865976,149.49134456564,1.3118592,20.0,406.50110049062,-2.72155422
1242206118,15.273528,3429.6068568,0.0,3437.2865976,149.33304082851,1.3118592,20.0,406.50110049062,-2.56325048287
1242206121,15.273528,3429.6068568,0.0,3437.2865976,149.29856780839,1.3118592,20.0,406.50110049062,-2.52877746275
1242206124,15.273528,3429.6068568,0.0,3437.2865976,148.85041854683,1.3118592,20.0,406.50110049062,-2.08062820119
1242206127,15.273528,3429.6068568,0.0,3437.2865976,147.86340154971,1.3118592,20.0,406.50110049062,-1.09361120407
1242206130,15.273528,3429.6068568,330.610313256,3437.2865976,147.2270114546,1.3118592,21.0,412.065169626207,-0.45722110896
1242206133,15.273528,3429.6068568,330.610313256,3437.2865976,147.05147120741,1.3118592,21.0,412.065169626207,-0.28168086177
1242206136,15.273528,3429.6068568,330.610313256,3437.2865976,147.02108051862,1.3118592,21.0,412.065169626207,-0.25129017298
1242206139,15.273528,3429.6068568,330.610313256,3437.2865976,146.9412482615,1.3118592,21.0,412.065169626207,-0.17145791586
1242206142,15.273528,3429.6068568,330.610313256,3437.2865976,147.01019430174,1.3118592,20.0,3936.09283303854,-0.2404039561
1242206145,15.273528,3429.6068568,330.610313256,3437.2865976,146.99794730775,1.3118592,20.0,3936.09283303854,-0.22815696211
1242206148,15.273528,3429.6068568,330.610313256,3437.2865976,147.02833799654,1.3118592,20.0,3936.09283303854,-0.2585476509
1242206151,15.273528,3429.6068568,330.610313256,3437.2865976,146.98025720532,1.3118592,20.0,3936.09283303854,-0.21046685968
1242206154,15.273528,3429.6068568,1391.755932156,3437.2865976,147.05872868533,1.3118592,20.0,3936.09283303854,-0.28893833969
1242206157,15.273528,3429.6068568,1546.840476384,3437.2865976,147.05736790822,1.3118592,20.0,5252.23994748874,-0.28757756258
1242206160,15.273528,3429.6068568,1546.840476384,3437.2865976,147.05328557689,1.3118592,20.0,5252.23994748874,-0.28349523125
1242206163,15.250668,3429.6321552,1546.840476384,3437.2865976,147.79037317814,1.3118592,20.0,5252.23994748874,-1.0205828325
1242206166,15.21714,3429.665988,1546.840476384,3437.2865976,147.7531786038,1.3118592,20.0,5252.23994748874,-0.98338825816
1242206169,15.1839168,3429.6992112,1546.840476384,3437.2865976,146.6328054499,1.3118592,20.0,5378.88284944966,0.13698489574
1242206172,15.1503888,3429.7324344,1546.840476384,3437.2865976,145.91250076634,1.3118592,20.0,5378.88284944966,0.8572895793
1242206175,15.1168608,3429.7659624,1546.840476384,3437.2865976,144.66240019462,1.3118592,20.0,5378.88284944966,2.10739015102
1242206178,15.0833328,3429.7997952,1546.840476384,3437.2865976,148.39909413868,1.3118592,20.0,5378.88284944966,-1.62930379304
1242206181,15.0501096,3429.8327136,1546.840476384,3437.2865976,146.85551930357,1.3118592,20.0,5378.88284944966,-0.08527536556
1242206184,15.0165816,3429.8662416,1745.5481085,3437.2865976,145.50834996467,1.3118592,20.0,5828.92434224664,1.26144038097
1242206187,14.9830536,3429.8997696,1745.5481085,3437.2865976,144.37754418626,1.3118592,20.0,5828.92434224664,2.39224615938
1242206190,14.9495256,3429.9336024,1745.5481085,3437.2865976,143.63410629183,1.3118592,20.0,5828.92434224664,3.13568405381
1242206193,14.9159976,3429.9671304,1745.5481085,3437.2865976,149.24459031636,1.3118592,20.0,5828.92434224664,-2.47479997072
1242206196,14.8827744,3430.0000488,1745.5481085,3437.2865976,147.85886562601,1.3118592,19.0,9642.38012731159,-1.08907528037
1242206199,14.8492464,3430.0335768,1745.5481085,3437.2865976,146.62600156435,1.3118592,19.0,9642.38012731159,0.14378878129
1242206202,14.8157184,3430.0674096,1745.5481085,3437.2865976,145.44938295657,1.3118592,19.0,9642.38012731159,1.32040738907
1242206205,14.7824952,3430.1006328,1745.5481085,3437.2865976,145.11191023329,1.3118592,19.0,9642.38012731159,1.65788011235
1242206208,14.7489672,3430.1344656,1745.5481085,3437.2865976,148.29068556225,1.3118592,19.0,9642.38012731159,-1.52089521661
1242206211,14.7154392,3430.1676888,2430.74553462,3437.2865976,146.69902993592,1.3118592,20.0,11474.9721420493,0.07076040972
1242206235,14.345412,3430.5398496,2430.74553462,3437.2865976,146.49491336942,1.3118592,20.0,12110.6549749648,0.27487697622
1242206238,14.2826232,3430.6026384,2430.74553462,3437.2865976,144.99760495605,1.3118592,19.0,12355.2878584837,1.77218538959
1242206241,14.2314168,3430.6532352,2430.74553462,3437.2865976,143.18368906842,1.3118592,19.0,12355.2878584837,3.58610127722
1242206244,14.1756384,3430.7090136,2430.74553462,3437.2865976,140.98648762814,1.3118592,19.0,12355.2878584837,5.7833027175
1242206247,14.1171168,3430.7681448,2430.74553462,3437.2865976,149.06950366154,1.3118592,19.0,12355.2878584837,-2.2997133159
1242206250,14.054328,3430.8309336,2430.74553462,3437.2865976,146.3470422568,1.3118592,19.0,12488.4118323002,0.42274808884
1242206253,13.9915392,3430.8937224,2430.74553462,3437.2865976,144.9726573757,1.3118592,19.0,12488.4118323002,1.79713296994
1242206256,13.930884,3430.953768,2430.74553462,3437.2865976,142.73690058397,1.3118592,19.0,12488.4118323002,4.03288976167
1242206259,13.880592,3431.0028408,2430.74553462,3437.2865976,141.2305203232,1.3118592,19.0,12488.4118323002,5.53927002244
1242206262,13.828776,3431.0564856,2430.74553462,3437.2865976,149.96580218466,1.3118592,19.0,12488.4118323002,-3.19601183902
1242206265,13.7659872,3431.1192744,2430.74553462,3437.2865976,146.72034877731,1.3118592,20.0,12452.5866734049,0.04944156833
1242206268,13.7031984,3431.1817584,2430.74553462,3437.2865976,145.22485473342,1.3118592,20.0,12452.5866734049,1.54493561222
1242206271,13.6434576,3431.2408896,2430.74553462,3437.2865976,142.55773159782,1.3118592,20.0,12452.5866734049,4.21205874782
1242206274,13.5974328,3431.286,2430.74553462,3437.2865976,140.43854804518,1.3118592,20.0,12452.5866734049,6.33124230046
1242206277,13.543788,3431.3414736,2430.74553462,3437.2865976,148.9778780028,1.3118592,19.0,13549.4184531167,-2.20763406479
1242206280,13.4809992,3431.4042624,2430.74553462,3437.2865976,145.32918097852,1.3118592,19.0,13549.4184531167,1.44060936712
1242206283,13.4191248,3431.4661368,2430.74553462,3437.2865976,143.30253026936,1.3118592,19.0,13549.4184531167,3.46771366865
1242206286,13.3688328,3431.5152096,2430.74553462,3437.2865976,141.23868498586,1.3118592,19.0,13549.4184531167,5.53110535978
1242206289,13.3246368,3431.5594056,2430.74553462,3437.2865976,140.02305743426,1.3118592,19.0,13549.4184531167,6.74673291138
1242206292,13.2691632,3431.6160984,3491.43690408,3437.2865976,148.50659553037,1.3118592,19.0,18418.3305793772,-1.73680518473
1242206295,13.2060696,3431.679192,3491.43690408,3437.2865976,145.15227995422,1.3118592,19.0,18418.3305793772,1.61751039142
1242206298,13.1445,3431.740152,3491.43690408,3437.2865976,143.42046428556,1.3118592,19.0,18418.3305793772,3.34977965245
1242206301,13.092684,3431.7913584,3491.43690408,3437.2865976,141.63739267909,1.3118592,19.0,18418.3305793772,5.13239766655
1242206304,13.0457448,3431.837688,3491.43690408,3437.2865976,143.27304676531,1.3118592,19.0,21378.0361478583,3.49674358033
1242206307,12.9869184,3431.8980384,3491.43690408,3437.2865976,146.93172282173,1.3118592,19.0,21378.0361478583,-0.16193247609
1242206310,12.9241296,3431.9608272,3491.43690408,3437.2865976,144.86288802216,1.3118592,19.0,21378.0361478583,1.90690232348
1242206313,12.8634744,3432.0208728,3491.43690408,3437.2865976,143.05622961245,1.3118592,19.0,21378.0361478583,3.71356073319
1242206316,12.8171448,3432.0668976,3491.43690408,3437.2865976,141.68728783979,1.3118592,19.0,21378.0361478583,5.08295609822
1242206319,12.7595376,3432.1254192,3491.43690408,3437.2865976,147.29323594062,1.3118592,19.0,22425.4532020499,-0.52344559498
1242206322,12.6970536,3432.188208,3491.43690408,3437.2865976,144.61114425681,1.3118592,19.0,22425.4532020499,2.15864608883
1242206325,12.6382272,3432.2458152,3491.43690408,3437.2865976,142.88930762029,1.3118592,19.0,22425.4532020499,3.88048272535
1242206328,12.5870208,3432.2970216,3491.43690408,3437.2865976,146.58699262053,1.3118592,19.0,22425.4532020499,0.18279772511
1242206331,12.5251464,3432.3598104,3491.43690408,3437.2865976,146.22820105586,1.3118592,30.0,23008.3152993425,0.54158928978
1242206346,12.5068584,3432.3735264,3491.43690408,3437.2865976,146.77069753038,1.3118592,50.0,23380.2047182214,-0.00090718474
1242206349,12.5068584,3432.3735264,3491.43690408,3437.2865976,146.53936542168,1.3118592,50.0,23380.2047182214,0.23042492396
1242206352,12.5068584,3432.3735264,3491.43690408,3437.2865976,146.74574995003,1.3118592,50.0,23380.2047182214,0.02404039561
1242206355,12.5068584,3432.3735264,3491.43690408,3437.2865976,146.58835339764,1.3118592,50.0,23380.2047182214,0.18189054037
1242206358,12.5068584,3432.3735264,3491.43690408,3437.2865976,146.29669350373,1.3118592,49.0,23340.049651746,0.47309684191
1242206361,12.5068584,3432.3735264,3491.43690408,3437.2865976,146.69404041985,1.3118592,49.0,23340.049651746,0.07574992579
1242206364,12.5068584,3432.3735264,3491.43690408,3437.2865976,146.53845823694,1.3118592,49.0,23340.049651746,0.2313321087
1242206367,12.5068584,3432.3735264,3491.43690408,3437.2865976,146.41689548178,1.3118592,49.0,23340.049651746,0.35289486386
1242206370,12.5068584,3432.3735264,3491.43690408,3437.2865976,146.49808851601,1.3118592,49.0,23340.049651746,0.27170182963
1242206373,12.5068584,3432.3735264,3491.43690408,3437.2865976,146.51169628711,1.3118592,51.0,23488.6247766565,0.25809405853
1242206376,12.5068584,3432.3735264,3491.43690408,3437.2865976,146.31937312223,1.3118592,51.0,23488.6247766565,0.45041722341
1242206379,12.5068584,3432.3735264,3491.43690408,3437.2865976,146.54027260642,1.3118592,51.0,23488.6247766565,0.22951773922
1242206382,12.5068584,3432.3735264,3491.43690408,3437.2865976,146.55705552411,1.3118592,51.0,23488.6247766565,0.21273482153
1242206385,12.5068584,3432.3735264,3491.43690408,3437.2865976,146.62010486354,1.3118592,49.0,23766.6144959598,0.1496854821
1242206388,12.5068584,3432.3735264,3491.43690408,3437.2865976,146.81787113686,1.3118592,49.0,23766.6144959598,-0.04808079122
1242206391,12.5068584,3432.3735264,3491.43690408,3437.2865976,146.70311226725,1.3118592,49.0,23766.6144959598,0.06667807839
1242206394,12.5068584,3432.3735264,3491.43690408,3437.2865976,146.58563184342,1.3118592,49.0,23766.6144959598,0.18415850222
1242206397,12.5068584,3432.3735264,3491.43690408,3437.2865976,146.69131886563,1.3118592,49.0,23766.6144959598,0.07847148001
1242206400,12.5068584,3432.3735264,3491.43690408,3437.2865976,146.52938638954,1.3118592,100.0,23541.4455122795,0.24085754847
1242206403,12.5068584,3432.3735264,3491.43690408,3437.2865976,146.57746718076,1.3118592,100.0,23541.4455122795,0.19232316488
1242206406,12.5068584,3432.3735264,3491.43690408,3437.2865976,146.48538792965,1.3118592,100.0,23541.4455122795,0.28440241599
1242206409,12.5068584,3432.3735264,3491.43690408,3437.2865976,146.45953316456,1.3118592,100.0,23541.4455122795,0.31025718108
1242206412,12.5068584,3432.3735264,3491.43690408,3437.2865976,146.47676967462,1.3118592,100.0,23503.1382407586,0.29347426339
1242206415,12.5068584,3432.3735264,3491.43690408,3437.2865976,146.49854210838,1.3118592,100.0,23503.1382407586,0.27124823726
1242206418,12.5068584,3432.3735264,3491.43690408,3437.2865976,146.45000772479,1.3118592,100.0,23503.1382407586,0.31978262085
1242206421,12.5068584,3432.3735264,3491.43690408,3437.2865976,146.36155721264,1.3118592,100.0,23503.1382407586,0.408233133
1242206424,12.5068584,3432.3735264,3491.43690408,3437.2865976,146.26857077679,1.3118592,100.0,23503.1382407586,0.50121956885
1242206427,12.5068584,3432.3735264,3491.43690408,3437.2865976,146.46724423485,1.3118592,100.0,23583.7586377876,0.30254611079
1242206430,12.5068584,3432.3735264,3491.43690408,3437.2865976,146.36745391345,1.3118592,100.0,23583.7586377876,0.40233643219
1242206433,12.5068584,3432.3735264,3491.43690408,3437.2865976,146.1973567747,1.3118592,100.0,23583.7586377876,0.57243357094
1242206436,12.5068584,3432.3735264,3491.43690408,3437.2865976,145.97781806762,1.3118592,100.0,23583.7586377876,0.79197227802
1242206439,12.5068584,3432.3735264,3491.43690408,3437.2865976,146.22638668638,1.3118592,150.0,23427.4682794661,0.54385725163
1242206442,12.5068584,3432.3735264,3491.43690408,3437.2865976,146.16469812406,1.3118592,150.0,23427.4682794661,0.60509222158
1242206445,12.5071632,3432.3732216,3491.43690408,3437.2865976,146.2018926984,1.3118592,150.0,23427.4682794661,0.56789764724
1242206448,12.507468,3432.3729168,3491.43690408,3437.2865976,147.93098681284,1.3118592,150.0,23427.4682794661,-1.16074287483
1242206451,12.507468,3432.3729168,3491.43690408,3437.2865976,147.14037531193,1.3118592,150.0,23427.4682794661,-0.37058496629
1242206481,12.5077728,3432.372612,1750.230663144,3437.2865976,147.21567164535,1.3118592,49.0,8036.50152188787,-0.44588129971
1242206484,12.5077728,3432.372612,1750.230663144,3437.2865976,147.23426893252,1.3118592,49.0,8036.50152188787,-0.46447858688
1242206487,12.5077728,3432.372612,1750.230663144,3437.2865976,147.60394671407,1.3118592,49.0,8036.50152188787,-0.83415636843
1242206490,12.5077728,3432.372612,1750.230663144,3437.2865976,147.49871328423,1.3118592,49.0,8036.50152188787,-0.72892293859
1242206493,12.5077728,3432.372612,1750.230663144,3437.2865976,147.63932691893,1.3118592,50.0,7264.6058638885,-0.86953657329
1242206496,12.5077728,3432.372612,1750.230663144,3437.2865976,147.54588689071,1.3118592,50.0,7264.6058638885,-0.77609654507
1242206499,12.5077728,3432.372612,1750.230663144,3437.2865976,147.67198556957,1.3118592,50.0,7264.6058638885,-0.90219522393
1242206502,12.5083824,3432.3720024,1750.230663144,3437.2865976,147.33632721577,1.3118592,50.0,7264.6058638885,-0.56653687013
1242206505,12.5086872,3432.3720024,1750.230663144,3437.2865976,147.25150544258,1.3118592,50.0,7264.6058638885,-0.48171509694
1242206508,12.5086872,3432.3720024,1750.230663144,3437.2865976,147.02334848047,1.3118592,49.0,6985.37508827247,-0.25355813483
1242206511,12.5086872,3432.3720024,1750.230663144,3437.2865976,147.13583938823,1.3118592,49.0,6985.37508827247,-0.36604904259
1242206514,12.5086872,3432.3720024,1750.230663144,3437.2865976,147.09728403678,1.3118592,49.0,6985.37508827247,-0.32749369114
1242206517,12.5086872,3432.3720024,1750.230663144,3437.2865976,147.10862384603,1.3118592,49.0,6985.37508827247,-0.33883350039
1242206520,12.5086872,3432.3720024,1750.230663144,3437.2865976,147.07369723354,1.3118592,50.0,6899.81804502155,-0.3039068879
1242206523,12.5086872,3432.3720024,1750.230663144,3437.2865976,147.15670463725,1.3118592,50.0,6899.81804502155,-0.38691429161
1242206526,12.5086872,3432.3720024,1750.230663144,3437.2865976,147.08004752672,1.3118592,50.0,6899.81804502155,-0.31025718108
1242206529,12.508992,3432.3713928,1750.230663144,3437.2865976,147.20115668951,1.3118592,50.0,6899.81804502155,-0.43136634387
1242206532,12.508992,3432.3713928,1750.230663144,3437.2865976,147.07324364117,1.3118592,50.0,6899.81804502155,-0.30345329553
1242206535,12.508992,3432.3713928,1750.230663144,3437.2865976,147.12087084002,1.3118592,49.0,6840.50934278571,-0.35108049438
1242206538,12.5086872,3432.3720024,1750.230663144,3437.2865976,147.23517611726,1.3118592,49.0,6840.50934278571,-0.46538577162
1242206541,12.5086872,3432.3720024,1750.230663144,3437.2865976,147.22746504697,1.3118592,49.0,6840.50934278571,-0.45767470133
1242206544,12.5086872,3432.3720024,1750.230663144,3437.2865976,147.20070309714,1.3118592,49.0,6840.50934278571,-0.4309127515
1242206547,12.5086872,3432.3720024,1750.230663144,3437.2865976,147.25195903495,1.3118592,19.0,6748.46433292192,-0.48216868931
1242206550,12.5086872,3432.3720024,1750.230663144,3437.2865976,147.2905143864,1.3118592,19.0,6748.46433292192,-0.52027044839
1242206553,12.507468,3432.3744408,1750.230663144,3437.2865976,147.42568491266,1.3118592,19.0,6748.46433292192,-0.65589456702
1242206556,12.4916184,3432.3887664,1750.230663144,3437.2865976,147.38032567566,1.3118592,19.0,6748.46433292192,-0.61053533002
1242206559,12.4919232,3432.3884616,1750.230663144,3437.2865976,147.372161013,1.3118592,19.0,6748.46433292192,-0.60237066736
1242206562,12.4730256,3432.4088832,1750.230663144,3437.2865976,148.31926188156,1.3118592,20.0,6832.78721461736,-1.54947153592
1242206565,12.4522992,3432.4299144,1750.230663144,3437.2865976,147.91238952567,1.3118592,20.0,6832.78721461736,-1.14259918003
1242206568,12.431268,3432.4506408,1750.230663144,3437.2865976,147.04239936001,1.3118592,20.0,6832.78721461736,-0.27260901437
1242206571,12.4102368,3432.4719768,1750.230663144,3437.2865976,146.86277678149,1.3118592,20.0,6832.78721461736,-0.09298643585
1242206586,12.3063,3432.5756088,1750.230663144,3437.2865976,148.79961620139,1.3118592,19.0,6821.67286586078,-2.02982585575
1242206589,12.2852688,3432.59664,1750.230663144,3437.2865976,148.3473846085,1.3118592,20.0,6845.14261968672,-1.57759426286
1242206592,12.2642376,3432.6176712,1750.230663144,3437.2865976,147.81078483479,1.3118592,20.0,6845.14261968672,-1.04099448915
1242206595,12.2435112,3432.6387024,1750.230663144,3437.2865976,147.26919554501,1.3118592,20.0,6845.14261968672,-0.49940519937
1242206598,12.22248,3432.6597336,1750.230663144,3437.2865976,146.76797597616,1.3118592,20.0,6845.14261968672,0.00181436948
1242206601,12.2017536,3432.6801552,1750.230663144,3437.2865976,148.58279904853,1.3118592,20.0,6788.30913531913,-1.81300870289
1242206604,12.181332,3432.6999672,1750.230663144,3437.2865976,148.02488043343,1.3118592,20.0,6788.30913531913,-1.25509008779
1242206607,12.1807224,3432.6999672,1750.230663144,3437.2865976,147.12177802476,1.3118592,20.0,6788.30913531913,-0.35198767912
1242206610,12.1807224,3432.6999672,1750.230663144,3437.2865976,147.21249649876,1.3118592,20.0,6788.30913531913,-0.44270615312
1242206613,12.1807224,3432.6999672,1750.230663144,3437.2865976,147.23200097067,1.3118592,20.0,6788.30913531913,-0.46221062503
1242206616,12.1807224,3432.6999672,1750.230663144,3437.2865976,148.10425909818,1.3118592,19.0,6802.82949417855,-1.33446875254
1242206619,12.1807224,3432.6999672,1750.230663144,3437.2865976,148.12784590142,1.3118592,19.0,6802.82949417855,-1.35805555578
1242206622,12.1807224,3432.6999672,1750.230663144,3437.2865976,148.2113068975,1.3118592,19.0,6802.82949417855,-1.44151655186
1242206625,12.1807224,3432.6999672,1750.230663144,3437.2865976,148.00673673863,1.3118592,19.0,6802.82949417855,-1.23694639299
1242206628,12.1807224,3432.6999672,1750.230663144,3437.2865976,148.14871115044,1.3118592,19.0,6776.26399432797,-1.3789208048
1242206631,12.1807224,3432.6999672,1750.230663144,3437.2865976,148.02442684106,1.3118592,19.0,6776.26399432797,-1.25463649542
1242206634,12.1807224,3432.6999672,1750.230663144,3437.2865976,148.16640125287,1.3118592,19.0,6776.26399432797,-1.39661090723
1242206637,12.1807224,3432.6999672,1750.230663144,3437.2865976,148.06388937725,1.3118592,19.0,6776.26399432797,-1.29409903161
1242206640,12.1807224,3432.6999672,1750.230663144,3437.2865976,148.01898373262,1.3118592,19.0,6776.26399432797,-1.24919338698
1242206643,12.1807224,3432.6999672,1750.230663144,3437.2865976,148.01853014025,1.3118592,20.0,6799.74064291121,-1.24873979461
1242206646,12.1807224,3432.6999672,1750.230663144,3437.2865976,148.10380550581,1.3118592,20.0,6799.74064291121,-1.3335615678
1242206649,12.1807224,3432.6999672,1750.230663144,3437.2865976,148.04846723667,1.3118592,20.0,6799.74064291121,-1.27867689103
1242206652,12.1807224,3432.6999672,1750.230663144,3437.2865976,148.01308703181,1.3118592,20.0,6799.74064291121,-1.24329668617
1242206655,12.1807224,3432.6999672,1750.230663144,3437.2865976,148.04982801378,1.3118592,20.0,6794.18346853291,-1.28003766814
1242206658,12.1807224,3432.6999672,1750.230663144,3437.2865976,148.02760198765,1.3118592,20.0,6794.18346853291,-1.25781164201
1242206661,12.1807224,3432.6999672,1750.230663144,3437.2865976,148.12920667853,1.3118592,20.0,6794.18346853291,-1.35941633289
1242206664,12.1807224,3432.6999672,1750.230663144,3437.2865976,148.11741327691,1.3118592,20.0,6794.18346853291,-1.34762293127
1242206667,12.181332,3432.6990528,1750.230663144,3437.2865976,147.98405712013,1.3118592,20.0,6794.18346853291,-1.21426677449
1242206670,12.1816368,3432.698748,1750.230663144,3437.2865976,148.00446877678,1.3118592,19.0,6768.23160208143,-1.23467843114
1242206673,12.1816368,3432.698748,1750.230663144,3437.2865976,147.96863497955,1.3118592,19.0,6768.23160208143,-1.19884463391
1242206676,12.1816368,3432.698748,1750.230663144,3437.2865976,147.97044934903,1.3118592,19.0,6768.23160208143,-1.20065900339
1242206679,12.1816368,3432.698748,1750.230663144,3437.2865976,147.99766489123,1.3118592,19.0,6768.23160208143,-1.22787454559
1242206682,12.1673112,3432.7149024,1750.230663144,3437.2865976,148.39591899209,1.3118592,19.0,6775.95373024978,-1.62612864645
1242206685,12.1465848,3432.7356288,1750.230663144,3437.2865976,147.64295565789,1.3118592,19.0,6775.95373024978,-0.87316531225
1242206688,12.1255536,3432.7563552,1750.230663144,3437.2865976,148.02397324869,1.3118592,19.0,6775.95373024978,-1.25418290305
1242206691,12.1045224,3432.7776912,1750.230663144,3437.2865976,148.28660323092,1.3118592,19.0,6775.95373024978,-1.51681288528
1242206694,12.083796,3432.7984176,1750.230663144,3437.2865976,147.58398864979,1.3118592,19.0,6775.95373024978,-0.81419830415
1242206697,12.0630696,3432.8188392,1750.230663144,3437.2865976,147.17666270153,1.3118592,19.0,6751.55318418925,-0.40687235589
1242206700,12.0423432,3432.8401752,1750.230663144,3437.2865976,146.48266637543,1.3118592,19.0,6751.55318418925,0.28712397021
1242206703,12.021312,3432.8605968,1750.230663144,3437.2865976,145.91204717397,1.3118592,19.0,6751.55318418925,0.85774317167
1242206706,12.0002808,3432.881628,1750.230663144,3437.2865976,149.04818482015,1.3118592,19.0,6751.55318418925,-2.27839447451
1242206709,11.9795544,3432.9026592,1750.230663144,3437.2865976,148.43855667487,1.3118592,20.0,6753.40787390112,-1.66876632923
1242206712,11.9585232,3432.9233856,1750.230663144,3437.2865976,147.93824429076,1.3118592,20.0,6753.40787390112,-1.16845394512
1242206715,11.9377968,3432.944112,1750.230663144,3437.2865976,147.45063249301,1.3118592,20.0,6753.40787390112,-0.68084214737
1242206718,11.9170704,3432.9651432,1750.230663144,3437.2865976,147.01518381781,1.3118592,20.0,6753.40787390112,-0.24539347217
1242206721,11.8960392,3432.9858696,1750.230663144,3437.2865976,148.3927438455,1.3118592,20.0,6753.40787390112,-1.62295349986
1242206724,11.8753128,3433.0069008,1750.230663144,3437.2865976,147.66654246113,1.3118592,19.0,6771.01018927058,-0.89675211549
1242206727,11.8545864,3433.027932,1750.230663144,3437.2865976,147.16124056095,1.3118592,19.0,6771.01018927058,-0.39145021531
1242206730,11.8332504,3433.0486584,1750.230663144,3437.2865976,148.62589032368,1.3118592,19.0,6771.01018927058,-1.85609997804
1242206733,11.812524,3433.0693848,1750.230663144,3437.2865976,148.41270190978,1.3118592,19.0,6771.01018927058,-1.64291156414
1242206736,11.7921024,3433.090416,1750.230663144,3437.2865976,147.62526555546,1.3118592,20.0,6745.68574573277,-0.85547520982
1242206739,11.7710712,3433.1108376,1750.230663144,3437.2865976,147.18301299471,1.3118592,20.0,6745.68574573277,-0.41322264907
1242206742,11.75004,3433.1318688,1750.230663144,3437.2865976,149.01371180003,1.3118592,20.0,6745.68574573277,-2.24392145439
1242206745,11.7293136,3433.1529,1750.230663144,3437.2865976,148.34012713058,1.3118592,20.0,6745.68574573277,-1.57033678494
1242206748,11.7082824,3433.1736264,1750.230663144,3437.2865976,147.76361122831,1.3118592,20.0,6745.68574573277,-0.99382088267
1242206751,11.6872512,3433.1946576,1750.230663144,3437.2865976,147.50098124608,1.3118592,19.0,6811.78578390237,-0.73119090044
1242206754,11.6668296,3433.215384,1750.230663144,3437.2865976,148.75970007283,1.3118592,19.0,6811.78578390237,-1.98990972719
1242206757,11.6457984,3433.2361104,1750.230663144,3437.2865976,148.34330227717,1.3118592,19.0,6811.78578390237,-1.57351193153
1242206760,11.625072,3433.2571416,1750.230663144,3437.2865976,147.71507684472,1.3118592,19.0,6811.78578390237,-0.94528649908
1242206763,11.6040408,3433.2781728,1750.230663144,3437.2865976,147.77994055363,1.3118592,19.0,6762.67442770313,-1.01015020799
1242206766,11.5830096,3433.2988992,1750.230663144,3437.2865976,148.85631524764,1.3118592,19.0,6762.67442770313,-2.086524902
1242206769,11.5622832,3433.3202352,1750.230663144,3437.2865976,148.22536826097,1.3118592,19.0,6762.67442770313,-1.45557791533
1242206772,11.541252,3433.3406568,1750.230663144,3437.2865976,147.87610213607,1.3118592,19.0,6762.67442770313,-1.10631179043
1242206775,11.5208304,3433.3613832,1750.230663144,3437.2865976,147.18664173367,1.3118592,19.0,6762.67442770313,-0.41685138803
1242206778,11.4997992,3433.3821096,1750.230663144,3437.2865976,149.03548423379,1.3118592,19.0,6755.26256361298,-2.26569388815
1242206781,11.478768,3433.4031408,1750.230663144,3437.2865976,148.13056745564,1.3118592,19.0,6755.26256361298,-1.36077711
1242206784,11.4580416,3433.424172,1750.230663144,3437.2865976,147.90241049353,1.3118592,19.0,6755.26256361298,-1.13262014789
1242206787,11.4370104,3433.4448984,1750.230663144,3437.2865976,147.36989305115,1.3118592,19.0,6755.26256361298,-0.60010270551
1242206790,11.416284,3433.4659296,1750.230663144,3437.2865976,148.22854340756,1.3118592,19.0,6721.89883307134,-1.45875306192
1242206793,11.3955576,3433.486656,1750.230663144,3437.2865976,148.70980491213,1.3118592,19.0,6721.89883307134,-1.93956097412
1242206796,11.3745264,3433.5073824,1750.230663144,3437.2865976,148.07885792546,1.3118592,19.0,6721.89883307134,-1.30861398745
1242206799,11.3538,3433.5281088,1750.230663144,3437.2865976,147.55949466181,1.3118592,19.0,6721.89883307134,-0.78970431617
1242206802,11.3330736,3433.54914,1750.230663144,3437.2865976,147.11043821551,1.3118592,19.0,6721.89883307134,-0.34064786987
1242206805,11.3120424,3433.5698664,1750.230663144,3437.2865976,149.13981047889,1.3118592,20.0,6744.75495349819,-2.37002013325
1242206808,11.2910112,3433.5912024,1750.230663144,3437.2865976,148.37097141174,1.3118592,20.0,6744.75495349819,-1.6011810661
1242206811,11.26998,3433.6119288,1750.230663144,3437.2865976,147.88381320636,1.3118592,20.0,6744.75495349819,-1.11402286072
1242206814,11.2495584,3433.6323504,1750.230663144,3437.2865976,147.43384957532,1.3118592,20.0,6744.75495349819,-0.66405922968
1242206832,11.1242856,3433.7576232,1750.230663144,3437.2865976,149.13799610941,1.3118592,20.0,6750.62239195468,-2.36820576377
1242206835,11.1035592,3433.7786544,1750.230663144,3437.2865976,148.50886349222,1.3118592,20.0,6750.62239195468,-1.73907314658
1242206838,11.082528,3433.7993808,1750.230663144,3437.2865976,148.0344058732,1.3118592,20.0,6750.62239195468,-1.26461552756
1242206841,11.0618016,3433.8201072,1750.230663144,3437.2865976,147.83437163803,1.3118592,20.0,6750.62239195468,-1.06412770002
1242206844,11.0407704,3433.8414432,1750.230663144,3437.2865976,149.20104544884,1.3118592,20.0,6736.10892785256,-2.4312551032
1242206847,11.0197392,3433.8621696,1750.230663144,3437.2865976,148.54333651234,1.3118592,20.0,6736.10892785256,-1.7735461667
1242206850,10.9990128,3433.882896,1750.230663144,3437.2865976,147.90649282486,1.3118592,20.0,6736.10892785256,-1.13670247922
1242206853,10.9782864,3433.9039272,1750.230663144,3437.2865976,148.15370066651,1.3118592,20.0,6736.10892785256,-1.38391032087
1242206856,10.9572552,3433.9246536,1750.230663144,3437.2865976,148.97651722569,1.3118592,20.0,6736.10892785256,-2.20672688005
1242206859,10.936224,3433.9459896,1750.230663144,3437.2865976,148.0570854917,1.3118592,19.0,6711.39811771384,-1.28729514606
1242206862,10.9154976,3433.966716,1750.230663144,3437.2865976,147.57264884054,1.3118592,19.0,6711.39811771384,-0.8028584949
1242206865,10.8944664,3433.9874424,1750.230663144,3437.2865976,148.07205403991,1.3118592,19.0,6711.39811771384,-1.30226369427
1242206868,10.87374,3434.0081688,1750.230663144,3437.2865976,149.05362792859,1.3118592,19.0,6711.39811771384,-2.28383758295
1242206871,10.8530136,3434.0292,1750.230663144,3437.2865976,148.30338614861,1.3118592,20.0,6735.79866377436,-1.53359580297
1242206874,10.8322872,3434.0496216,1750.230663144,3437.2865976,147.6080290454,1.3118592,20.0,6735.79866377436,-0.83823869976
1242206877,10.811256,3434.0706528,1750.230663144,3437.2865976,147.38304722988,1.3118592,20.0,6735.79866377436,-0.61325688424
1242206880,10.7902248,3434.091684,1750.230663144,3437.2865976,148.79235872347,1.3118592,20.0,6735.79866377436,-2.02211478546
1242206883,10.7694984,3434.1124104,1750.230663144,3437.2865976,148.27163468271,1.3118592,20.0,6735.79866377436,-1.50184433707
1242206886,10.7484672,3434.1337464,1750.230663144,3437.2865976,147.66427449928,1.3118592,19.0,6730.24148939607,-0.89448415364
1242206889,10.7277408,3434.154168,1750.230663144,3437.2865976,147.50914590874,1.3118592,19.0,6730.24148939607,-0.7393555631
1242206892,10.7070144,3434.1751992,1750.230663144,3437.2865976,148.42177375718,1.3118592,19.0,6730.24148939607,-1.65198341154
1242206895,10.6859832,3434.1962304,1750.230663144,3437.2865976,148.29204633936,1.3118592,19.0,6730.24148939607,-1.52225599372
1242206898,10.6652568,3434.216652,1750.230663144,3437.2865976,147.90059612405,1.3118592,19.0,6780.27674307259,-1.13080577841
1242206901,10.6445304,3434.2376832,1750.230663144,3437.2865976,147.71598402946,1.3118592,19.0,6780.27674307259,-0.94619368382
1242206904,10.6234992,3434.2587144,1750.230663144,3437.2865976,148.81775989619,1.3118592,19.0,6780.27674307259,-2.04796955055
1242206907,10.602468,3434.2794408,1750.230663144,3437.2865976,147.95094487712,1.3118592,19.0,6780.27674307259,-1.18115453148
1242206910,10.5820464,3434.3001672,1750.230663144,3437.2865976,147.57128806343,1.3118592,19.0,6780.27674307259,-0.80149771779
1242206913,10.5610152,3434.3208936,1750.230663144,3437.2865976,147.49689891475,1.3118592,19.0,6683.59845630779,-0.72710856911
1242206916,10.539984,3434.3419248,1750.230663144,3437.2865976,148.5832526409,1.3118592,19.0,6683.59845630779,-1.81346229526
1242206919,10.5189528,3434.362956,1750.230663144,3437.2865976,148.28796400803,1.3118592,19.0,6683.59845630779,-1.51817366239
1242206922,10.4982264,3434.3839872,1750.230663144,3437.2865976,147.58761738875,1.3118592,19.0,6683.59845630779,-0.81782704311
1242206925,10.4771952,3434.4047136,1750.230663144,3437.2865976,147.80216657976,1.3118592,20.0,6728.6970637624,-1.03237623412
1242206928,10.4564688,3434.42544,1750.230663144,3437.2865976,148.61273614495,1.3118592,20.0,6728.6970637624,-1.84294579931
1242206931,10.4357424,3434.4464712,1750.230663144,3437.2865976,148.40680520897,1.3118592,20.0,6728.6970637624,-1.63701486333
1242206934,10.415016,3434.4671976,1750.230663144,3437.2865976,147.57537039476,1.3118592,20.0,6728.6970637624,-0.80558004912
1242206937,10.3939848,3434.487924,1750.230663144,3437.2865976,147.05736790822,1.3118592,20.0,6728.6970637624,-0.28757756258
1242206940,10.3732584,3434.5089552,1750.230663144,3437.2865976,148.8826236051,1.3118592,20.0,6655.18516150264,-2.11283325946
1242206943,10.3522272,3434.5299864,1750.230663144,3437.2865976,148.60003555859,1.3118592,20.0,6655.18516150264,-1.83024521295
1242206946,10.3315008,3434.5507128,1750.230663144,3437.2865976,147.88608116821,1.3118592,20.0,6655.18516150264,-1.11629082257
1242206949,10.3107744,3434.5714392,1750.230663144,3437.2865976,147.62571914783,1.3118592,20.0,6655.18516150264,-0.85592880219
1242206952,10.2897432,3434.5924704,1750.230663144,3437.2865976,147.62753351731,1.3118592,19.0,6695.95386137714,-0.85774317167
1242206955,10.2690168,3434.6131968,1750.230663144,3437.2865976,149.06587492258,1.3118592,19.0,6695.95386137714,-2.29608457694
1242206958,10.2479856,3434.634228,1750.230663144,3437.2865976,148.37097141174,1.3118592,19.0,6695.95386137714,-1.6011810661
1242206961,10.2269544,3434.6552592,1750.230663144,3437.2865976,147.90513204775,1.3118592,19.0,6695.95386137714,-1.13534170211
1242206964,10.206228,3434.6756808,1750.230663144,3437.2865976,147.39620140861,1.3118592,19.0,6695.95386137714,-0.62641106297
1242206967,10.1851968,3434.696712,1750.230663144,3437.2865976,148.73248453063,1.3118592,19.0,6723.7535227832,-1.96269418499
1242206970,10.1647752,3434.7174384,1750.230663144,3437.2865976,148.34693101613,1.3118592,19.0,6723.7535227832,-1.57714067049
1242206973,10.143744,3434.7381648,1750.230663144,3437.2865976,147.66744964587,1.3118592,19.0,6723.7535227832,-0.89765930023
1242206976,10.1227128,3434.7595008,1750.230663144,3437.2865976,147.64068769604,1.3118592,19.0,6723.7535227832,-0.8708973504
1242206979,10.1019864,3434.7802272,1750.230663144,3437.2865976,148.75425696439,1.3118592,19.0,6738.8875150417,-1.98446661875
1242206982,10.0809552,3434.8009536,1750.230663144,3437.2865976,148.41406268689,1.3118592,19.0,6738.8875150417,-1.64427234125
1242206985,10.0602288,3434.8219848,1750.230663144,3437.2865976,147.87791650555,1.3118592,19.0,6738.8875150417,-1.10812615991
1242206988,10.0395024,3434.8427112,1750.230663144,3437.2865976,147.71507684472,1.3118592,19.0,6738.8875150417,-0.94528649908
1242206991,10.0184712,3434.8634376,1750.230663144,3437.2865976,149.00237199078,1.3118592,19.0,6738.8875150417,-2.23258164514
1242206994,9.9977448,3434.8844688,1750.230663144,3437.2865976,148.12875308616,1.3118592,19.0,6766.06664829137,-1.35896274052
1242206997,9.9901248,3434.89026,1750.230663144,3437.2865976,147.40436607127,1.3118592,19.0,6766.06664829137,-0.63457572563
1242207000,9.9901248,3434.89026,1750.230663144,3437.2865976,147.4039124789,1.3118592,19.0,6766.06664829137,-0.63412213326
1242207003,9.9901248,3434.89026,1750.230663144,3437.2865976,148.58914934171,1.3118592,19.0,6766.06664829137,-1.81935899607
1242207006,9.9901248,3434.89026,1750.230663144,3437.2865976,148.92843643447,1.3118592,19.0,6779.04258151712,-2.15864608883
1242207009,9.9901248,3434.89026,1750.230663144,3437.2865976,148.85314010105,1.3118592,19.0,6779.04258151712,-2.08334975541
1242207012,9.991344,3434.8893456,1750.230663144,3437.2865976,148.81639911908,1.3118592,19.0,6779.04258151712,-2.04660877344
1242207015,9.991344,3434.8893456,1750.230663144,3437.2865976,148.72205190612,1.3118592,19.0,6779.04258151712,-1.95226156048
1242207018,9.991344,3434.8893456,1750.230663144,3437.2865976,148.73157734589,1.3118592,19.0,6779.04258151712,-1.96178700025
1242207021,9.9916488,3434.888736,1750.230663144,3437.2865976,148.68122859282,1.3118592,20.0,6762.05389954675,-1.91143824718
1242207024,9.9916488,3434.888736,1750.230663144,3437.2865976,148.74337074751,1.3118592,20.0,6762.05389954675,-1.97358040187
1242207027,9.9916488,3434.888736,1750.230663144,3437.2865976,148.69302199444,1.3118592,20.0,6762.05389954675,-1.9232316488
1242207030,9.9916488,3434.888736,1750.230663144,3437.2865976,148.72341268323,1.3118592,20.0,6762.05389954675,-1.95362233759
1242207033,9.9916488,3434.888736,1750.230663144,3437.2865976,148.72114472138,1.3118592,19.0,6759.88894575669,-1.95135437574
1242207036,9.9916488,3434.888736,1750.230663144,3437.2865976,148.7828332837,1.3118592,19.0,6759.88894575669,-2.01304293806
1242207039,9.9916488,3434.888736,1750.230663144,3437.2865976,148.74427793225,1.3118592,19.0,6759.88894575669,-1.97448758661
1242207042,9.9916488,3434.888736,1750.230663144,3437.2865976,148.75697851861,1.3118592,19.0,6759.88894575669,-1.98718817297
1242207045,9.9916488,3434.888736,1750.230663144,3437.2865976,148.78101891422,1.3118592,19.0,6759.88894575669,-2.01122856858
1242207048,9.9916488,3434.888736,1750.230663144,3437.2865976,148.76741114312,1.3118592,20.0,6788.92966347552,-1.99762079748
1242207051,9.9916488,3434.888736,1750.230663144,3437.2865976,148.79961620139,1.3118592,20.0,6788.92966347552,-2.02982585575
1242207054,9.9916488,3434.888736,1750.230663144,3437.2865976,148.77058628971,1.3118592,20.0,6788.92966347552,-2.00079594407
1242207075,9.9916488,3434.888736,1750.230663144,3437.2865976,148.83227485203,1.3118592,20.0,6759.88894575669,-2.06248450639
1242207078,9.9922584,3434.8881264,1750.230663144,3437.2865976,148.83907873758,1.3118592,20.0,6759.88894575669,-2.06928839194
1242207081,9.9922584,3434.8884312,1750.230663144,3437.2865976,148.56646972321,1.3118592,20.0,6759.88894575669,-1.79667937757
1242207084,9.988296,3434.8926984,1750.230663144,3437.2865976,149.53262147131,1.3118592,20.0,6759.88894575669,-2.76283112567
1242207087,9.9840288,3434.8969656,1750.230663144,3437.2865976,149.49814845119,1.3118592,19.0,6774.7195686943,-2.72835810555
1242207090,9.9797616,3434.9006232,1750.230663144,3437.2865976,149.38021443499,1.3118592,19.0,6774.7195686943,-2.61042408935
1242207093,9.9757992,3434.9051952,1750.230663144,3437.2865976,149.14298562548,1.3118592,19.0,6774.7195686943,-2.37319527984
1242207096,9.971532,3434.9094624,1750.230663144,3437.2865976,149.45188202945,1.3118592,19.0,6774.7195686943,-2.68209168381
1242207099,9.9675696,3434.91312,1750.230663144,3437.2865976,149.17564427612,1.3118592,19.0,6774.7195686943,-2.40585393048
1242207102,9.9633024,3434.917692,1750.230663144,3437.2865976,149.14071766363,1.3118592,19.0,6781.20753530717,-2.37092731799
1242207105,9.9611688,3434.9195208,1750.230663144,3437.2865976,148.69619714103,1.3118592,19.0,6781.20753530717,-1.92640679539
1242207108,9.9611688,3434.9195208,1750.230663144,3437.2865976,148.68032140808,1.3118592,19.0,6781.20753530717,-1.91053106244
1242207111,9.9611688,3434.9195208,1750.230663144,3437.2865976,148.72069112901,1.3118592,19.0,6781.20753530717,-1.95090078337
1242207114,9.9611688,3434.9195208,1750.230663144,3437.2865976,148.80324494035,1.3118592,20.0,6741.97636630904,-2.03345459471
1242207117,9.9611688,3434.9195208,1750.230663144,3437.2865976,148.93569391239,1.3118592,20.0,6741.97636630904,-2.16590356675
1242207120,9.9611688,3434.9195208,1750.230663144,3437.2865976,148.88806671354,1.3118592,20.0,6741.97636630904,-2.1182763679
1242207123,9.960864,3434.9198256,1750.230663144,3437.2865976,148.92979721158,1.3118592,20.0,6741.97636630904,-2.16000686594
1242207126,9.960864,3434.9198256,1750.230663144,3437.2865976,148.81140960301,1.3118592,20.0,6741.97636630904,-2.04161925737
1242207129,9.960864,3434.9198256,1750.230663144,3437.2865976,148.88398438221,1.3118592,20.0,6730.24148939607,-2.11419403657
1242207132,9.960864,3434.9198256,1750.230663144,3437.2865976,148.83681077573,1.3118592,20.0,6730.24148939607,-2.06702043009
1242207135,9.9611688,3434.9195208,1750.230663144,3437.2865976,148.95293042245,1.3118592,20.0,6730.24148939607,-2.18314007681
1242207138,9.9584256,3434.9225688,1750.230663144,3437.2865976,149.2636411959,1.3118592,20.0,6730.24148939607,-2.49385085026
1242207141,9.9541584,3434.926836,1750.230663144,3437.2865976,149.2182819589,1.3118592,19.0,6737.96361756442,-2.44849161326
1242207144,9.9498912,3434.9307984,1750.230663144,3437.2865976,149.03457704905,1.3118592,19.0,6737.96361756442,-2.26478670341
1242207147,9.945624,3434.9353704,1750.230663144,3437.2865976,149.04818482015,1.3118592,19.0,6737.96361756442,-2.27839447451
1242207150,9.9416616,3434.9393328,1750.230663144,3437.2865976,149.00146480604,1.3118592,19.0,6737.96361756442,-2.2316744604
1242207153,9.9373944,3434.9432952,1750.230663144,3437.2865976,149.00645432211,1.3118592,19.0,6737.96361756442,-2.23666397647
1242207156,9.9331272,3434.9475624,1750.230663144,3437.2865976,149.18516971589,1.3118592,20.0,6735.48839969617,-2.41492577788
1242207159,9.9291648,3434.9518296,1750.230663144,3437.2865976,149.05816385229,1.3118592,20.0,6735.48839969617,-2.28837350665
1242207162,9.9248976,3434.955792,1750.230663144,3437.2865976,148.87944845851,1.3118592,20.0,6735.48839969617,-2.10965811287
1242207165,9.9209352,3434.9600592,1750.230663144,3437.2865976,148.65492023536,1.3118592,20.0,6735.48839969617,-1.88512988972
1242207168,9.916668,3434.9637168,1750.230663144,3437.2865976,148.63042624738,1.3118592,19.0,6720.66467151586,-1.86063590174
1242207171,9.9127056,3434.9682888,1750.230663144,3437.2865976,149.00373276789,1.3118592,19.0,6720.66467151586,-2.23394242225
1242207174,9.9084384,3434.972556,1750.230663144,3437.2865976,149.11259493669,1.3118592,19.0,6720.66467151586,-2.34280459105
1242207183,9.8959416,3434.9850528,1750.230663144,3437.2865976,149.14706795681,1.3118592,19.0,6714.17670490299,-2.37727761117
1242207186,9.8916744,3434.9887104,1750.230663144,3437.2865976,149.18834486248,1.3118592,19.0,6714.17670490299,-2.41855451684
1242207189,9.887712,3434.9932824,1750.230663144,3437.2865976,149.14479999496,1.3118592,19.0,6714.17670490299,-2.37500964932
1242207192,9.8834448,3434.9975496,1750.230663144,3437.2865976,149.05997822177,1.3118592,19.0,6714.17670490299,-2.29018787613
1242207195,9.8791776,3435.0012072,1750.230663144,3437.2865976,149.2182819589,1.3118592,19.0,6703.05546138911,-2.44849161326
1242207198,9.8752152,3435.0054744,1750.230663144,3437.2865976,149.14026407126,1.3118592,19.0,6703.05546138911,-2.37002013325
1242207201,9.870948,3435.0100464,1750.230663144,3437.2865976,149.01824772373,1.3118592,19.0,6703.05546138911,-2.24845737809
1242207204,9.8666808,3435.013704,1750.230663144,3437.2865976,148.90348885412,1.3118592,19.0,6703.05546138911,-2.13369850848
1242207207,9.8627184,3435.0179712,1750.230663144,3437.2865976,148.82229581989,1.3118592,19.0,6703.05546138911,-2.05250547425
1242207210,9.8584512,3435.0225432,1750.230663144,3437.2865976,149.47274727847,1.3118592,20.0,6696.87775885443,-2.70295693283
1242207213,9.8544888,3435.0262008,1750.230663144,3437.2865976,149.70544016428,1.3118592,20.0,6696.87775885443,-2.93564981864
1242207216,9.8502216,3435.0307728,1750.230663144,3437.2865976,149.58342381675,1.3118592,20.0,6696.87775885443,-2.81363347111
1242207219,9.8459544,3435.03504,1750.230663144,3437.2865976,149.69364676266,1.3118592,20.0,6696.87775885443,-2.92385641702
1242207222,9.8416872,3435.0390024,1750.230663144,3437.2865976,149.55031157374,1.3118592,20.0,6702.13156391182,-2.7805212281
1242207225,9.83742,3435.0432696,1750.230663144,3437.2865976,149.7172335659,1.3118592,20.0,6702.13156391182,-2.94744322026
1242207228,9.8334576,3435.0475368,1750.230663144,3437.2865976,149.69682190925,1.3118592,20.0,6702.13156391182,-2.92703156361
1242207231,9.8291904,3435.0514992,1750.230663144,3437.2865976,149.5403325416,1.3118592,20.0,6702.13156391182,-2.77054219596
1242207234,9.825228,3435.0557664,1750.230663144,3437.2865976,149.36297792493,1.3118592,20.0,6702.13156391182,-2.59318757929
1242207237,9.8209608,3435.0600336,1750.230663144,3437.2865976,149.2092101115,1.3118592,19.0,6687.9214691306,-2.43941976586
1242207240,9.8166936,3435.063996,1750.230663144,3437.2865976,149.51266340703,1.3118592,19.0,6687.9214691306,-2.74287306139
1242207243,9.8124264,3435.0682632,1750.230663144,3437.2865976,149.47637601743,1.3118592,19.0,6687.9214691306,-2.70658567179
1242207246,9.808464,3435.0725304,1750.230663144,3437.2865976,149.42602726436,1.3118592,19.0,6687.9214691306,-2.65623691872
1242207249,9.8041968,3435.0764928,1750.230663144,3437.2865976,149.43872785072,1.3118592,19.0,6714.17670490299,-2.66893750508
1242207252,9.7999296,3435.08076,1750.230663144,3437.2865976,149.35934918597,1.3118592,19.0,6714.17670490299,-2.58955884033
1242207255,9.7959672,3435.0850272,1750.230663144,3437.2865976,149.4314703728,1.3118592,19.0,6714.17670490299,-2.66168002716
1242207258,9.7917,3435.0889896,1750.230663144,3437.2865976,149.36116355545,1.3118592,19.0,6714.17670490299,-2.59137320981
1242207261,9.7877376,3435.0932568,1750.230663144,3437.2865976,149.36660666389,1.3118592,19.0,6714.17670490299,-2.59681631825
1242207264,9.7834704,3435.097524,1750.230663144,3437.2865976,149.35662763175,1.3118592,20.0,6741.67299698814,-2.58683728611
1242207267,9.7792032,3435.1014864,1750.230663144,3437.2865976,149.31580431845,1.3118592,20.0,6741.67299698814,-2.54601397281
1242207270,9.7752408,3435.1057536,1750.230663144,3437.2865976,149.27089867382,1.3118592,20.0,6741.67299698814,-2.50110832818
1242207273,9.7709736,3435.1100208,1750.230663144,3437.2865976,149.37023540285,1.3118592,20.0,6741.67299698814,-2.60044505721
1242207276,9.7670112,3435.1139832,1750.230663144,3437.2865976,149.30763965579,1.3118592,19.0,6758.96504827941,-2.53784931015
1242207279,9.762744,3435.1179456,1750.230663144,3437.2865976,149.27906333648,1.3118592,19.0,6758.96504827941,-2.50927299084
1242207282,9.7584768,3435.1225176,1750.230663144,3437.2865976,149.16022213554,1.3118592,19.0,6758.96504827941,-2.38997819753
1242207285,9.7545144,3435.12648,1750.230663144,3437.2865976,148.92571488025,1.3118592,19.0,6758.96504827941,-2.15592453461
1242207288,9.7502472,3435.1304424,1750.230663144,3437.2865976,149.61925761398,1.3118592,19.0,6758.96504827941,-2.84946726834
1242207291,9.74598,3435.1350144,1750.230663144,3437.2865976,149.53171428657,1.3118592,20.0,6704.29651770188,-2.76192394093
1242207294,9.7417128,3435.1389768,1750.230663144,3437.2865976,149.46276824633,1.3118592,20.0,6704.29651770188,-2.69297790069
1242207318,9.7087944,3435.1722,1750.230663144,3437.2865976,148.823656597,1.3118592,19.0,6654.86800266715,-2.05386625136
1242207321,9.7045272,3435.1764672,1750.230663144,3437.2865976,149.54214691108,1.3118592,19.0,6654.86800266715,-2.77235656544
1242207324,9.70026,3435.1804296,1750.230663144,3437.2865976,149.43101678043,1.3118592,19.0,6654.86800266715,-2.66122643479
1242207327,9.6962976,3435.1846968,1750.230663144,3437.2865976,149.35481326227,1.3118592,19.0,6654.86800266715,-2.58502291663
1242207330,9.6920304,3435.188964,1750.230663144,3437.2865976,149.25502294087,1.3118592,19.0,6707.68873829012,-2.48523259523
1242207333,9.6877632,3435.1929264,1750.230663144,3437.2865976,149.27089867382,1.3118592,19.0,6707.68873829012,-2.50110832818
1242207336,9.683496,3435.1971936,1750.230663144,3437.2865976,149.4859014572,1.3118592,19.0,6707.68873829012,-2.71611111156
1242207339,9.6795336,3435.201156,1750.230663144,3437.2865976,149.38792550528,1.3118592,19.0,6707.68873829012,-2.61813515964
1242207342,9.6752664,3435.2054232,1750.230663144,3437.2865976,148.97379567147,1.3118592,19.0,6707.68873829012,-2.20400532583
1242207345,9.671304,3435.2096904,1750.230663144,3437.2865976,148.93660109713,1.3118592,19.0,6725.60821249506,-2.16681075149
1242207348,9.6673416,3435.2136528,1750.230663144,3437.2865976,148.90711759308,1.3118592,19.0,6725.60821249506,-2.13732724744
1242207351,9.6630744,3435.2176152,1750.230663144,3437.2865976,149.45959309974,1.3118592,19.0,6725.60821249506,-2.6898027541
1242207354,9.6588072,3435.2215776,1750.230663144,3437.2865976,149.37658569603,1.3118592,19.0,6725.60821249506,-2.60679535039
1242207357,9.6548448,3435.2258448,1750.230663144,3437.2865976,149.28813518388,1.3118592,19.0,6761.13000206947,-2.51834483824
1242207360,9.6508824,3435.230112,1750.230663144,3437.2865976,149.03321627194,1.3118592,19.0,6761.13000206947,-2.2634259263
1242207363,9.6466152,3435.2340744,1750.230663144,3437.2865976,148.86946942637,1.3118592,19.0,6761.13000206947,-2.09967908073
1242207366,9.642348,3435.2383416,1750.230663144,3437.2865976,148.85314010105,1.3118592,19.0,6761.13000206947,-2.08334975541
1242207369,9.6383856,3435.242304,1750.230663144,3437.2865976,149.35118452331,1.3118592,19.0,6761.13000206947,-2.58139417767
1242207372,9.6341184,3435.2465712,1750.230663144,3437.2865976,149.30945402527,1.3118592,20.0,6738.27388164261,-2.53966367963
1242207375,9.630156,3435.2508384,1750.230663144,3437.2865976,149.26681634249,1.3118592,20.0,6738.27388164261,-2.49702599685
1242207378,9.6258888,3435.2548008,1750.230663144,3437.2865976,149.17020116768,1.3118592,20.0,6738.27388164261,-2.40041082204
1242207381,9.6219264,3435.2587632,1750.230663144,3437.2865976,149.02686597876,1.3118592,20.0,6738.27388164261,-2.25707563312
1242207384,9.6176592,3435.2633352,1750.230663144,3437.2865976,149.6945539474,1.3118592,19.0,6714.17670490299,-2.92476360176
1242207387,9.6136968,3435.2676024,1750.230663144,3437.2865976,149.5856917786,1.3118592,19.0,6714.17670490299,-2.81590143296
1242207390,9.6094296,3435.27126,1750.230663144,3437.2865976,149.39609016794,1.3118592,19.0,6714.17670490299,-2.6262998223
1242207393,9.6054672,3435.2755272,1750.230663144,3437.2865976,149.31217557949,1.3118592,19.0,6714.17670490299,-2.54238523385
1242207396,9.6012,3435.2794896,1750.230663144,3437.2865976,149.18471612352,1.3118592,19.0,6714.17670490299,-2.41492577788
1242207399,9.5969328,3435.2837568,1750.230663144,3437.2865976,149.2863208144,1.3118592,19.0,6692.55474603161,-2.51607687639
1242207402,9.5926656,3435.288024,1750.230663144,3437.2865976,149.48181912587,1.3118592,19.0,6692.55474603161,-2.71157518786
1242207405,9.5887032,3435.2919864,1750.230663144,3437.2865976,149.48227271824,1.3118592,19.0,6692.55474603161,-2.7124823726
1242207408,9.584436,3435.2962536,1750.230663144,3437.2865976,149.4904373809,1.3118592,19.0,6692.55474603161,-2.72064703526
1242207411,9.5804736,3435.3005208,1750.230663144,3437.2865976,149.35526685464,1.3118592,20.0,6704.28962294459,-2.585476509
1242207414,9.5762064,3435.3044832,1750.230663144,3437.2865976,149.24232235451,1.3118592,20.0,6704.28962294459,-2.47253200887
1242207417,9.572244,3435.3084456,1750.230663144,3437.2865976,149.47864397928,1.3118592,20.0,6704.28962294459,-2.70885363364
1242207426,9.5594424,3435.3212472,1750.230663144,3437.2865976,149.06814288443,1.3118592,19.0,6674.33190250577,-2.29835253879
1242207429,9.55548,3435.3255144,1750.230663144,3437.2865976,149.03865938038,1.3118592,19.0,6674.33190250577,-2.26886903474
1242207432,9.5512128,3435.3294768,1750.230663144,3437.2865976,149.35163811568,1.3118592,19.0,6674.33190250577,-2.58184777004
1242207435,9.5469456,3435.333744,1750.230663144,3437.2865976,149.35798840886,1.3118592,19.0,6674.33190250577,-2.58819806322
1242207438,9.5426784,3435.3380112,1750.230663144,3437.2865976,149.29811421602,1.3118592,19.0,6746.29937913186,-2.52832387038
1242207441,9.538716,3435.3425832,1750.230663144,3437.2865976,149.35073093094,1.3118592,19.0,6746.29937913186,-2.5809405853
1242207444,9.5344488,3435.3462408,1750.230663144,3437.2865976,149.28541362966,1.3118592,19.0,6746.29937913186,-2.51562328402
1242207447,9.5304864,3435.350508,1750.230663144,3437.2865976,149.36388510967,1.3118592,19.0,6746.29937913186,-2.59409476403
1242207450,9.5262192,3435.3544704,1750.230663144,3437.2865976,149.50268437489,1.3118592,19.0,6746.29937913186,-2.73289402925
1242207453,9.521952,3435.3587376,1750.230663144,3437.2865976,149.38429676632,1.3118592,20.0,6795.72099940929,-2.61450642068
1242207456,9.5179896,3435.3630048,1750.230663144,3437.2865976,149.48635504957,1.3118592,20.0,6795.72099940929,-2.71656470393
1242207459,9.5137224,3435.3669672,1750.230663144,3437.2865976,149.2999285855,1.3118592,20.0,6795.72099940929,-2.53013823986
1242207462,9.5094552,3435.3712344,1750.230663144,3437.2865976,149.44190299731,1.3118592,20.0,6795.72099940929,-2.67211265167
1242207465,9.5054928,3435.3755016,1750.230663144,3437.2865976,149.40742997719,1.3118592,20.0,6769.46576363691,-2.63763963155
1242207468,9.5012256,3435.379464,1750.230663144,3437.2865976,149.5267247705,1.3118592,20.0,6769.46576363691,-2.75693442486
1242207471,9.4972632,3435.3834264,1750.230663144,3437.2865976,149.41604823222,1.3118592,20.0,6769.46576363691,-2.64625788658
1242207474,9.492996,3435.3879984,1750.230663144,3437.2865976,149.37658569603,1.3118592,20.0,6769.46576363691,-2.60679535039
1242207477,9.4887288,3435.3919608,1750.230663144,3437.2865976,149.64511237907,1.3118592,20.0,6769.46576363691,-2.87532203343
1242207480,9.4847664,3435.3959232,1750.230663144,3437.2865976,149.72811978278,1.3118592,20.0,6781.20753530717,-2.95832943714
1242207483,9.4804992,3435.4004952,1750.230663144,3437.2865976,149.57707352357,1.3118592,20.0,6781.20753530717,-2.80728317793
1242207486,9.476232,3435.4044576,1750.230663144,3437.2865976,149.6446587867,1.3118592,20.0,6781.20753530717,-2.87486844106
1242207489,9.4722696,3435.40842,1750.230663144,3437.2865976,149.58886692519,1.3118592,20.0,6781.20753530717,-2.81907657955
1242207492,9.4680024,3435.412992,1750.230663144,3437.2865976,149.68412132289,1.3118592,20.0,6733.6406047416,-2.91433097725
1242207495,9.4637352,3435.4169544,1750.230663144,3437.2865976,149.64601956381,1.3118592,20.0,6733.6406047416,-2.87622921817
1242207498,9.4597728,3435.4209168,1750.230663144,3437.2865976,149.47410805558,1.3118592,20.0,6733.6406047416,-2.70431770994
1242207501,9.4555056,3435.4254888,1750.230663144,3437.2865976,149.2454975011,1.3118592,20.0,6733.6406047416,-2.47570715546
1242207504,9.4512384,3435.4294512,1750.230663144,3437.2865976,149.2137460352,1.3118592,20.0,6733.6406047416,-2.44395568956
1242207507,9.4469712,3435.4337184,1750.230663144,3437.2865976,149.70498657191,1.3118592,19.0,6762.67442770313,-2.93519622627
1242207510,9.4430088,3435.4379856,1750.230663144,3437.2865976,149.88596992754,1.3118592,19.0,6762.67442770313,-3.1161795819
1242207513,9.4387416,3435.441948,1750.230663144,3437.2865976,149.78754038325,1.3118592,19.0,6762.67442770313,-3.01775003761
1242207516,9.4344744,3435.4462152,1750.230663144,3437.2865976,149.79479786117,1.3118592,19.0,6762.67442770313,-3.02500751553
1242207519,9.430512,3435.4504824,1750.230663144,3437.2865976,149.85739360823,1.3118592,19.0,6655.48853082354,-3.08760326259
1242207522,9.4262448,3435.4544448,1750.230663144,3437.2865976,149.84197146765,1.3118592,19.0,6655.48853082354,-3.07218112201
1242207525,9.4219776,3435.458712,1750.230663144,3437.2865976,149.75624250972,1.3118592,19.0,6655.48853082354,-2.98599857171
1242207528,9.4177104,3435.4629792,1750.230663144,3437.2865976,149.56981604565,1.3118592,19.0,6655.48853082354,-2.80002570001
1242207531,9.413748,3435.4669416,1750.230663144,3437.2865976,149.36978181048,1.3118592,19.0,6655.48853082354,-2.59999146484
1242207534,9.4094808,3435.4712088,1750.230663144,3437.2865976,149.19650952514,1.3118592,19.0,6687.9214691306,-2.4267191795
1242207537,9.4055184,3435.475476,1750.230663144,3437.2865976,149.45687154552,1.3118592,19.0,6687.9214691306,-2.68708119988
1242207561,9.3722952,3435.5086992,1750.230663144,3437.2865976,149.22009632838,1.3118592,19.0,6748.77459700011,-2.45030598274
1242207564,9.368028,3435.5126616,1750.230663144,3437.2865976,149.17972660745,1.3118592,19.0,6748.77459700011,-2.40993626181
1242207567,9.3640656,3435.5169288,1750.230663144,3437.2865976,148.94975527586,1.3118592,19.0,6748.77459700011,-2.17996493022
1242207570,9.3597984,3435.521196,1750.230663144,3437.2865976,149.69863627873,1.3118592,19.0,6748.77459700011,-2.92884593309
1242207573,9.3555312,3435.5251584,1750.230663144,3437.2865976,149.52899273235,1.3118592,19.0,6710.47422023656,-2.75920238671
1242207576,9.3515688,3435.5294256,1750.230663144,3437.2865976,149.47819038691,1.3118592,19.0,6710.47422023656,-2.70840004127
1242207579,9.3473016,3435.5336928,1750.230663144,3437.2865976,149.36660666389,1.3118592,19.0,6710.47422023656,-2.59681631825
1242207582,9.3430344,3435.5376552,1750.230663144,3437.2865976,149.73809881492,1.3118592,19.0,6710.47422023656,-2.96830846928
1242207585,9.339072,3435.5416176,1750.230663144,3437.2865976,149.87372293355,1.3118592,19.0,6710.47422023656,-3.10393258791
1242207588,9.336024,3435.5446656,1750.230663144,3437.2865976,149.73401648359,1.3118592,19.0,6766.99744052595,-2.96422613795
1242207591,9.3317568,3435.5489328,1750.230663144,3437.2865976,149.60428906577,1.3118592,19.0,6766.99744052595,-2.83449872013
1242207594,9.3277944,3435.5532,1750.230663144,3437.2865976,149.62923664612,1.3118592,19.0,6766.99744052595,-2.85944630048
1242207597,9.3235272,3435.5571624,1750.230663144,3437.2865976,150.10142630329,1.3118592,19.0,6766.99744052595,-3.33163595765
1242207600,9.31926,3435.5614296,1750.230663144,3437.2865976,149.82654932707,1.3118592,20.0,6752.78734574473,-3.05675898143
1242207603,9.3152976,3435.5656968,1750.230663144,3437.2865976,149.7036257948,1.3118592,20.0,6752.78734574473,-2.93338185679
1242207606,9.3110304,3435.5696592,1750.230663144,3437.2865976,149.84922894557,1.3118592,20.0,6752.78734574473,-3.07943859993
1242207609,9.3067632,3435.5736216,1750.230663144,3437.2865976,149.96126626096,1.3118592,20.0,6752.78734574473,-3.19147591532
1242207612,9.3028008,3435.5781936,1750.230663144,3437.2865976,149.90728876893,1.3118592,20.0,6752.78734574473,-3.13749842329
1242207615,9.2985336,3435.582156,1750.230663144,3437.2865976,149.81611670256,1.3118592,19.0,6754.64203545659,-3.04632635692
1242207618,9.2942664,3435.5864232,1750.230663144,3437.2865976,149.76349998764,1.3118592,19.0,6754.64203545659,-2.993709642
1242207621,9.290304,3435.5906904,1750.230663144,3437.2865976,149.84786816846,1.3118592,19.0,6754.64203545659,-3.07807782282
1242207624,9.2860368,3435.5946528,1750.230663144,3437.2865976,149.53534302553,1.3118592,19.0,6754.64203545659,-2.76555267989
1242207627,9.2820744,3435.5986152,1750.230663144,3437.2865976,149.39246142898,1.3118592,19.0,6764.8324867359,-2.62267108334
1242207630,9.2778072,3435.6028824,1750.230663144,3437.2865976,149.18244816167,1.3118592,19.0,6764.8324867359,-2.41265781603
1242207633,9.2738448,3435.6071496,1750.230663144,3437.2865976,149.09853357322,1.3118592,19.0,6764.8324867359,-2.32874322758
1242207636,9.2695776,3435.611112,1750.230663144,3437.2865976,149.58478459386,1.3118592,19.0,6764.8324867359,-2.81499424822
1242207639,9.2653104,3435.615684,1750.230663144,3437.2865976,149.40062609164,1.3118592,19.0,6764.8324867359,-2.630835746
1242207642,9.261348,3435.6196464,1750.230663144,3437.2865976,149.31262917186,1.3118592,19.0,6748.46433292192,-2.54283882622
1242207645,9.2570808,3435.6236088,1750.230663144,3437.2865976,149.30083577024,1.3118592,19.0,6748.46433292192,-2.5310454246
1242207648,9.2528136,3435.6281808,1750.230663144,3437.2865976,149.35844200123,1.3118592,19.0,6748.46433292192,-2.58865165559
1242207651,9.2485464,3435.6321432,1750.230663144,3437.2865976,149.46412902344,1.3118592,19.0,6748.46433292192,-2.6943386778
1242207654,9.244584,3435.6361056,1750.230663144,3437.2865976,149.44916047523,1.3118592,19.0,6769.16239431601,-2.67937012959
1242207657,9.2403168,3435.6403728,1750.230663144,3437.2865976,149.41967697118,1.3118592,19.0,6769.16239431601,-2.64988662554
1242207669,9.2238576,3435.656832,1750.230663144,3437.2865976,149.67096714416,1.3118592,20.0,6741.97636630904,-2.90117679852
1242207672,9.2198952,3435.6610992,1750.230663144,3437.2865976,149.40652279245,1.3118592,20.0,6741.97636630904,-2.63673244681
1242207675,9.215628,3435.6653664,1750.230663144,3437.2865976,149.40561560771,1.3118592,20.0,6741.97636630904,-2.63582526207
1242207678,9.2113608,3435.6693288,1750.230663144,3437.2865976,149.36978181048,1.3118592,20.0,6741.97636630904,-2.59999146484
1242207681,9.2073984,3435.673596,1750.230663144,3437.2865976,149.4768296098,1.3118592,19.0,6732.70981250702,-2.70703926416
1242207684,9.2031312,3435.6778632,1750.230663144,3437.2865976,149.50313796726,1.3118592,19.0,6732.70981250702,-2.73334762162
1242207687,9.198864,3435.6818256,1750.230663144,3437.2865976,149.41468745511,1.3118592,19.0,6732.70981250702,-2.64489710947
1242207690,9.1949016,3435.6860928,1750.230663144,3437.2865976,149.47093290899,1.3118592,19.0,6732.70981250702,-2.70114256335
1242207693,9.1906344,3435.6897504,1750.230663144,3437.2865976,149.38837909765,1.3118592,19.0,6732.70981250702,-2.61858875201
1242207696,9.186672,3435.6943224,1750.230663144,3437.2865976,149.69863627873,1.3118592,20.0,6759.58557643579,-2.92884593309
1242207699,9.1824048,3435.6985896,1750.230663144,3437.2865976,149.63785490115,1.3118592,20.0,6759.58557643579,-2.86806455551
1242207702,9.1781376,3435.7022472,1750.230663144,3437.2865976,149.67595666023,1.3118592,20.0,6759.58557643579,-2.90616631459
1242207705,9.1738704,3435.7068192,1750.230663144,3437.2865976,149.62379353768,1.3118592,20.0,6759.58557643579,-2.85400319204
1242207708,9.169908,3435.7110864,1750.230663144,3437.2865976,149.69682190925,1.3118592,19.0,6712.63227926932,-2.92703156361
1242207711,9.1656408,3435.7153536,1750.230663144,3437.2865976,149.82972447366,1.3118592,19.0,6712.63227926932,-3.05993412802
1242207714,9.1613736,3435.719316,1750.230663144,3437.2865976,149.86147593956,1.3118592,19.0,6712.63227926932,-3.09168559392
1242207717,9.1571064,3435.723888,1750.230663144,3437.2865976,149.74354192336,1.3118592,19.0,6712.63227926932,-2.97375157772
1242207720,9.153144,3435.7278504,1750.230663144,3437.2865976,149.77574698163,1.3118592,19.0,6712.63227926932,-3.00595663599
1242207723,9.1488768,3435.7318128,1750.230663144,3437.2865976,149.6854821,1.3118592,19.0,6726.53210997235,-2.91569175436
1242207726,9.1449144,3435.73608,1750.230663144,3437.2865976,149.91862857818,1.3118592,19.0,6726.53210997235,-3.14883823254
1242207729,9.1406472,3435.7403472,1750.230663144,3437.2865976,149.87463011829,1.3118592,19.0,6726.53210997235,-3.10483977265
1242207732,9.13638,3435.7443096,1750.230663144,3437.2865976,149.85694001586,1.3118592,19.0,6726.53210997235,-3.08714967022
1242207735,9.1324176,3435.7485768,1750.230663144,3437.2865976,149.89957769864,1.3118592,19.0,6711.39811771384,-3.129787353
1242207738,9.1281504,3435.752844,1750.230663144,3437.2865976,149.8124879636,1.3118592,19.0,6711.39811771384,-3.04269761796
1242207741,9.1238832,3435.7568064,1750.230663144,3437.2865976,149.91318546974,1.3118592,19.0,6711.39811771384,-3.1433951241
1242207744,9.1199208,3435.7610736,1750.230663144,3437.2865976,149.54214691108,1.3118592,19.0,6711.39811771384,-2.77235656544
1242207747,9.1159584,3435.7647312,1750.230663144,3437.2865976,149.39019346713,1.3118592,19.0,6711.39811771384,-2.62040312149
1242207750,9.1116912,3435.7689984,1750.230663144,3437.2865976,149.59294925652,1.3118592,19.0,6747.23017136644,-2.82315891088
1242207753,9.1077288,3435.7732656,1750.230663144,3437.2865976,149.65327704173,1.3118592,19.0,6747.23017136644,-2.88348669609
1242207756,9.1034616,3435.777228,1750.230663144,3437.2865976,149.44371736679,1.3118592,19.0,6747.23017136644,-2.67392702115
1242207759,9.0994992,3435.7814952,1750.230663144,3437.2865976,149.28722799914,1.3118592,19.0,6747.23017136644,-2.5174376535
1242207762,9.095232,3435.7857624,1750.230663144,3437.2865976,149.26500197301,1.3118592,19.0,6704.28962294459,-2.49521162737
1242207765,9.0909648,3435.7897248,1750.230663144,3437.2865976,149.44417095916,1.3118592,19.0,6704.28962294459,-2.67438061352
1242207768,9.0866976,3435.793992,1750.230663144,3437.2865976,149.41650182459,1.3118592,19.0,6704.28962294459,-2.64671147895
1242207771,9.0827352,3435.7982592,1750.230663144,3437.2865976,149.42013056355,1.3118592,19.0,6704.28962294459,-2.64988662554
1242207774,9.078468,3435.8019168,1750.230663144,3437.2865976,149.095812019,1.3118592,19.0,6704.28962294459,-2.32602167336
1242207777,9.0745056,3435.806184,1750.230663144,3437.2865976,148.73067016115,1.3118592,19.0,6684.52235378507,-1.96087981551
1242207801,9.0492072,3435.8311776,1750.230663144,3437.2865976,149.68729646948,1.3118592,19.0,6740.74220475357,-2.91750612384
1242207804,9.0492072,3435.8311776,1750.230663144,3437.2865976,149.65645218832,1.3118592,19.0,6718.809981804,-2.88666184268
1242207807,9.0492072,3435.8311776,1750.230663144,3437.2865976,149.63513334693,1.3118592,19.0,6718.809981804,-2.86534300129
1242207810,9.0492072,3435.8311776,1750.230663144,3437.2865976,149.68684287711,1.3118592,19.0,6718.809981804,-2.91705253147
1242207813,9.0492072,3435.8311776,1750.230663144,3437.2865976,149.6718743289,1.3118592,19.0,6718.809981804,-2.90208398326
1242207816,9.0492072,3435.8311776,1750.230663144,3437.2865976,149.69273957792,1.3118592,19.0,6743.21052786452,-2.92294923228
1242207819,9.0492072,3435.8311776,1750.230663144,3437.2865976,149.74626347758,1.3118592,19.0,6743.21052786452,-2.97647313194
1242207822,9.0492072,3435.8311776,1750.230663144,3437.2865976,149.62606149953,1.3118592,19.0,6743.21052786452,-2.85627115389
1242207825,9.0492072,3435.8311776,1750.230663144,3437.2865976,149.6809461763,1.3118592,19.0,6743.21052786452,-2.91115583066
1242207828,9.0492072,3435.8311776,1750.230663144,3437.2865976,149.67414229075,1.3118592,19.0,6743.21052786452,-2.90435194511
1242207831,9.0492072,3435.8311776,1750.230663144,3437.2865976,149.77937572059,1.3118592,20.0,6720.97493559405,-3.00958537495
1242207834,9.0492072,3435.8311776,1750.230663144,3437.2865976,149.7263054133,1.3118592,20.0,6720.97493559405,-2.95651506766
1242207837,9.0492072,3435.8311776,1750.230663144,3437.2865976,149.71768715827,1.3118592,20.0,6720.97493559405,-2.94789681263
1242207840,9.0492072,3435.8311776,1750.230663144,3437.2865976,149.67913180682,1.3118592,20.0,6720.97493559405,-2.90934146118
1242207843,9.0492072,3435.8311776,1750.230663144,3437.2865976,149.640122863,1.3118592,19.0,6716.95529209214,-2.87033251736
1242207846,9.0492072,3435.8311776,1750.230663144,3437.2865976,149.64601956381,1.3118592,19.0,6716.95529209214,-2.87622921817
1242207849,9.0492072,3435.8311776,1750.230663144,3437.2865976,149.71451201168,1.3118592,19.0,6716.95529209214,-2.94472166604
1242207852,9.0492072,3435.8311776,1750.230663144,3437.2865976,149.66189529676,1.3118592,19.0,6716.95529209214,-2.89210495112
1242207855,9.0492072,3435.8311776,1750.230663144,3437.2865976,149.5856917786,1.3118592,19.0,6716.95529209214,-2.81590143296
1242207858,9.0492072,3435.8311776,1750.230663144,3437.2865976,149.61154654369,1.3118592,20.0,6716.03139461485,-2.84175619805
1242207861,9.0492072,3435.8311776,1750.230663144,3437.2865976,149.55212594322,1.3118592,20.0,6716.03139461485,-2.78233559758
1242207864,9.0492072,3435.8311776,1750.230663144,3437.2865976,149.72539822856,1.3118592,20.0,6716.03139461485,-2.95560788292
1242207867,9.0492072,3435.8311776,1750.230663144,3437.2865976,149.61789683687,1.3118592,20.0,6716.03139461485,-2.84810649123
1242207870,9.0492072,3435.8311776,1750.230663144,3437.2865976,149.6628024815,1.3118592,20.0,6729.00732784059,-2.89301213586
1242207873,9.0492072,3435.8311776,1750.230663144,3437.2865976,149.68276054578,1.3118592,20.0,6729.00732784059,-2.91297020014
1242207876,9.0492072,3435.8311776,1750.230663144,3437.2865976,149.73220211411,1.3118592,20.0,6729.00732784059,-2.96241176847
1242207879,9.0492072,3435.8311776,1750.230663144,3437.2865976,149.62333994531,1.3118592,20.0,6729.00732784059,-2.85354959967
1242207882,9.0492072,3435.8311776,1750.230663144,3437.2865976,149.56482652958,1.3118592,20.0,6729.00732784059,-2.79503618394
1242207885,9.0492072,3435.8311776,1750.230663144,3437.2865976,149.68775006185,1.3118592,19.0,6739.1977791199,-2.91795971621
1242207888,9.0492072,3435.8311776,1750.230663144,3437.2865976,149.70090424058,1.3118592,19.0,6739.1977791199,-2.93111389494
1242207891,9.0492072,3435.8311776,1750.230663144,3437.2865976,149.74535629284,1.3118592,19.0,6739.1977791199,-2.97511235483
1242207894,9.0492072,3435.8311776,1750.230663144,3437.2865976,149.70453297954,1.3118592,19.0,6739.1977791199,-2.9347426339
1242207897,9.0492072,3435.8311776,1750.230663144,3437.2865976,149.70498657191,1.3118592,20.0,6772.86487898244,-2.93519622627
1242207912,9.0492072,3435.8311776,1750.230663144,3437.2865976,149.78164368244,1.3118592,19.0,6745.06521757638,-3.0118533368
1242207915,9.0492072,3435.8311776,1750.230663144,3437.2865976,149.67051355179,1.3118592,19.0,6745.06521757638,-2.90072320615
1242207918,9.0492072,3435.8311776,1750.230663144,3437.2865976,149.69591472451,1.3118592,19.0,6745.06521757638,-2.92612437887
1242207921,9.0492072,3435.8311776,1750.230663144,3437.2865976,149.71995512012,1.3118592,19.0,6745.06521757638,-2.95016477448
1242207924,9.0492072,3435.8311776,1750.230663144,3437.2865976,149.7036257948,1.3118592,20.0,6691.32058447614,-2.93383544916
1242207927,9.0492072,3435.8311776,1750.230663144,3437.2865976,149.67504947549,1.3118592,20.0,6691.32058447614,-2.90525912985
1242207930,9.0492072,3435.8311776,1750.230663144,3437.2865976,149.65327704173,1.3118592,20.0,6691.32058447614,-2.88348669609
1242207933,9.0492072,3435.8311776,1750.230663144,3437.2865976,149.70135783295,1.3118592,20.0,6691.32058447614,-2.93156748731
1242207936,9.0492072,3435.8311776,1750.230663144,3437.2865976,149.65236985699,1.3118592,20.0,6691.32058447614,-2.88257951135
1242207939,9.0492072,3435.8311776,1750.230663144,3437.2865976,149.78572601377,1.3118592,19.0,6708.92979460289,-3.01593566813
1242207942,9.0492072,3435.8311776,1750.230663144,3437.2865976,149.7489850318,1.3118592,19.0,6708.92979460289,-2.97919468616
1242207945,9.0492072,3435.8311776,1750.230663144,3437.2865976,149.81611670256,1.3118592,19.0,6708.92979460289,-3.04632635692
1242207948,9.0492072,3435.8311776,1750.230663144,3437.2865976,149.78481882903,1.3118592,19.0,6708.92979460289,-3.01502848339
1242207951,9.0492072,3435.8311776,1750.230663144,3437.2865976,149.80659126279,1.3118592,19.0,6739.1977791199,-3.03680091715
1242207954,9.0492072,3435.8311776,1750.230663144,3437.2865976,149.7671287266,1.3118592,19.0,6739.1977791199,-2.99733838096
1242207957,9.0492072,3435.8311776,1750.230663144,3437.2865976,149.84378583713,1.3118592,19.0,6739.1977791199,-3.07399549149
1242207960,9.0492072,3435.8311776,1750.230663144,3437.2865976,149.85058972268,1.3118592,19.0,6739.1977791199,-3.08079937704
1242207963,9.0492072,3435.8311776,1750.230663144,3437.2865976,149.8533112769,1.3118592,19.0,6739.1977791199,-3.08352093126
1242207966,9.0492072,3435.8311776,1750.230663144,3437.2865976,149.912278285,1.3118592,19.0,6743.83105602091,-3.14248793936
1242207969,9.0492072,3435.8311776,1750.230663144,3437.2865976,149.87372293355,1.3118592,19.0,6743.83105602091,-3.10393258791
1242207972,9.0492072,3435.8311776,1750.230663144,3437.2865976,149.85467205401,1.3118592,19.0,6743.83105602091,-3.08488170837
1242207975,9.0492072,3435.8311776,1750.230663144,3437.2865976,149.91908217055,1.3118592,19.0,6743.83105602091,-3.14929182491
1242207978,9.0492072,3435.8311776,1750.230663144,3437.2865976,149.87372293355,1.3118592,19.0,6761.44026614766,-3.10393258791
1242207981,9.0492072,3435.8311776,1750.230663144,3437.2865976,149.92407168662,1.3118592,19.0,6761.44026614766,-3.15428134098
1242207984,9.0492072,3435.8311776,1750.230663144,3437.2865976,149.8351675821,1.3118592,19.0,6761.44026614766,-3.06492364409
1242207987,9.0492072,3435.8311776,1750.230663144,3437.2865976,149.76803591134,1.3118592,19.0,6761.44026614766,-2.9982455657
1242207990,9.0492072,3435.8311776,1750.230663144,3437.2865976,149.78617960614,1.3118592,19.0,6761.44026614766,-3.0163892605
1242207993,9.0492072,3435.8311776,1750.230663144,3437.2865976,149.821559811,1.3118592,19.0,6752.78734574473,-3.05176946536
1242207996,9.0492072,3435.8311776,1750.230663144,3437.2865976,149.77075746556,1.3118592,19.0,6752.78734574473,-3.00096711992
1242207999,9.0492072,3435.8311776,1750.230663144,3437.2865976,149.73401648359,1.3118592,19.0,6752.78734574473,-2.96422613795
1242208002,9.0504264,3435.8296536,1750.230663144,3437.2865976,149.68729646948,1.3118592,19.0,6752.78734574473,-2.91750612384
1242208005,9.0543888,3435.825996,1750.230663144,3437.2865976,148.37323937359,1.3118592,20.0,6730.24148939607,-1.60344902795
1242208008,9.058656,3435.8217288,1750.230663144,3437.2865976,147.7123552905,1.3118592,20.0,6730.24148939607,-0.94256494486
1242208011,9.058656,3435.8217288,1750.230663144,3437.2865976,147.81123842716,1.3118592,20.0,6730.24148939607,-1.04144808152
1242208014,9.058656,3435.8217288,1750.230663144,3437.2865976,147.84661863202,1.3118592,20.0,6730.24148939607,-1.07682828638
1242208017,9.058656,3435.8217288,1750.230663144,3437.2865976,147.83709319225,1.3118592,20.0,6730.24148939607,-1.06730284661
1242208047,9.058656,3435.8217288,1750.230663144,3437.2865976,147.80851687294,1.3118592,19.0,6755.87619701207,-1.0387265273
1242208050,9.058656,3435.8217288,1750.230663144,3437.2865976,147.71553043709,1.3118592,19.0,6755.87619701207,-0.94574009145
1242208053,9.058656,3435.8217288,1750.230663144,3437.2865976,147.75272501143,1.3118592,19.0,6755.87619701207,-0.98293466579
1242208056,9.058656,3435.8217288,1750.230663144,3437.2865976,147.6851397483,1.3118592,19.0,6755.87619701207,-0.91534940266
1242208059,9.058656,3435.8217288,1750.230663144,3437.2865976,147.69285081859,1.3118592,19.0,6748.15406884372,-0.92306047295
1242208062,9.058656,3435.8217288,1750.230663144,3437.2865976,147.70010829651,1.3118592,19.0,6748.15406884372,-0.93031795087
1242208065,9.058656,3435.8217288,1750.230663144,3437.2865976,147.69693314992,1.3118592,19.0,6748.15406884372,-0.92714280428
1242208068,9.058656,3435.8217288,1750.230663144,3437.2865976,147.73775646322,1.3118592,19.0,6748.15406884372,-0.96796611758
1242208071,9.058656,3435.8217288,1750.230663144,3437.2865976,147.74818908773,1.3118592,19.0,6748.15406884372,-0.97839874209
1242208074,9.058656,3435.8217288,1750.230663144,3437.2865976,147.7894659934,1.3118592,19.0,6762.36416362494,-1.01967564776
1242208077,9.058656,3435.8217288,1750.230663144,3437.2865976,147.71553043709,1.3118592,19.0,6762.36416362494,-0.94574009145
1242208080,9.058656,3435.8217288,1750.230663144,3437.2865976,147.83709319225,1.3118592,19.0,6762.36416362494,-1.06730284661
1242208083,9.058656,3435.8217288,1750.230663144,3437.2865976,147.7713222986,1.3118592,19.0,6762.36416362494,-1.00153195296
1242208086,9.058656,3435.8217288,1750.230663144,3437.2865976,147.89061709191,1.3118592,19.0,6763.59832518042,-1.12082674627
1242208089,9.058656,3435.8217288,1750.230663144,3437.2865976,147.77676540704,1.3118592,19.0,6763.59832518042,-1.0069750614
1242208092,9.058656,3435.8217288,1750.230663144,3437.2865976,147.82847493722,1.3118592,19.0,6763.59832518042,-1.05868459158
1242208095,9.058656,3435.8217288,1750.230663144,3437.2865976,147.80670250346,1.3118592,19.0,6763.59832518042,-1.03691215782
1242208098,9.058656,3435.8217288,1750.230663144,3437.2865976,147.88335961399,1.3118592,19.0,6763.59832518042,-1.11356926835
1242208101,9.058656,3435.8217288,1750.230663144,3437.2865976,147.79354832473,1.3118592,19.0,6712.63227926932,-1.02375797909
1242208104,9.058656,3435.8217288,1750.230663144,3437.2865976,147.72051995316,1.3118592,19.0,6712.63227926932,-0.95072960752
1242208107,9.058656,3435.8217288,1750.230663144,3437.2865976,147.69330441096,1.3118592,19.0,6712.63227926932,-0.92351406532
1242208110,9.058656,3435.8217288,1750.230663144,3437.2865976,147.75907530461,1.3118592,19.0,6712.63227926932,-0.98928495897
1242208113,9.058656,3435.8217288,1750.230663144,3437.2865976,147.77041511386,1.3118592,19.0,6681.13013319683,-1.00062476822
1242208116,9.058656,3435.8217288,1750.230663144,3437.2865976,147.73639568611,1.3118592,19.0,6681.13013319683,-0.96660534047
1242208119,9.058656,3435.8217288,1750.230663144,3437.2865976,147.79128036288,1.3118592,19.0,6681.13013319683,-1.02149001724
1242208122,9.058656,3435.8217288,1750.230663144,3437.2865976,147.77449744519,1.3118592,19.0,6681.13013319683,-1.00470709955
1242208125,9.058656,3435.8217288,1750.230663144,3437.2865976,147.79581628658,1.3118592,19.0,6681.13013319683,-1.02602594094
1242208128,9.058656,3435.8217288,1750.230663144,3437.2865976,147.76587919016,1.3118592,19.0,6716.95529209214,-0.99608884452
1242208131,9.058656,3435.8217288,1750.230663144,3437.2865976,147.79128036288,1.3118592,19.0,6716.95529209214,-1.02149001724
1242208134,9.058656,3435.8217288,1750.230663144,3437.2865976,147.73412772426,1.3118592,19.0,6716.95529209214,-0.96433737862
1242208137,9.058656,3435.8217288,1750.230663144,3437.2865976,147.80080580265,1.3118592,19.0,6716.95529209214,-1.03101545701
1242208140,9.058656,3435.8217288,1750.230663144,3437.2865976,147.71870558368,1.3118592,19.0,6716.65192277124,-0.94891523804
1242208152,9.058656,3435.8217288,1750.230663144,3437.2865976,147.8892563148,1.3118592,19.0,6716.65192277124,-1.11901237679
1242208155,9.058656,3435.8217288,1750.230663144,3437.2865976,147.85523688705,1.3118592,20.0,6722.51936122772,-1.08544654141
1242208158,9.058656,3435.8217288,1750.230663144,3437.2865976,147.91284311804,1.3118592,20.0,6722.51936122772,-1.1430527724
1242208161,9.058656,3435.8217288,1750.230663144,3437.2865976,147.82529979063,1.3118592,20.0,6722.51936122772,-1.05550944499
1242208164,9.058656,3435.8217288,1750.230663144,3437.2865976,147.81305279664,1.3118592,20.0,6722.51936122772,-1.04280885863
1242208167,9.058656,3435.8217288,1750.230663144,3437.2865976,147.85206174046,1.3118592,19.0,6695.64359729895,-1.08181780245
1242208170,9.058656,3435.8217288,1750.230663144,3437.2865976,147.81758872034,1.3118592,19.0,6695.64359729895,-1.0477983747
1242208173,9.058656,3435.8217288,1750.230663144,3437.2865976,147.97407808799,1.3118592,19.0,6695.64359729895,-1.20428774235
1242208176,9.058656,3435.8217288,1750.230663144,3437.2865976,147.81486716612,1.3118592,19.0,6695.64359729895,-1.04507682048
1242208179,9.058656,3435.8217288,1750.230663144,3437.2865976,147.93189399758,1.3118592,19.0,6695.64359729895,-1.16210365194
1242208182,9.058656,3435.8217288,1750.230663144,3437.2865976,147.90422486301,1.3118592,19.0,6733.9439740625,-1.13443451737
1242208185,9.058656,3435.8217288,1750.230663144,3437.2865976,147.90694641723,1.3118592,19.0,6733.9439740625,-1.13715607159
1242208188,9.058656,3435.8217288,1750.230663144,3437.2865976,147.86340154971,1.3118592,19.0,6733.9439740625,-1.0931576117
1242208191,9.058656,3435.8217288,1750.230663144,3437.2865976,147.88608116821,1.3118592,19.0,6733.9439740625,-1.11629082257
1242208194,9.058656,3435.8217288,1750.230663144,3437.2865976,147.90603923249,1.3118592,20.0,6682.6745588305,-1.13624888685
1242208197,9.058656,3435.8217288,1750.230663144,3437.2865976,147.94731613816,1.3118592,20.0,6682.6745588305,-1.17752579252
1242208200,9.058656,3435.8217288,1750.230663144,3437.2865976,147.8575048489,1.3118592,20.0,6682.6745588305,-1.08771450326
1242208203,9.058656,3435.8217288,1750.230663144,3437.2865976,147.89288505376,1.3118592,20.0,6682.6745588305,-1.12309470812
1242208206,9.058656,3435.8217288,1750.230663144,3437.2865976,147.85115455572,1.3118592,20.0,6682.6745588305,-1.08136421008
1242208209,9.058656,3435.8217288,1750.230663144,3437.2865976,147.82484619826,1.3118592,20.0,6761.13000206947,-1.05505585262
1242208212,9.058656,3435.8217288,1750.230663144,3437.2865976,147.88517398347,1.3118592,20.0,6761.13000206947,-1.11538363783
1242208215,9.058656,3435.8217288,1750.230663144,3437.2865976,147.84797940913,1.3118592,20.0,6761.13000206947,-1.07818906349
1242208218,9.058656,3435.8217288,1750.230663144,3437.2865976,147.88653476058,1.3118592,20.0,6761.13000206947,-1.11674441494
1242208221,9.058656,3435.8217288,1750.230663144,3437.2865976,147.96137750163,1.3118592,20.0,6732.70981250702,-1.19158715599
1242208224,9.058656,3435.8217288,1750.230663144,3437.2865976,147.93642992128,1.3118592,20.0,6732.70981250702,-1.16663957564
1242208227,9.058656,3435.8217288,1750.230663144,3437.2865976,148.01399421655,1.3118592,20.0,6732.70981250702,-1.24420387091
1242208230,9.058656,3435.8217288,1750.230663144,3437.2865976,147.92599729677,1.3118592,20.0,6732.70981250702,-1.15620695113
1242208233,9.058656,3435.8217288,1750.230663144,3437.2865976,147.95774876267,1.3118592,20.0,6732.70981250702,-1.18795841703
1242208236,9.058656,3435.8217288,1750.230663144,3437.2865976,147.97453168036,1.3118592,19.0,6703.98625362369,-1.20474133472
1242208239,9.058656,3435.8217288,1750.230663144,3437.2865976,148.04937442141,1.3118592,19.0,6703.98625362369,-1.27958407577
1242208242,9.058656,3435.8217288,1750.230663144,3437.2865976,148.02941635713,1.3118592,19.0,6703.98625362369,-1.25962601149
1242208245,9.058656,3435.8217288,1750.230663144,3437.2865976,148.06479656199,1.3118592,19.0,6703.98625362369,-1.29500621635
1242208248,9.058656,3435.8217288,1750.230663144,3437.2865976,148.01716936314,1.3118592,19.0,6741.05246883176,-1.2473790175
1242208251,9.058656,3435.8217288,1750.230663144,3437.2865976,148.12285638535,1.3118592,19.0,6741.05246883176,-1.35306603971
1242208254,9.058656,3435.8217288,1750.230663144,3437.2865976,148.04075616638,1.3118592,19.0,6741.05246883176,-1.27096582074
1242208257,9.058656,3435.8217288,1750.230663144,3437.2865976,147.99585052175,1.3118592,19.0,6741.05246883176,-1.22606017611
1242208260,9.058656,3435.8217288,1750.230663144,3437.2865976,147.90059612405,1.3118592,19.0,6741.05246883176,-1.13035218604
1242208263,9.058656,3435.8217288,1750.230663144,3437.2865976,147.90104971642,1.3118592,20.0,6706.14431265645,-1.13125937078
1242208266,9.058656,3435.8217288,1750.230663144,3437.2865976,147.87156621237,1.3118592,20.0,6706.14431265645,-1.10177586673
1242208269,9.058656,3435.8217288,1750.230663144,3437.2865976,147.93688351365,1.3118592,20.0,6706.14431265645,-1.16709316801
1242208272,9.058656,3435.8217288,1750.230663144,3437.2865976,147.8575048489,1.3118592,20.0,6706.14431265645,-1.08771450326
1242208275,9.058656,3435.8217288,1750.230663144,3437.2865976,147.97679964221,1.3118592,19.0,6712.94254334751,-1.20700929657
1242208278,9.058656,3435.8217288,1750.230663144,3437.2865976,147.94414099157,1.3118592,19.0,6712.94254334751,-1.17435064593
1242208281,9.058656,3435.8217288,1750.230663144,3437.2865976,147.99630411412,1.3118592,19.0,6712.94254334751,-1.22651376848
1242208284,9.058656,3435.8217288,1750.230663144,3437.2865976,148.00537596152,1.3118592,19.0,6712.94254334751,-1.23558561588
1242208287,9.058656,3435.8217288,1750.230663144,3437.2865976,148.04393131297,1.3118592,19.0,6712.94254334751,-1.27414096733
1242208290,9.058656,3435.8217288,1750.230663144,3437.2865976,147.98541789724,1.3118592,19.0,6686.37704349693,-1.2156275516
1242208293,9.058656,3435.8217288,1750.230663144,3437.2865976,147.99585052175,1.3118592,19.0,6686.37704349693,-1.22606017611
1242208296,9.058656,3435.8217288,1750.230663144,3437.2865976,147.9890466362,1.3118592,19.0,6686.37704349693,-1.21925629056
1242208299,9.058656,3435.8217288,1750.230663144,3437.2865976,148.05345675274,1.3118592,19.0,6686.37704349693,-1.2836664071
1242208302,9.058656,3435.8217288,1750.230663144,3437.2865976,148.08656899575,1.3118592,19.0,6741.97636630904,-1.31677865011
1242208305,9.058656,3435.8217288,1750.230663144,3437.2865976,147.93597632891,1.3118592,19.0,6741.97636630904,-1.16618598327
1242208308,9.058656,3435.8217288,1750.230663144,3437.2865976,148.02669480291,1.3118592,19.0,6741.97636630904,-1.25690445727
1242208311,9.058656,3435.8217288,1750.230663144,3437.2865976,147.96001672452,1.3118592,19.0,6741.97636630904,-1.19022637888
1242208314,9.058656,3435.8217288,1750.230663144,3437.2865976,147.95094487712,1.3118592,19.0,6741.97636630904,-1.18115453148
1242208317,9.058656,3435.8217288,1750.230663144,3437.2865976,147.95230565423,1.3118592,19.0,6698.42907924539,-1.18251530859
1242208320,9.058656,3435.8217288,1750.230663144,3437.2865976,147.97226371851,1.3118592,19.0,6698.42907924539,-1.20247337287
1242208323,9.058656,3435.8217288,1750.230663144,3437.2865976,147.94731613816,1.3118592,19.0,6698.42907924539,-1.17752579252
1242208326,9.058656,3435.8217288,1750.230663144,3437.2865976,147.99086100568,1.3118592,19.0,6698.42907924539,-1.22107066004
1242208329,9.058656,3435.8217288,1750.230663144,3437.2865976,148.01716936314,1.3118592,19.0,6756.18646109026,-1.2473790175
1242208332,9.058656,3435.8217288,1750.230663144,3437.2865976,148.01354062418,1.3118592,19.0,6756.18646109026,-1.24375027854
1242208335,9.058656,3435.8217288,1750.230663144,3437.2865976,147.98587148961,1.3118592,19.0,6756.18646109026,-1.21608114397
1242208338,9.058656,3435.8217288,1750.230663144,3437.2865976,148.03168431898,1.3118592,19.0,6756.18646109026,-1.26189397334
1242208341,9.058656,3435.8217288,1750.230663144,3437.2865976,147.92418292729,1.3118592,19.0,6756.18646109026,-1.15439258165
1242208344,9.058656,3435.8217288,1750.230663144,3437.2865976,148.02850917239,1.3118592,19.0,6726.84237405054,-1.25871882675
1242208347,9.058656,3435.8217288,1750.230663144,3437.2865976,147.95820235504,1.3118592,19.0,6726.84237405054,-1.1884120094
1242208350,9.058656,3435.8217288,1750.230663144,3437.2865976,148.007190331,1.3118592,19.0,6726.84237405054,-1.23739998536
1242208353,9.058656,3435.8217288,1750.230663144,3437.2865976,147.92055418833,1.3118592,19.0,6726.84237405054,-1.15076384269
1242208356,9.058656,3435.8217288,1750.230663144,3437.2865976,147.88381320636,1.3118592,19.0,6713.5630715039,-1.11402286072
1242208359,9.058656,3435.8217288,1750.230663144,3437.2865976,147.67833586275,1.3118592,19.0,6713.5630715039,-0.90854551711
1242208362,9.058656,3435.8217288,1750.230663144,3437.2865976,147.62390477835,1.3118592,19.0,6713.5630715039,-0.85411443271
1242208365,9.058656,3435.8217288,1750.230663144,3437.2865976,147.3903047078,1.3118592,19.0,6713.5630715039,-0.62051436216
1242208368,9.058656,3435.8217288,1750.230663144,3437.2865976,147.32770896074,1.3118592,19.0,6713.5630715039,-0.5579186151
1242208371,9.058656,3435.8217288,2102.879645064,3437.2865976,147.23971204096,1.3118592,19.0,8162.5238956924,-0.46992169532
1242208374,9.058656,3435.8217288,2102.879645064,3437.2865976,147.3494813945,1.3118592,19.0,8162.5238956924,-0.57969104886
1242208377,9.058656,3435.8217288,2102.879645064,3437.2865976,147.30775089646,1.3118592,19.0,8162.5238956924,-0.53796055082
1242208380,9.058656,3435.8217288,2102.879645064,3437.2865976,147.281442539,1.3118592,19.0,8162.5238956924,-0.51165219336
1242208398,9.0598752,3435.8208144,2631.853117944,3437.2865976,145.81951433049,1.3118592,19.0,12123.0103800342,0.95027601515
1242208401,9.0598752,3435.8208144,2631.853117944,3437.2865976,145.91386154345,1.3118592,19.0,12123.0103800342,0.85592880219
1242208404,9.0598752,3435.8208144,2631.853117944,3437.2865976,145.92565494507,1.3118592,19.0,12123.0103800342,0.84413540057
1242208407,9.0598752,3435.8208144,2631.853117944,3437.2865976,145.85444094298,1.3118592,19.0,12123.0103800342,0.91534940266
1242208410,9.0598752,3435.8208144,2631.853117944,3437.2865976,145.57911037439,1.3118592,20.0,14249.6568985682,1.19067997125
1242208413,9.0598752,3435.8208144,2631.853117944,3437.2865976,145.43305363125,1.3118592,20.0,14249.6568985682,1.33673671439
1242208416,9.0598752,3435.8208144,2631.853117944,3437.2865976,146.07443324243,1.3118592,20.0,14249.6568985682,0.69535710321
1242208419,9.0598752,3435.8208144,2631.853117944,3437.2865976,146.08032994324,1.3118592,20.0,14249.6568985682,0.6894604024
1242208422,9.0598752,3435.8208144,2631.853117944,3437.2865976,145.96058155756,1.3118592,20.0,14249.6568985682,0.80920878808
1242208425,9.0598752,3435.8208144,3072.664345344,3437.2865976,145.98144680658,1.3118592,19.0,17039.7928061811,0.78834353906
1242208428,9.0598752,3435.8208144,3072.664345344,3437.2865976,145.93971630854,1.3118592,19.0,17039.7928061811,0.8300740371
1242208431,9.0598752,3435.8208144,3072.664345344,3437.2865976,146.07534042717,1.3118592,19.0,17039.7928061811,0.69444991847
1242208434,9.0607896,3435.8195952,3072.664345344,3437.2865976,145.94515941698,1.3118592,19.0,17039.7928061811,0.82463092866
1242208437,9.0610944,3435.8192904,3072.664345344,3437.2865976,145.54735890849,1.3118592,20.0,19103.738401891,1.22243143715
1242208440,9.0610944,3435.8192904,3072.664345344,3437.2865976,145.39540546454,1.3118592,20.0,19103.738401891,1.3743848811
1242208443,9.0610944,3435.8192904,3072.664345344,3437.2865976,145.3173875769,1.3118592,20.0,19103.738401891,1.45240276874
1242208446,9.0610944,3435.8192904,3072.664345344,3437.2865976,146.32390904593,1.3118592,20.0,19103.738401891,0.44588129971
1242208449,9.0613992,3435.8189856,3072.664345344,3437.2865976,146.0839586822,1.3118592,20.0,19103.738401891,0.68583166344
1242208452,9.0613992,3435.8189856,3491.43690408,3437.2865976,145.87122386067,1.3118592,19.0,21891.3921968784,0.89902007734
1242208455,9.0613992,3435.8189856,3491.43690408,3437.2865976,145.64442767567,1.3118592,19.0,21891.3921968784,1.12536266997
1242208458,9.0613992,3435.8189856,3491.43690408,3437.2865976,145.89118192495,1.3118592,19.0,21891.3921968784,0.87860842069
1242208461,9.0610944,3435.8192904,3491.43690408,3437.2865976,146.16333734695,1.3118592,19.0,21891.3921968784,0.60645299869
1242208464,9.0613992,3435.8189856,3491.43690408,3437.2865976,146.09076256775,1.3118592,59.0,22752.8645416306,0.67902777789
1242208467,9.0613992,3435.8189856,3491.43690408,3437.2865976,146.23455134904,1.3118592,59.0,22752.8645416306,0.5352389966
1242208470,9.0613992,3435.8189856,3491.43690408,3437.2865976,146.10119519226,1.3118592,59.0,22752.8645416306,0.66859515338
1242208473,9.0613992,3435.8189856,3491.43690408,3437.2865976,146.06354702555,1.3118592,59.0,22752.8645416306,0.70624332009
1242208476,9.0613992,3435.8189856,3491.43690408,3437.2865976,146.03769226046,1.3118592,59.0,22752.8645416306,0.73209808518
1242208479,9.0613992,3435.8189856,3469.394450004,3437.2865976,145.5986148463,1.3118592,90.0,22741.1296647177,1.17117549934
1242208482,9.0613992,3435.8189856,3469.394450004,3437.2865976,145.82722540078,1.3118592,90.0,22741.1296647177,0.94256494486
1242208485,9.0613992,3435.8189856,3469.394450004,3437.2865976,145.71881682435,1.3118592,90.0,22741.1296647177,1.05097352129
1242208488,9.0613992,3435.8192904,3469.394450004,3437.2865976,145.74467158944,1.3118592,90.0,22741.1296647177,1.0251187562
1242208491,9.0613992,3435.8189856,3469.394450004,3437.2865976,145.77370150112,1.3118592,119.0,23075.9597631458,0.99608884452
1242208494,9.0613992,3435.8189856,3469.394450004,3437.2865976,145.71745604724,1.3118592,119.0,23075.9597631458,1.0523342984
1242208497,9.0613992,3435.8189856,3469.394450004,3437.2865976,145.62265524191,1.3118592,119.0,23075.9597631458,1.14713510373
1242208500,9.0613992,3435.8189856,3469.394450004,3437.2865976,145.77733024008,1.3118592,119.0,23075.9597631458,0.99246010556
1242208503,9.0613992,3435.8189856,3469.394450004,3437.2865976,146.0023120556,1.3118592,119.0,23075.9597631458,0.76747829004
1242208506,9.0613992,3435.8189856,3469.394450004,3437.2865976,145.74603236655,1.3118592,120.0,23045.9951479497,1.02375797909
1242208509,9.0613992,3435.8189856,3469.394450004,3437.2865976,145.8571624972,1.3118592,120.0,23045.9951479497,0.91262784844
1242208512,9.0613992,3435.8189856,3469.394450004,3437.2865976,145.557791533,1.3118592,120.0,23045.9951479497,1.21199881264
1242208515,9.0613992,3435.8189856,3469.394450004,3437.2865976,145.81271044494,1.3118592,120.0,23045.9951479497,0.9570799007
1242208518,9.0613992,3435.8189856,3469.394450004,3437.2865976,145.68434380423,1.3118592,119.0,23287.2358108803,1.08544654141
1242208521,9.0613992,3435.8189856,3469.394450004,3437.2865976,145.90025377235,1.3118592,119.0,23287.2358108803,0.86953657329
1242208524,9.0613992,3435.8189856,3469.394450004,3437.2865976,145.52694725184,1.3118592,119.0,23287.2358108803,1.2428430938
1242208527,9.0613992,3435.8189856,3469.394450004,3437.2865976,145.43033207703,1.3118592,119.0,23287.2358108803,1.33945826861
1242208530,9.0613992,3435.8189856,3469.394450004,3437.2865976,145.48884549276,1.3118592,119.0,23287.2358108803,1.28094485288
1242208533,9.0613992,3435.8189856,3469.394450004,3437.2865976,145.39313750269,1.3118592,158.0,23284.7605930121,1.37665284295
1242208536,9.0613992,3435.8189856,3469.394450004,3437.2865976,145.68434380423,1.3118592,158.0,23284.7605930121,1.08544654141
1242208539,9.0613992,3435.8189856,3469.394450004,3437.2865976,145.18902093619,1.3118592,158.0,23284.7605930121,1.58076940945
1242208542,9.0613992,3435.8189856,3469.394450004,3437.2865976,145.65667466966,1.3118592,158.0,23284.7605930121,1.11311567598
1242208545,9.061704,3435.8186808,3469.394450004,3437.2865976,145.34324234199,1.3118592,159.0,23308.8508749944,1.42654800365
1242208548,9.061704,3435.8189856,3469.394450004,3437.2865976,145.80772092887,1.3118592,159.0,23308.8508749944,0.96252300914
1242208551,9.0595704,3435.822948,3469.394450004,3437.2865976,145.47296975981,1.3118592,159.0,23308.8508749944,1.29682058583
1242208554,9.0446352,3435.8369688,3469.394450004,3437.2865976,147.89469942324,1.3118592,159.0,23308.8508749944,-1.1249090776
1242208557,9.0187272,3435.8644008,3469.394450004,3437.2865976,147.93189399758,1.3118592,159.0,23308.8508749944,-1.16210365194
1242208560,8.9882472,3435.8942712,3469.394450004,3437.2865976,148.22854340756,1.3118592,185.0,23086.4604785033,-1.45875306192
1242208563,8.9583768,3435.9244464,3469.394450004,3437.2865976,147.9799747888,1.3118592,185.0,23086.4604785033,-1.21018444316
1242208566,8.9282016,3435.9543168,3469.394450004,3437.2865976,148.32289062052,1.3118592,185.0,23086.4604785033,-1.55310027488
1242208569,8.898636,3435.9820536,3469.394450004,3437.2865976,147.91148234093,1.3118592,185.0,23086.4604785033,-1.14169199529
1242208572,8.8983312,3435.9820536,3469.394450004,3437.2865976,147.28870001692,1.3118592,190.0,22985.7625482366,-0.51890967128
1242208575,8.8977216,3435.9832728,3469.394450004,3437.2865976,147.22565067749,1.3118592,190.0,22985.7625482366,-0.45586033185
1242208578,8.8873584,3435.9939408,3469.394450004,3437.2865976,148.1931632027,1.3118592,190.0,22985.7625482366,-1.42337285706
1242208581,8.875776,3436.005828,3469.394450004,3437.2865976,147.90377127064,1.3118592,190.0,22985.7625482366,-1.133980925
1242208584,8.8611456,3436.0192392,3469.394450004,3437.2865976,147.95502720845,1.3118592,190.0,22985.7625482366,-1.18523686281
1242208587,8.8611456,3436.0192392,3469.394450004,3437.2865976,147.54815485256,1.3118592,189.0,23009.8597249762,-0.77836450692
1242208590,8.8507824,3436.0308216,3469.394450004,3437.2865976,148.17728746975,1.3118592,189.0,23009.8597249762,-1.40749712411
1242208593,8.836152,3436.0451472,3469.394450004,3437.2865976,148.052549568,1.3118592,189.0,23009.8597249762,-1.28275922236
1242208596,8.8184736,3436.0634352,3469.394450004,3437.2865976,148.11968123876,1.3118592,189.0,23009.8597249762,-1.34989089312
1242208599,8.8007952,3436.0811136,3469.394450004,3437.2865976,147.97861401169,1.3118592,191.0,23062.0599324428,-1.20882366605
1242208602,8.7758016,3436.106412,3469.394450004,3437.2865976,148.05300316037,1.3118592,191.0,23062.0599324428,-1.28321281473
1242208605,8.7468456,3436.1359776,3469.394450004,3437.2865976,148.11968123876,1.3118592,191.0,23062.0599324428,-1.34989089312
1242208608,8.7093552,3436.1737728,3469.394450004,3437.2865976,148.07885792546,1.3118592,191.0,23062.0599324428,-1.30906757982
1242208611,8.66394,3436.220712,3469.394450004,3437.2865976,147.8348252304,1.3118592,191.0,23062.0599324428,-1.06503488476
1242208614,8.6087712,3436.2761856,3469.394450004,3437.2865976,147.83527882277,1.3118592,189.0,22953.6398740077,-1.06548847713
1242208617,8.5539072,3436.3310496,3469.394450004,3437.2865976,147.85206174046,1.3118592,189.0,22953.6398740077,-1.08227139482
1242208620,8.4990432,3436.385304,3469.394450004,3437.2865976,147.69784033466,1.3118592,189.0,22953.6398740077,-0.92804998902
1242208641,8.2466688,3436.6370688,3469.394450004,3437.2865976,147.85206174046,1.3118592,189.0,23237.1936624465,-1.08227139482
1242208644,8.20674,3436.6769976,3469.394450004,3437.2865976,147.96682061007,1.3118592,189.0,23237.1936624465,-1.19703026443
1242208647,8.1668112,3436.7166216,3469.394450004,3437.2865976,147.9709029414,1.3118592,189.0,23237.1936624465,-1.20111259576
1242208650,8.1271872,3436.7562456,3469.394450004,3437.2865976,147.77495103756,1.3118592,189.0,23237.1936624465,-1.00516069192
1242208653,8.1153,3436.7653896,3469.394450004,3437.2865976,146.67952546401,1.3118592,189.0,23113.9498758311,0.09026488163
1242208656,8.0869536,3436.7964792,3469.394450004,3437.2865976,147.50052765371,1.3118592,189.0,23113.9498758311,-0.73073730807
1242208659,8.0479392,3436.8354936,3469.394450004,3437.2865976,147.4538076396,1.3118592,189.0,23113.9498758311,-0.68401729396
1242208662,8.0293464,3436.8510384,3469.394450004,3437.2865976,147.0727900488,1.3118592,189.0,23113.9498758311,-0.30299970316
1242208665,8.0043528,3436.8799944,3469.394450004,3437.2865976,147.70146907362,1.3118592,189.0,23113.9498758311,-0.93167872798
1242208668,7.9595472,3436.9244952,3469.394450004,3437.2865976,147.71099451339,1.3118592,189.0,23178.8157524453,-0.94120416775
1242208671,7.904988,3436.9799688,3469.394450004,3437.2865976,147.36853227404,1.3118592,189.0,23178.8157524453,-0.5987419284
1242208674,7.8482952,3437.036052,3469.394450004,3437.2865976,147.89606020035,1.3118592,189.0,23178.8157524453,-1.12581626234
1242208677,7.7919072,3437.0927448,3469.394450004,3437.2865976,147.74183879455,1.3118592,189.0,23178.8157524453,-0.97204844891
1242208680,7.7361288,3437.1485232,3469.394450004,3437.2865976,147.90649282486,1.3118592,190.0,23057.7300248627,-1.13670247922
1242208683,7.6797408,3437.205216,3469.394450004,3437.2865976,147.50188843082,1.3118592,190.0,23057.7300248627,-0.73209808518
1242208686,7.6233528,3437.2612992,3469.394450004,3437.2865976,146.10119519226,1.3118592,190.0,23057.7300248627,0.66859515338
1242208689,7.5959208,3437.2847688,3469.394450004,3437.2865976,143.82869741856,1.3118592,190.0,23057.7300248627,2.94109292708
1242208692,7.5965304,3437.2838544,3469.394450004,3437.2865976,143.29119046011,1.3118592,190.0,23057.7300248627,3.47859988553
1242208695,7.5965304,3437.2838544,3469.394450004,3437.2865976,143.01722066863,1.3118592,189.0,23008.9289327416,3.75256967701
1242208698,7.5892152,3437.2923888,3469.394450004,3437.2923888,144.75720099995,1.3118592,189.0,23008.9289327416,2.01258934569
1242208701,7.5754992,3437.3058,3469.394450004,3437.3058,144.4374183791,1.3118592,189.0,23008.9289327416,2.33237196654
1242208704,7.5639168,3437.3176872,3469.394450004,3437.3176872,143.70214514733,1.3118592,189.0,23008.9289327416,3.06764519831
1242208707,7.5523344,3437.32866,3469.394450004,3437.32866,143.38100174937,1.3118592,189.0,22972.4832456899,3.38878859627
1242208710,7.542276,3437.3387184,3469.394450004,3437.3387184,142.88794684318,1.3118592,189.0,22972.4832456899,3.88229709483
1242208713,7.5325224,3437.3487768,3469.394450004,3437.3487768,142.8180936182,1.3118592,189.0,22972.4832456899,3.95169672744
1242208716,7.5236832,3437.357616,3469.394450004,3437.357616,142.33592492889,1.3118592,189.0,22972.4832456899,4.43386541675
1242208719,7.514844,3437.3658456,3469.394450004,3437.3658456,142.21617654321,1.3118592,189.0,22972.4832456899,4.55361380243
1242208722,7.5081384,3437.372856,3469.394450004,3437.372856,141.85330264721,1.3118592,190.0,22953.6398740077,4.91648769843
1242208725,7.502652,3437.3780376,3469.394450004,3437.3780376,141.5117475926,1.3118592,190.0,22953.6398740077,5.25804275304
1242208728,7.4989944,3437.382,3469.394450004,3437.382,141.5253553637,1.3118592,190.0,22953.6398740077,5.24443498194
1242208731,7.4956416,3437.385048,3469.394450004,3437.385048,141.31579568876,1.9577304,190.0,22953.6398740077,5.45399465688
1242208734,7.493508,3437.3874864,3469.394450004,3437.3874864,141.31125976506,1.9577304,189.0,22967.8499687889,5.45853058058
1242208737,7.4910696,3437.3893152,3469.394450004,3437.3893152,141.20421196574,1.9577304,189.0,22967.8499687889,5.56603197227
1242208740,7.4907648,3437.38962,3469.394450004,3437.38962,141.37748425108,1.9577304,189.0,22967.8499687889,5.39230609456
1242208749,7.4819256,3437.3990688,3469.394450004,3437.3990688,141.47319224115,1.9577304,190.0,22962.2927944106,5.29659810449
1242208752,7.476744,3437.4039456,3469.394450004,3437.4039456,141.13209077891,1.9577304,190.0,22962.2927944106,5.63769956673
1242208755,7.4727816,3437.4082128,3469.394450004,3437.4082128,141.01506394745,1.9577304,190.0,22962.2927944106,5.75472639819
1242208758,7.4679048,3437.4130896,3469.394450004,3437.4130896,141.08763872665,1.9577304,190.0,22962.2927944106,5.68215161899
1242208761,7.4627232,3437.4179664,3469.394450004,3437.4179664,140.91663440316,1.9577304,189.0,23062.0530376855,5.85315594248
1242208764,7.4572368,3437.4237576,3469.394450004,3437.4237576,140.77738154557,1.9577304,189.0,23062.0530376855,5.99240880007
1242208767,7.4514456,3437.4295488,3469.394450004,3437.4295488,140.71115705955,1.9577304,189.0,23062.0530376855,6.05863328609
1242208770,7.4459592,3437.43534,3469.394450004,3437.43534,140.61000596104,1.9577304,189.0,23062.0530376855,6.1597843846
1242208773,7.440168,3437.4405216,3469.394450004,3437.4405216,140.29657363337,1.9577304,189.0,23062.0530376855,6.47321671227
1242208776,7.4346816,3437.446008,3469.394450004,3437.446008,140.18997942642,1.9577304,190.0,23050.3181607725,6.57981091922
1242208779,7.4291952,3437.4517992,3469.394450004,3437.4517992,140.23080273972,1.9577304,190.0,23050.3181607725,6.53898760592
1242208782,7.423404,3437.4575904,3469.394450004,3437.4575904,139.92553507471,1.9577304,190.0,23050.3181607725,6.84425527093
1242208785,7.417308,3437.4636864,3469.394450004,3437.4636864,139.70009966682,1.9577304,190.0,23050.3181607725,7.06969067882
1242208788,7.4115168,3437.4691728,3469.394450004,3437.4691728,139.54905340761,1.9577304,190.0,23104.0627938727,7.22073693803
1242208791,7.4063352,3437.474964,3469.394450004,3437.474964,139.25603273659,1.9577304,190.0,23104.0627938727,7.51375760905
1242208794,7.402068,3437.4786216,3469.394450004,3437.4786216,139.14989212201,1.9577304,190.0,23104.0627938727,7.61989822363
1242208797,7.3981056,3437.482584,3469.394450004,3437.482584,139.20114805982,1.9577304,190.0,23104.0627938727,7.56864228582
1242208800,7.3947528,3437.4862416,3469.394450004,3437.4862416,139.14036668224,1.9577304,190.0,23104.0627938727,7.6294236634
1242208803,7.3910952,3437.4898992,3469.394450004,3437.4898992,138.8809118466,1.9577304,189.0,22986.3830763929,7.88887849904
1242208806,7.3874376,3437.493252,3469.394450004,3437.493252,138.70265004519,1.9577304,189.0,22986.3830763929,8.06714030045
1242208809,7.3834752,3437.4972144,3469.394450004,3437.4972144,138.47177152886,1.9577304,189.0,22986.3830763929,8.29801881678
1242208812,7.3801224,3437.500872,3469.394450004,3437.500872,138.49354396262,1.9577304,189.0,22986.3830763929,8.27624638302
1242208815,7.3770744,3437.5033104,3469.394450004,3437.5033104,138.57428340448,1.9577304,190.0,22671.0099830461,8.19550694116
1242208818,7.3752456,3437.505444,3469.394450004,3437.505444,138.45226705695,1.9577304,190.0,22671.0099830461,8.31752328869
1242208821,7.3725024,3437.5081872,3469.394450004,3437.5081872,138.37424916931,1.9577304,190.0,22671.0099830461,8.39554117633
1242208824,7.370064,3437.5106256,3469.394450004,3437.5106256,138.31891090017,1.9577304,190.0,22671.0099830461,8.45087944547
1242208827,7.36854,3437.5121496,3469.394450004,3437.5121496,138.1596999783,1.9577304,190.0,22671.0099830461,8.61009036734
1242208830,7.367016,3437.5136736,3469.394450004,3437.5136736,138.22138854062,1.9577304,188.0,22752.5542775524,8.54840180502
1242208833,7.3657968,3437.5148928,3469.394450004,3437.5148928,138.33387944838,1.9577304,188.0,22752.5542775524,8.43591089726
1242208836,7.3645776,3437.5158072,3469.394450004,3437.5158072,138.21503824744,1.9577304,188.0,22752.5542775524,8.5547520982
1242208839,7.3642728,3437.516112,3469.394450004,3437.516112,138.25767593022,1.9577304,188.0,22752.5542775524,8.51211441542
1242208842,7.3618344,3437.5185504,3469.394450004,3437.5185504,138.2730980708,1.9577304,190.0,22803.5203234635,8.49669227484
1242208845,7.3597008,3437.5209888,3469.394450004,3437.5209888,138.06762072719,1.9577304,190.0,22803.5203234635,8.70216961845
1242208848,7.3572624,3437.5234272,3469.394450004,3437.5234272,137.97055196001,1.9577304,190.0,22803.5203234635,8.79923838563
1242208851,7.3551288,3437.5255608,3469.394450004,3437.5255608,137.82268084739,1.9577304,190.0,22803.5203234635,8.94710949825
1242208854,7.3533,3437.5273896,3469.394450004,3437.5273896,137.88709096393,1.9577304,190.0,22803.5203234635,8.88269938171
1242208857,7.3511664,3437.5295232,3469.394450004,3437.5295232,137.7922901586,1.9577304,189.0,22918.4283485115,8.97750018704
1242208860,7.3496424,3437.5307424,3469.394450004,3437.5307424,137.88709096393,1.9577304,189.0,22918.4283485115,8.88269938171
1242208863,7.3484232,3437.5322664,3469.394450004,3437.5322664,137.82903114057,1.9577304,189.0,22918.4283485115,8.94075920507
1242208884,7.3389744,3437.5414104,3469.394450004,3437.5414104,137.68569595165,3.0415992,189.0,22985.1420200802,9.08409439399
1242208887,7.3374504,3437.5429344,3469.394450004,3437.5429344,137.73014800391,3.0415992,189.0,22985.1420200802,9.03964234173
1242208890,7.3359264,3437.5447632,3469.394450004,3437.5447632,137.6698202187,3.0415992,189.0,22985.1420200802,9.09997012694
1242208893,7.335012,3437.5453728,3469.394450004,3437.5453728,137.7151794557,3.0415992,189.0,22985.1420200802,9.05506448231
1242208896,7.3340976,3437.5462872,3469.394450004,3437.5462872,137.6063172869,3.0415992,190.0,22986.3761816357,9.16347305874
1242208899,7.333488,3437.5472016,3469.394450004,3437.5472016,137.54372153984,3.0415992,190.0,22986.3761816357,9.2260688058
1242208902,7.3316592,3437.5490304,3469.394450004,3437.5490304,137.62400738933,3.0415992,190.0,22986.3761816357,9.14578295631
1242208905,7.3307448,3437.5499448,3469.394450004,3437.5499448,137.58318407603,3.0415992,190.0,22986.3761816357,9.18660626961
1242208908,7.3307448,3437.5499448,3469.394450004,3437.5499448,137.49019764018,3.0415992,190.0,22986.3761816357,9.27959270546
1242208911,7.3301352,3437.5505544,3469.394450004,3437.5505544,137.61176039534,3.0415992,189.0,23001.8273327296,9.1580299503
1242208914,7.3298304,3437.5508592,3469.394450004,3437.5508592,137.76280665455,3.0415992,189.0,23001.8273327296,9.00698369109
1242208917,7.328916,3437.5514688,3469.394450004,3437.5514688,137.710643532,3.0415992,189.0,23001.8273327296,9.05914681364
1242208920,7.3280016,3437.552688,3469.394450004,3437.552688,137.81088744577,3.0415992,189.0,23001.8273327296,8.95890289987
1242208923,7.3276968,3437.5529928,3469.394450004,3437.5529928,137.72788004206,3.0415992,190.0,22837.1874233261,9.04236389595
1242208926,7.327392,3437.5532976,3469.394450004,3437.5532976,137.66709866448,3.0415992,190.0,22837.1874233261,9.10269168116
1242208929,7.3264776,3437.5539072,3469.394450004,3437.5539072,137.91294572902,3.0415992,190.0,22837.1874233261,8.85684461662
1242208932,7.325868,3437.5545168,3469.394450004,3437.5545168,137.83855658034,3.0415992,190.0,22837.1874233261,8.9312337653
1242208935,7.3252584,3437.5551264,3469.394450004,3437.5551264,137.77006413247,3.0415992,190.0,22837.1874233261,8.99972621317
1242208938,7.3240392,3437.5563456,3469.394450004,3437.5563456,137.74783810634,3.0415992,189.0,22839.9729052725,9.0219522393
1242208941,7.3240392,3437.5563456,3469.394450004,3437.5563456,137.84717483537,3.0415992,189.0,22839.9729052725,8.92261551027
1242208944,7.3234296,3437.55726,3469.394450004,3437.55726,137.78639345779,3.0415992,189.0,22839.9729052725,8.98339688785
1242208947,7.3219056,3437.5584792,3469.394450004,3437.5584792,137.89480203422,3.0415992,189.0,22839.9729052725,8.87498831142
1242208950,7.3209912,3437.5596984,3469.394450004,3437.5596984,137.80090841363,3.0415992,189.0,22750.0859544415,8.96888193201
1242208953,7.3203816,3437.560308,3469.394450004,3437.560308,137.83220628716,3.0415992,189.0,22750.0859544415,8.93758405848
1242208956,7.3185528,3437.5624416,3469.394450004,3437.5624416,137.80544433733,3.0415992,189.0,22750.0859544415,8.96434600831
1242208959,7.3170288,3437.5636608,3469.394450004,3437.5636608,137.70701479304,3.0415992,189.0,22750.0859544415,9.0627755526
1242208962,7.3161144,3437.56488,3469.394450004,3437.56488,137.96420166683,3.0415992,189.0,22750.0859544415,8.80558867881
1242208965,7.3148952,3437.5657944,3469.394450004,3437.5657944,137.89933795792,3.0415992,190.0,22757.8080826098,8.87090598009
1242208968,7.3145904,3437.5660992,3469.394450004,3437.5660992,137.8739367852,3.0415992,190.0,22757.8080826098,8.89630715281
1242208971,7.3133712,3437.5670136,3469.394450004,3437.5670136,137.93607893989,3.0415992,190.0,22757.8080826098,8.83371140575
1242208974,7.312152,3437.5682328,3469.394450004,3437.5682328,137.9329037933,3.0415992,190.0,22757.8080826098,8.83688655234
1242208977,7.3112376,3437.5691472,3469.394450004,3437.5691472,137.81723773895,3.0415992,190.0,22810.6288182328,8.95255260669
1242208980,7.3100184,3437.5706712,3469.394450004,3437.5706712,137.86441134543,3.0415992,190.0,22810.6288182328,8.90537900021
1242208983,7.3087992,3437.5715856,3469.394450004,3437.5715856,137.82041288554,3.0415992,190.0,22810.6288182328,8.9493774601
1242208992,7.3057512,3437.5749384,3469.394450004,3437.5749384,137.90296669688,3.0415992,190.0,22781.2847311931,8.86682364876
1242208995,7.3048368,3437.5758528,3469.394450004,3437.5758528,137.92882146197,3.0415992,190.0,22781.2847311931,8.84096888367
1242208998,7.3036176,3437.5773768,3469.394450004,3437.5773768,137.81088744577,3.0415992,190.0,22781.2847311931,8.95890289987
1242209001,7.3020936,3437.578596,3469.394450004,3437.578596,137.86259697595,3.0415992,190.0,22781.2847311931,8.90719336969
1242209004,7.3002648,3437.58012,3469.394450004,3437.58012,137.84173172693,3.0415992,189.0,22898.0405511956,8.92805861871
1242209007,7.2990456,3437.5813392,3469.394450004,3437.5813392,137.58681281499,3.0415992,189.0,22898.0405511956,9.18297753065
1242209010,7.2975216,3437.5828632,3469.394450004,3437.5828632,137.85171075907,3.0415992,189.0,22898.0405511956,8.91807958657
1242209013,7.2959976,3437.584692,3469.394450004,3437.584692,137.88981251815,3.0415992,189.0,22898.0405511956,8.87997782749
1242209016,7.2950832,3437.5859112,3469.394450004,3437.5859112,137.85488590566,3.0415992,189.0,22898.0405511956,8.91490443998
1242209019,7.2932544,3437.58774,3469.394450004,3437.58774,137.55778290331,3.0415992,189.0,22833.4849386596,9.21200744233
1242209022,7.2914256,3437.589264,3469.394450004,3437.589264,137.86622571491,3.0415992,189.0,22833.4849386596,8.90356463073
1242209025,7.2902064,3437.5904832,3469.394450004,3437.5904832,137.7650746164,3.0415992,189.0,22833.4849386596,9.00471572924
1242209028,7.2883776,3437.5917024,3469.394450004,3437.5917024,137.56005086516,3.0415992,189.0,22833.4849386596,9.20973948048
1242209031,7.2874632,3437.5929216,3469.394450004,3437.5929216,137.62310020459,3.0415992,189.0,22800.4383669535,9.14669014105
1242209034,7.286244,3437.5941408,3469.394450004,3437.5941408,137.67072740344,3.0415992,189.0,22800.4383669535,9.09951653457
1242209037,7.2859392,3437.5947504,3469.394450004,3437.5947504,137.72016897177,3.0415992,189.0,22800.4383669535,9.04962137387
1242209040,7.2853296,3437.5950552,3469.394450004,3437.5950552,137.84717483537,3.0415992,189.0,22800.4383669535,8.92261551027
1242209043,7.2841104,3437.5962744,3469.394450004,3437.5962744,137.9601193355,3.0415992,189.0,22800.4383669535,8.80967101014
1242209046,7.2835008,3437.5971888,3469.394450004,3437.5971888,137.82993832531,3.0415992,189.0,22826.0730745695,8.93985202033
1242209049,7.2819768,3437.598408,3469.394450004,3437.598408,137.94741874914,3.0415992,189.0,22826.0730745695,8.8223715965
1242209052,7.2810624,3437.599932,3469.394450004,3437.599932,138.14246346824,3.0415992,189.0,22826.0730745695,8.6273268774
1242209055,7.2798432,3437.6008464,3469.394450004,3437.6008464,137.67571691951,3.0415992,189.0,22826.0730745695,9.09407342613
1242209058,7.278624,3437.6017608,3469.394450004,3437.6017608,137.86259697595,3.0415992,190.0,22839.6626411943,8.90719336969
1242209061,7.2777096,3437.60298,3469.394450004,3437.60298,137.98098458452,3.0415992,190.0,22839.6626411943,8.78925935349
1242209064,7.2774048,3437.6035896,3469.394450004,3437.6035896,137.756002769,3.0415992,190.0,22839.6626411943,9.01378757664
1242209067,7.2767952,3437.6038944,3469.394450004,3437.6038944,137.51877395949,3.0415992,190.0,22839.6626411943,9.25101638615
1242209070,7.2752712,3437.6051136,3469.394450004,3437.6051136,137.83538143375,3.0415992,190.0,22839.6626411943,8.93440891189
1242209073,7.2743568,3437.606028,3469.394450004,3437.606028,137.63625438332,3.0415992,189.0,22802.2861619081,9.13353596232
1242209076,7.2734424,3437.6072472,3469.394450004,3437.6072472,137.67979925084,3.0415992,189.0,22802.2861619081,9.0899910948
1242209079,7.2728328,3437.6078568,3469.394450004,3437.6078568,137.63716156806,3.0415992,189.0,22802.2861619081,9.13262877758
1242209082,7.2719184,3437.6087712,3469.394450004,3437.6087712,137.78412549594,3.0415992,189.0,22802.2861619081,8.9856648497
1242209085,7.2706992,3437.6099904,3469.394450004,3437.6099904,137.75554917663,3.0415992,188.0,22801.9758978299,9.01424116901
1242209088,7.2697848,3437.6106,3469.394450004,3437.6106,137.84490687352,3.0415992,188.0,22801.9758978299,8.92488347212
1242209091,7.26948,3437.6109048,3469.394450004,3437.6109048,137.79274375097,3.0415992,188.0,22801.9758978299,8.97704659467
1242209094,7.2691752,3437.6112096,3469.394450004,3437.6112096,137.79773326704,3.0415992,188.0,22801.9758978299,8.9720570786
1242209097,7.267956,3437.6127336,3469.394450004,3437.6127336,138.00820012672,3.0415992,188.0,22801.9758978299,8.76204381129
1242209100,7.2676512,3437.6130384,3469.394450004,3437.6130384,137.87665833942,3.0415992,190.0,22665.1425445896,8.89313200622
1242209103,7.266432,3437.6142576,3469.394450004,3437.6142576,138.03541566892,3.0415992,190.0,22665.1425445896,8.73437467672
1242209127,7.255764,3437.6252304,3469.394450004,3437.6252304,137.88210144786,3.0415992,189.0,22797.0323568507,8.88768889778
1242209130,7.2548496,3437.62584,3469.394450004,3437.62584,138.09665063887,3.0415992,189.0,22797.0323568507,8.67313970677
1242209133,7.2539352,3437.6264496,3469.394450004,3437.6264496,137.98688128533,3.0415992,189.0,22797.0323568507,8.78290906031
1242209136,7.2521064,3437.6285832,3469.394450004,3437.6285832,137.84898920485,3.0415992,189.0,22797.0323568507,8.92080114079
1242209139,7.2502776,3437.6301072,3469.394450004,3437.6301072,137.80226919074,3.0415992,190.0,22824.838913014,8.9675211549
1242209142,7.2487536,3437.6316312,3469.394450004,3437.6316312,137.84127813456,3.0415992,190.0,22824.838913014,8.92851221108
1242209145,7.2475344,3437.6331552,3469.394450004,3437.6331552,137.80635152207,3.0415992,190.0,22824.838913014,8.96343882357
1242209148,7.2469248,3437.6337648,3469.394450004,3437.6337648,137.77006413247,3.0415992,190.0,22824.838913014,8.99972621317
1242209151,7.2463152,3437.6340696,3469.394450004,3437.6340696,137.69204624483,3.0415992,190.0,22824.838913014,9.07774410081
1242209154,7.2457056,3437.634984,3469.394450004,3437.634984,137.95422263469,3.0415992,189.0,22936.3409279591,8.81556771095
1242209157,7.2444864,3437.6358984,3469.394450004,3437.6358984,137.81179463051,3.0415992,189.0,22936.3409279591,8.95799571513
1242209160,7.2432672,3437.6374224,3469.394450004,3437.6374224,137.89208048,3.0415992,189.0,22936.3409279591,8.87770986564
1242209163,7.2423528,3437.6383368,3469.394450004,3437.6383368,137.83991735745,3.0415992,189.0,22936.3409279591,8.92987298819
1242209166,7.2411336,3437.6392512,3469.394450004,3437.6392512,137.90160591977,3.0415992,189.0,22834.4157308942,8.86818442587
1242209169,7.2399144,3437.6407752,3469.394450004,3437.6407752,137.87529756231,3.0415992,189.0,22834.4157308942,8.89449278333
1242209172,7.2383904,3437.6419944,3469.394450004,3437.6419944,138.04040518499,3.0415992,189.0,22834.4157308942,8.72983875302
1242209175,7.2371712,3437.6432136,3469.394450004,3437.6432136,137.87257600809,3.0415992,189.0,22834.4157308942,8.89721433755
1242209178,7.2362568,3437.644128,3469.394450004,3437.644128,137.7605386927,3.0415992,189.0,22834.4157308942,9.00925165294
1242209181,7.2347328,3437.645652,3469.394450004,3437.645652,138.09438267702,3.0415992,189.0,22764.6063133009,8.67540766862
1242209184,7.2341232,3437.6462616,3469.394450004,3437.6462616,137.94016127122,3.0415992,189.0,22764.6063133009,8.82962907442
1242209187,7.2332088,3437.6477856,3469.394450004,3437.6477856,138.10436170916,3.0415992,189.0,22764.6063133009,8.66542863648
1242209190,7.2316848,3437.6487,3469.394450004,3437.6487,138.07941412881,3.0415992,189.0,22764.6063133009,8.69037621683
1242209193,7.2316848,3437.6490048,3469.394450004,3437.6490048,137.90251310451,3.0415992,189.0,22794.8742978179,8.86727724113
1242209196,7.2310752,3437.6493096,3469.394450004,3437.6493096,137.73105518865,3.0415992,189.0,22794.8742978179,9.03873515699
1242209199,7.2304656,3437.650224,3469.394450004,3437.650224,137.82767036346,3.0415992,189.0,22794.8742978179,8.94211998218
1242209202,7.2292464,3437.6511384,3469.394450004,3437.6511384,137.85080357433,3.0415992,189.0,22794.8742978179,8.91898677131
1242209205,7.2277224,3437.6529672,3469.394450004,3437.6529672,137.7968260823,3.0415992,189.0,22794.8742978179,8.97296426334
1242209208,7.2274176,3437.653272,3469.394450004,3437.653272,137.77460005617,3.0415992,190.0,22768.0054286464,8.99519028947
1242209211,7.226808,3437.6538816,3469.394450004,3437.6538816,137.89117329526,3.0415992,190.0,22768.0054286464,8.87861705038
1242209214,7.2261984,3437.6544912,3469.394450004,3437.6544912,137.75554917663,3.0415992,190.0,22768.0054286464,9.01424116901
1242209217,7.225284,3437.6551008,3469.394450004,3437.6551008,137.9102241748,3.0415992,190.0,22768.0054286464,8.85956617084
1242209220,7.2243696,3437.6560152,3469.394450004,3437.6560152,137.87665833942,3.0415992,190.0,22711.7855776779,8.89313200622
1242209223,7.22376,3437.6572344,3469.394450004,3437.6572344,137.93834690174,3.0415992,190.0,22711.7855776779,8.8314434439
1242209235,7.2173592,3437.6633304,3469.394450004,3437.6633304,137.75827073085,3.0415992,191.0,22728.7742596483,9.01151961479
1242209238,7.2152256,3437.6657688,3469.394450004,3437.6657688,137.71608664044,3.0415992,191.0,22728.7742596483,9.0537037052
1242209241,7.2127872,3437.6679024,3469.394450004,3437.6679024,137.86622571491,3.0415992,191.0,22728.7742596483,8.90356463073
1242209244,7.211568,3437.6688168,3469.394450004,3437.6688168,137.51514522053,3.0415992,191.0,22728.7742596483,9.25464512511
1242209247,7.2097392,3437.6706456,3469.394450004,3437.6706456,137.57501941337,3.0415992,189.0,22764.6063133009,9.19477093227
1242209250,7.2082152,3437.6724744,3469.394450004,3437.6724744,137.54099998562,3.0415992,189.0,22764.6063133009,9.22879036002
1242209253,7.2066912,3437.6736936,3469.394450004,3437.6736936,137.81542336947,3.0415992,189.0,22764.6063133009,8.95436697617
1242209256,7.2057768,3437.6749128,3469.394450004,3437.6749128,137.83583502612,3.0415992,189.0,22764.6063133009,8.93395531952
1242209259,7.2051672,3437.6755224,3469.394450004,3437.6755224,137.55687571857,3.0415992,189.0,22764.6063133009,9.21291462707
1242209262,7.203948,3437.6767416,3469.394450004,3437.6767416,137.85533949803,3.0415992,190.0,22725.0648802246,8.91445084761
1242209265,7.2030336,3437.677656,3469.394450004,3437.677656,137.84898920485,3.0415992,190.0,22725.0648802246,8.92080114079
1242209268,7.202424,3437.6782656,3469.394450004,3437.6782656,137.59679184713,3.0415992,190.0,22725.0648802246,9.17299849851
1242209271,7.2018144,3437.6788752,3469.394450004,3437.6788752,137.61448194956,3.0415992,190.0,22725.0648802246,9.15530839608
1242209274,7.2002904,3437.6803992,3469.394450004,3437.6803992,137.73105518865,3.0415992,188.0,22852.0180462637,9.03873515699
1242209277,7.199376,3437.6810088,3469.394450004,3437.6810088,137.70383964645,3.0415992,188.0,22852.0180462637,9.06595069919
1242209280,7.197852,3437.6828376,3469.394450004,3437.6828376,137.53691765429,3.0415992,188.0,22852.0180462637,9.23287269135
1242209283,7.1972424,3437.6831424,3469.394450004,3437.6831424,138.0054785725,3.0415992,188.0,22852.0180462637,8.76431177314
1242209286,7.196328,3437.6843616,3469.394450004,3437.6843616,137.92746068486,3.0415992,188.0,22852.0180462637,8.84232966078
1242209289,7.1944992,3437.6861904,3469.394450004,3437.6861904,137.77233209432,3.0415992,190.0,22843.0548617826,8.99745825132
1242209292,7.1929752,3437.6877144,3469.394450004,3437.6877144,137.81134103814,1.9525488,190.0,22843.0548617826,8.9584493075
1242209295,7.1911464,3437.6892384,3469.394450004,3437.6892384,137.8784727089,1.9525488,190.0,22843.0548617826,8.89131763674
1242209298,7.1899272,3437.6907624,3469.394450004,3437.6907624,137.6970357609,1.9525488,190.0,22843.0548617826,9.07275458474
1242209301,7.188708,3437.6916768,3469.394450004,3437.6916768,137.61221398771,1.9525488,190.0,22802.5964259863,9.15757635793
1242209304,7.187184,3437.6932008,3469.394450004,3437.6932008,137.85397872092,1.9525488,190.0,22802.5964259863,8.91581162472
1242209307,7.1853552,3437.6953344,3469.394450004,3437.6953344,137.8376493956,1.9525488,190.0,22802.5964259863,8.93214095004
1242209310,7.1832216,3437.697468,3469.394450004,3437.697468,137.73060159628,1.9525488,190.0,22802.5964259863,9.03918874936
1242209313,7.1813928,3437.698992,3469.394450004,3437.698992,137.77550724091,1.9525488,190.0,22802.5964259863,8.99428310473
1242209316,7.179564,3437.7011256,3469.394450004,3437.7011256,138.00683934961,1.9525488,189.0,22819.8953720348,8.76295099603
1242209319,7.1777352,3437.7029544,3469.394450004,3437.7029544,137.72016897177,1.9525488,189.0,22819.8953720348,9.04962137387
1242209322,7.176516,3437.7041736,3469.394450004,3437.7041736,137.67843847373,1.9525488,189.0,22819.8953720348,9.09135187191
1242209325,7.1752968,3437.7053928,3469.394450004,3437.7053928,137.78049675698,1.9525488,189.0,22819.8953720348,8.98929358866
1242209328,7.1746872,3437.7060024,3469.394450004,3437.7060024,138.03541566892,1.9525488,190.0,22824.8320182567,8.73437467672
1242209331,7.1731632,3437.7072216,3469.394450004,3437.7072216,138.05582732557,1.9525488,190.0,22824.8320182567,8.71396302007
1242209334,7.171944,3437.7084408,3469.394450004,3437.7084408,138.0463018858,1.9525488,190.0,22824.8320182567,8.72394205221
1242209337,7.1707248,3437.7099648,3469.394450004,3437.7099648,137.71880819466,1.9525488,190.0,22824.8320182567,9.05098215098
1242209340,7.168896,3437.7117936,3469.394450004,3437.7117936,137.98098458452,1.9525488,190.0,22824.8320182567,8.78880576112
1242209343,7.1679816,3437.712708,3469.394450004,3437.712708,138.04040518499,1.9525488,189.0,22668.8519240134,8.72938516065
1242209367,7.1548752,3437.7258144,3469.394450004,3437.7258144,138.10164015494,1.9525488,190.0,22611.0945421685,8.6681501907
1242209370,7.1539608,3437.7267288,3469.394450004,3437.7267288,138.29895283589,1.9525488,189.0,22705.2976110651,8.47083750975
1242209373,7.1527416,3437.7282528,3469.394450004,3437.7282528,138.04131236973,1.9525488,189.0,22705.2976110651,8.72847797591
1242209376,7.1509128,3437.729472,3469.394450004,3437.729472,138.254954376,1.9525488,189.0,22705.2976110651,8.51483596964
1242209379,7.1496936,3437.730996,3469.394450004,3437.730996,138.22002776351,1.9525488,189.0,22705.2976110651,8.54976258213
1242209382,7.1484744,3437.7322152,3469.394450004,3437.7322152,138.15652483171,1.9525488,189.0,22639.1975728955,8.61326551393
1242209385,7.14756,3437.7331296,3469.394450004,3437.7331296,138.25858311496,1.9525488,189.0,22639.1975728955,8.51120723068
1242209388,7.1466456,3437.7337392,3469.394450004,3437.7337392,138.13747395217,1.9525488,189.0,22639.1975728955,8.63231639347
1242209391,7.1448168,3437.7358728,3469.394450004,3437.7358728,138.22229572536,1.9525488,189.0,22639.1975728955,8.54749462028
1242209394,7.142988,3437.7377016,3469.394450004,3437.7377016,138.26085107681,1.9525488,189.0,22639.1975728955,8.50893926883
1242209397,7.1411592,3437.7392256,3469.394450004,3437.7392256,138.26901573947,1.9525488,189.0,22784.9941106168,8.50122819854
1242209400,7.1396352,3437.7413592,3469.394450004,3437.7413592,138.36699169139,1.9525488,189.0,22784.9941106168,8.40279865425
1242209403,7.1375016,3437.743188,3469.394450004,3437.743188,138.16967901044,1.9525488,189.0,22784.9941106168,8.6001113352
1242209406,7.1350632,3437.7456264,3469.394450004,3437.7456264,138.1959873679,1.9525488,189.0,22784.9941106168,8.57380297774
1242209409,7.13232,3437.7486744,3469.394450004,3437.7486744,137.9646552592,1.9525488,189.0,22749.7756903633,8.80513508644
1242209412,7.1298816,3437.750808,3469.394450004,3437.750808,138.09801141598,1.9525488,189.0,22749.7756903633,8.67177892966
1242209415,7.1271384,3437.7535512,3469.394450004,3437.7535512,138.11615511078,1.9525488,189.0,22749.7756903633,8.65363523486
1242209418,7.1247,3437.7559896,3469.394450004,3437.7559896,138.28715943427,1.9525488,189.0,22749.7756903633,8.48263091137
1242209421,7.1219568,3437.7587328,3469.394450004,3437.7587328,138.51259484216,1.9525488,189.0,22749.7756903633,8.25719550348
1242209424,7.1198232,3437.7608664,3469.394450004,3437.7608664,138.2957776893,1.9525488,189.0,22906.3832075203,8.47401265634
1242209427,7.1173848,3437.7633048,3469.394450004,3437.7633048,138.2458825286,1.9525488,189.0,22906.3832075203,8.52390781704
1242209430,7.1158608,3437.764524,3469.394450004,3437.764524,138.36472372954,1.9525488,189.0,22906.3832075203,8.4050666161
1242209433,7.1143368,3437.7663528,3469.394450004,3437.7663528,138.23771786594,1.9525488,189.0,22906.3832075203,8.5320724797
1242209436,7.1118984,3437.7687912,3469.394450004,3437.7687912,138.37651713116,1.9525488,189.0,22795.1776671388,8.39372680685
1242209439,7.1100696,3437.77062,3469.394450004,3437.77062,138.39602160307,1.9525488,189.0,22795.1776671388,8.37376874257
1242209442,7.1076312,3437.7730584,3469.394450004,3437.7730584,138.4454631714,1.9525488,189.0,22795.1776671388,8.32478076661
1242209445,7.1054976,3437.775192,3469.394450004,3437.775192,138.55750048679,1.9525488,189.0,22795.1776671388,8.21228985885
1242209448,7.1024496,3437.7785448,3469.394450004,3437.7785448,138.58426243662,1.9525488,189.0,22795.1776671388,8.18552790902
1242209451,7.0997064,3437.781288,3469.394450004,3437.781288,138.79699725815,1.9525488,190.0,22860.6640719093,7.97279308749
1242209454,7.0969632,3437.7837264,3469.394450004,3437.7837264,138.59560224587,1.9525488,190.0,22860.6640719093,8.17418809977
1242209457,7.0930008,3437.7876888,3469.394450004,3437.7876888,138.86639689076,1.9525488,190.0,22860.6640719093,7.90339345488
1242209460,7.0902576,3437.790432,3469.394450004,3437.790432,138.7176185934,1.9525488,190.0,22860.6640719093,8.05217175224
1242209463,7.0869048,3437.7940896,3469.394450004,3437.7940896,139.03467966003,1.9525488,190.0,22559.8113374219,7.73511068561
1242209478,7.0737984,3437.8068912,3469.394450004,3437.8068912,138.91992079042,1.9525488,190.0,22691.7080444402,7.84986955522
1242209481,7.0710552,3437.8093296,3469.394450004,3437.8093296,138.8673040755,1.9525488,190.0,22691.7080444402,7.90248627014
1242209484,7.0680072,3437.8126824,3469.394450004,3437.8126824,138.86186096706,1.9525488,190.0,22691.7080444402,7.90792937858
1242209487,7.0649592,3437.8157304,3469.394450004,3437.8157304,138.80561551318,1.9525488,190.0,22691.7080444402,7.96417483246
1242209490,7.0625208,3437.8184736,3469.394450004,3437.8184736,138.58335525188,1.9525488,188.0,22690.7841469629,8.18643509376
1242209493,7.0594728,3437.8212168,3469.394450004,3437.8212168,138.52756339037,1.9525488,188.0,22690.7841469629,8.24222695527
1242209496,7.0570344,3437.8236552,3469.394450004,3437.8236552,138.37016683798,1.9525488,188.0,22690.7841469629,8.39962350766
1242209499,7.0536816,3437.8267032,3469.394450004,3437.8267032,138.53708883014,1.9525488,188.0,22690.7841469629,8.2327015155
1242209502,7.051548,3437.8291416,3469.394450004,3437.8291416,138.69267101305,1.9525488,188.0,22690.7841469629,8.07711933259
1242209505,7.0485,3437.8327992,3469.394450004,3437.8327992,138.71262907733,1.9525488,190.0,22599.6630345764,8.05716126831
1242209508,7.0451472,3437.8355424,3469.394450004,3437.8355424,138.617828272,1.9525488,190.0,22599.6630345764,8.15196207364
1242209511,7.042404,3437.8382856,3469.394450004,3437.8382856,138.67452731825,1.9525488,190.0,22599.6630345764,8.09526302739
1242209514,7.0399656,3437.840724,3469.394450004,3437.840724,138.22501727958,1.6998696,190.0,22599.6630345764,8.54477306606
1242209517,7.0366128,3437.8440768,3469.394450004,3437.8440768,138.33977614919,1.6998696,191.0,22665.1425445896,8.43001419645
1242209520,7.0341744,3437.8462104,3469.394450004,3437.8462104,138.68677431224,1.6998696,191.0,22665.1425445896,8.0830160334
1242209523,7.0320408,3437.8486488,3469.394450004,3437.8486488,138.41734044446,1.6998696,191.0,22665.1425445896,8.35244990118
1242209526,7.0296024,3437.8510872,3469.394450004,3437.8510872,138.46950356701,1.6998696,191.0,22665.1425445896,8.30028677863
1242209529,7.0262496,3437.85444,3469.394450004,3437.85444,138.74710209745,1.6998696,191.0,22665.1425445896,8.02268824819
1242209532,7.024116,3437.8565736,3469.394450004,3437.8565736,138.79971881237,1.6998696,191.0,22730.0084212038,7.97007153327
1242209535,7.0213728,3437.8593168,3469.394450004,3437.8593168,138.85641785862,1.6998696,191.0,22730.0084212038,7.91382607939
1242209538,7.0186296,3437.8617552,3469.394450004,3437.8617552,138.83328464775,1.6998696,191.0,22730.0084212038,7.93650569789
1242209541,7.016496,3437.8641936,3469.394450004,3437.8641936,138.80742988266,1.6998696,191.0,22730.0084212038,7.96236046298
1242209544,7.014972,3437.8657176,3469.394450004,3437.8657176,138.65139410738,1.6998696,189.0,22822.3636951458,8.11839623826
1242209547,7.0128384,3437.8678512,3469.394450004,3437.8678512,138.54117116147,1.6998696,189.0,22822.3636951458,8.22861918417
1242209550,7.0100952,3437.8705944,3469.394450004,3437.8705944,138.55296456309,1.6998696,189.0,22822.3636951458,8.21682578255
1242209553,7.0085712,3437.8718136,3469.394450004,3437.8718136,138.49581192447,1.6998696,189.0,22822.3636951458,8.27397842117
1242209556,7.005828,3437.8745568,3469.394450004,3437.8745568,138.65774440056,1.6998696,189.0,22822.3636951458,8.11204594508
1242209559,7.004304,3437.8760808,3469.394450004,3437.8760808,138.52983135222,1.6998696,189.0,22766.7643723337,8.23995899342
1242209562,7.0033896,3437.8776048,3469.394450004,3437.8776048,138.59469506113,1.6998696,189.0,22766.7643723337,8.17509528451
1242209565,7.0018656,3437.878824,3469.394450004,3437.878824,138.56657233419,1.6998696,189.0,22766.7643723337,8.20321801145
1242209568,6.999732,3437.8809576,3469.394450004,3437.8809576,138.67362013351,1.6998696,189.0,22766.7643723337,8.09617021213
1242209571,6.998208,3437.8827864,3469.394450004,3437.8827864,138.59605583824,1.6998696,190.0,22740.2057672404,8.1737345074
1242209574,6.9969888,3437.8837008,3469.394450004,3437.8837008,138.70038208334,1.6998696,190.0,22740.2057672404,8.0694082623
1242209577,6.9948552,3437.8855296,3469.394450004,3437.8855296,138.43004103082,1.6998696,190.0,22740.2057672404,8.33974931482
1242209580,6.993636,3437.8867488,3469.394450004,3437.8867488,138.64867255316,1.6998696,190.0,22740.2057672404,8.12111779248
1242209583,6.9918072,3437.8885776,3469.394450004,3437.8885776,138.49127600077,1.6998696,190.0,22740.2057672404,8.27851434487
1242209586,6.9908928,3437.889492,3469.394450004,3437.889492,138.59741661535,1.6998696,189.0,22725.3751443028,8.17237373029
1242209613,6.9777864,3437.9029032,3469.394450004,3437.9029032,138.39965034203,1.6998696,189.0,22704.683977666,8.37014000361
1242209616,6.9762624,3437.9041224,3469.394450004,3437.9041224,138.21231669322,1.6998696,189.0,22704.683977666,8.55747365242
1242209619,6.975348,3437.9053416,3469.394450004,3437.9053416,138.40146471151,1.6998696,189.0,22704.683977666,8.36832563413
1242209622,6.973824,3437.9068656,3469.394450004,3437.9068656,138.43457695452,1.6998696,189.0,22704.683977666,8.33521339112
1242209625,6.9729096,3437.90778,3469.394450004,3437.90778,138.31664293832,1.6998696,190.0,22688.6191931729,8.45314740732
1242209628,6.9713856,3437.9089992,3469.394450004,3437.9089992,138.27672680976,1.6998696,190.0,22688.6191931729,8.49306353588
1242209631,6.9698616,3437.910828,3469.394450004,3437.910828,138.29759205878,1.6998696,190.0,22688.6191931729,8.47219828686
1242209634,6.969252,3437.9114376,3469.394450004,3437.9114376,138.33025070942,1.6998696,190.0,22688.6191931729,8.43953963622
1242209637,6.9683376,3437.9120472,3469.394450004,3437.9120472,138.32163245439,1.6998696,190.0,22688.6191931729,8.44815789125
1242209640,6.9674232,3437.9132664,3469.394450004,3437.9132664,138.49172959314,1.6998696,188.0,22637.6531472618,8.2780607525
1242209643,6.9668136,3437.9135712,3469.394450004,3437.9135712,138.55795407916,1.6998696,188.0,22637.6531472618,8.21183626648
1242209646,6.966204,3437.9141808,3469.394450004,3437.9141808,138.49581192447,1.6998696,188.0,22637.6531472618,8.27397842117
1242209649,6.9655944,3437.9150952,3469.394450004,3437.9150952,138.5044301795,1.6998696,188.0,22637.6531472618,8.26536016614
1242209652,6.9643752,3437.9163144,3469.394450004,3437.9163144,138.52121309719,1.6998696,189.0,22569.0847859812,8.24857724845
1242209655,6.9622416,3437.9187528,3469.394450004,3437.9187528,138.40736141232,1.6998696,189.0,22569.0847859812,8.36242893332
1242209658,6.9598032,3437.9211912,3469.394450004,3437.9211912,138.46587482805,1.6998696,189.0,22569.0847859812,8.30391551759
1242209661,6.9582792,3437.9224104,3469.394450004,3437.9224104,138.50715173372,1.6998696,189.0,22569.0847859812,8.26263861192
1242209664,6.9567552,3437.9236296,3469.394450004,3437.9236296,138.37969227775,1.6998696,189.0,22569.0847859812,8.39009806789
1242209667,6.9549264,3437.9257632,3469.394450004,3437.9257632,138.63461118969,1.6998696,189.0,22790.8615490733,8.13517915595
1242209670,6.9537072,3437.9266776,3469.394450004,3437.9266776,138.37787790827,1.6998696,189.0,22790.8615490733,8.39191243737
1242209673,6.9534024,3437.9269824,3469.394450004,3437.9269824,138.56929388841,1.6998696,189.0,22790.8615490733,8.20049645723
1242209676,6.9527928,3437.9278968,3469.394450004,3437.9278968,138.56838670367,1.6998696,189.0,22790.8615490733,8.20140364197
1242209679,6.9518784,3437.9288112,3469.394450004,3437.9288112,138.32480760098,1.6998696,189.0,22658.0409445777,8.44498274466
1242209682,6.9515736,3437.929116,3469.394450004,3437.929116,138.73349432635,1.6998696,189.0,22658.0409445777,8.03629601929
1242209685,6.94944,3437.9312496,3469.394450004,3437.9312496,138.708546746,1.6998696,189.0,22658.0409445777,8.06124359964
1242209688,6.947916,3437.9327736,3469.394450004,3437.9327736,138.79336851919,1.6998696,189.0,22658.0409445777,7.97642182645
1242209691,6.946392,3437.9342976,3469.394450004,3437.9342976,138.61238516356,1.6998696,189.0,22658.0409445777,8.15740518208
1242209694,6.9439536,3437.9364312,3469.394450004,3437.9364312,138.78883259549,1.6998696,190.0,22870.2408897895,7.98095775015
1242209697,6.9421248,3437.93826,3469.394450004,3437.93826,138.78157511757,1.6998696,190.0,22870.2408897895,7.98866882044
1242209700,6.9406008,3437.9400888,3469.394450004,3437.9400888,138.71036111548,1.6998696,190.0,22870.2408897895,8.05942923016
1242209703,6.9393816,3437.9410032,3469.394450004,3437.9410032,138.59424146876,1.6998696,190.0,22870.2408897895,8.17554887688
1242209706,6.9381624,3437.942832,3469.394450004,3437.942832,138.57972651292,1.6998696,190.0,22690.1636188066,8.19006383272
1242209718,6.9317616,3437.9486232,3469.394450004,3437.9486232,138.50170862528,1.6998696,190.0,22690.1636188066,8.26808172036
1242209721,6.929628,3437.9510616,3469.394450004,3437.9510616,138.19417299842,1.6998696,189.0,22847.0745052845,8.57561734722
1242209724,6.928104,3437.9525856,3469.394450004,3437.9525856,138.56611874182,1.6998696,189.0,22847.0745052845,8.20367160382
1242209727,6.9253608,3437.9553288,3469.394450004,3437.9553288,138.53844960725,1.6998696,189.0,22847.0745052845,8.23134073839
1242209730,6.9229224,3437.958072,3469.394450004,3437.958072,138.68632071987,1.6998696,189.0,22847.0745052845,8.08346962577
1242209733,6.920484,3437.9602056,3469.394450004,3437.9602056,138.48719366944,1.6998696,190.0,22706.2215085423,8.2825966762
1242209736,6.9186552,3437.9617296,3469.394450004,3437.9617296,138.73077277213,1.6998696,190.0,22706.2215085423,8.03901757351
1242209739,6.9162168,3437.964168,3469.394450004,3437.964168,138.41960840631,1.6998696,190.0,22706.2215085423,8.35018193933
1242209742,6.9153024,3437.9653872,3469.394450004,3437.9653872,138.54389271569,1.6998696,190.0,22706.2215085423,8.22589762995
1242209745,6.9134736,3437.967216,3469.394450004,3437.967216,138.56294359523,1.6998696,190.0,22706.2215085423,8.20684675041
1242209748,6.9119496,3437.96874,3469.394450004,3437.96874,138.57519058922,1.6998696,189.0,22771.3976492347,8.19459975642
1242209751,6.9104256,3437.9705688,3469.394450004,3437.9705688,138.62508574992,1.6998696,189.0,22771.3976492347,8.14470459572
1242209754,6.908292,3437.9727024,3469.394450004,3437.9727024,138.38558897856,1.6998696,189.0,22771.3976492347,8.38420136708
1242209757,6.9058536,3437.9745312,3469.394450004,3437.9745312,138.70900033837,1.6998696,189.0,22771.3976492347,8.06079000727
1242209760,6.9040248,3437.97636,3469.394450004,3437.97636,138.68904227409,1.6998696,190.0,22570.9325809358,8.08074807155
1242209763,6.9025008,3437.9781888,3469.394450004,3437.9781888,138.55523252494,1.6998696,190.0,22570.9325809358,8.2145578207
1242209766,6.8997576,3437.980932,3469.394450004,3437.980932,138.79790444289,1.6998696,190.0,22570.9325809358,7.97188590275
1242209769,6.897624,3437.9833704,3469.394450004,3437.9833704,138.84961397307,1.6998696,190.0,22570.9325809358,7.92017637257
1242209772,6.8951856,3437.9851992,3469.394450004,3437.9851992,138.91402408961,1.6998696,190.0,22570.9325809358,7.85576625603
1242209775,6.8927472,3437.9879424,3469.394450004,3437.9879424,138.95666177239,1.6998696,189.0,22570.9325809358,7.81312857325
1242209778,6.8909184,3437.9894664,3469.394450004,3437.9894664,138.81922328428,1.6998696,189.0,22570.9325809358,7.95056706136
1242209781,6.8893944,3437.9912952,3469.394450004,3437.9912952,138.88363340082,1.6998696,189.0,22570.9325809358,7.88615694482
1242209784,6.8872608,3437.9934288,3469.394450004,3437.9934288,138.91901360568,2.23266,189.0,22570.9325809358,7.85077673996
1242209787,6.8851272,3437.9958672,3469.394450004,3437.9958672,139.05645209379,2.23266,190.0,22639.1975728955,7.71333825185
1242209790,6.8820792,3437.9986104,3469.394450004,3437.9986104,138.94622914788,2.23266,190.0,22639.1975728955,7.82356119776
1242209793,6.8796408,3438.0010488,3469.394450004,3438.0010488,139.17347892525,2.23266,190.0,22639.1975728955,7.59631142039
1242209796,6.8765928,3438.0040968,3469.394450004,3438.0040968,139.00156741702,2.23266,190.0,22639.1975728955,7.76822292862
1242209799,6.8735448,3438.0071448,3469.394450004,3438.0071448,138.9897740154,2.23266,190.0,22639.1975728955,7.78001633024
1242209802,6.8708016,3438.009888,3469.394450004,3438.009888,139.12040861796,2.23266,189.0,22669.1621880916,7.64938172768
1242209805,6.8674488,3438.0132408,3469.394450004,3438.0132408,139.21883816225,2.23266,189.0,22669.1621880916,7.55095218339
1242209808,6.8653152,3438.0156792,3469.394450004,3438.0156792,139.09682181472,2.23266,189.0,22669.1621880916,7.67296853092
1242209811,6.862572,3438.0184224,3469.394450004,3438.0184224,139.28551624064,2.23266,189.0,22669.1621880916,7.484274105
1242209814,6.8604384,3438.0202512,3469.394450004,3438.0202512,139.18255077265,2.23266,189.0,22754.4089672643,7.58723957299
1242209817,6.8583048,3438.0223848,3469.394450004,3438.0223848,139.4841896987,2.23266,189.0,22754.4089672643,7.28560064694
1242209820,6.8558664,3438.0245184,3469.394450004,3438.0245184,139.31363896758,2.23266,189.0,22754.4089672643,7.45615137806
1242209823,6.8531232,3438.0278712,3469.394450004,3438.0278712,139.49416873084,2.23266,189.0,22754.4089672643,7.2756216148
1242209826,6.8494656,3438.031224,3469.394450004,3438.031224,139.39755355603,2.23266,189.0,22754.4089672643,7.37223678961
1242209829,6.8461128,3438.0345768,3469.394450004,3438.0345768,139.36444131302,2.23266,190.0,22784.3735824604,7.40534903262
1242209832,6.84276,3438.0379296,3469.394450004,3438.0379296,139.19888009797,2.23266,190.0,22784.3735824604,7.57091024767
1242209835,6.8394072,3438.0412824,3469.394450004,3438.0412824,139.34448324874,2.23266,190.0,22784.3735824604,7.4253070969
1242209838,6.836664,3438.0440256,3469.394450004,3438.0440256,139.23788904179,2.23266,190.0,22784.3735824604,7.53190130385
1242209841,6.8339208,3438.0470736,3469.394450004,3438.0470736,139.3934712247,2.23266,190.0,22778.8164080821,7.37631912094
1242209844,6.8308728,3438.049512,3469.394450004,3438.049512,139.37305956805,2.23266,190.0,22778.8164080821,7.39673077759
1242209847,6.8272152,3438.0534744,3469.394450004,3438.0534744,139.46332444968,2.23266,190.0,22778.8164080821,7.30646589596
1242209850,6.8241672,3438.0565224,3469.394450004,3438.0565224,139.48736484529,2.23266,190.0,22778.8164080821,7.28242550035
1242209853,6.8211192,3438.0595704,3469.394450004,3438.0595704,139.41297569661,2.23266,190.0,22778.8164080821,7.35681464903
1242209856,6.8177664,3438.0629232,3469.394450004,3438.0629232,139.35083354192,2.23266,189.0,22764.6063133009,7.41895680372
1242209859,6.8147184,3438.0659712,3469.394450004,3438.0659712,139.49961183928,2.23266,189.0,22764.6063133009,7.27017850636
1242209862,6.8116704,3438.069324,3469.394450004,3438.069324,139.21883816225,2.23266,189.0,22764.6063133009,7.55095218339
1242209865,6.8089272,3438.0720672,3469.394450004,3438.0720672,139.29005216434,2.23266,189.0,22764.6063133009,7.4797381813
1242209868,6.8058792,3438.0751152,3469.394450004,3438.0751152,139.53816719073,2.23266,189.0,22715.4880623444,7.23162315491
1242209871,6.8028312,3438.0781632,3469.394450004,3438.0781632,139.57672254218,2.23266,189.0,22715.4880623444,7.19306780346
1242209874,6.7991736,3438.081516,3469.394450004,3438.081516,139.6111955623,2.23266,189.0,22715.4880623444,7.15859478334
1242209877,6.7949064,3438.086088,3469.394450004,3438.086088,139.65927635352,2.23266,189.0,22715.4880623444,7.11051399212
1242209880,6.7912488,3438.089136,3469.394450004,3438.089136,139.63977188161,2.23266,189.0,22715.4880623444,7.13001846403
1242209883,6.7872864,3438.093708,3469.394450004,3438.093708,139.70962510659,2.23266,190.0,22746.0663109396,7.06016523905
1242209886,6.7842384,3438.096756,3469.394450004,3438.096756,139.65292606034,2.23266,190.0,22746.0663109396,7.1168642853
1242209889,6.780276,3438.1007184,3469.394450004,3438.1007184,139.79988998822,2.23266,190.0,22746.0663109396,6.96990035742
1242209892,6.7766184,3438.1040712,3469.394450004,3438.1040712,139.76269541388,2.23266,190.0,22746.0663109396,7.00709493176
1242209895,6.772656,3438.1083384,3469.394450004,3438.1083384,139.661090723,2.23266,189.0,22779.119777403,7.10869962264
1242209898,6.7689984,3438.111996,3469.394450004,3438.111996,139.75090201226,2.23266,189.0,22779.119777403,7.01888833338
1242209901,6.765036,3438.1156536,3469.394450004,3438.1156536,139.55086777709,2.23266,189.0,22779.119777403,7.21892256855
1242209904,6.7610736,3438.119616,3469.394450004,3438.119616,139.47874659026,2.23266,189.0,22779.119777403,7.29104375538
1242209907,6.757416,3438.1235784,3469.394450004,3438.1235784,139.75952026729,2.23266,189.0,22779.119777403,7.01027007835
1242209910,6.7534536,3438.1269312,3469.394450004,3438.1269312,139.52592019674,2.23266,189.0,22623.7533165588,7.2438701489
1242209913,6.7494912,3438.1315032,3469.394450004,3438.1315032,139.73230472509,2.23266,189.0,22623.7533165588,7.03748562055
1242209916,6.7458336,3438.1354656,3469.394450004,3438.1354656,139.64975091375,2.23266,189.0,22623.7533165588,7.12003943189
1242209919,6.7415664,3438.1391232,3469.394450004,3438.1391232,139.61936022496,2.23266,189.0,22623.7533165588,7.15043012068
1242209922,6.7372992,3438.1436952,3469.394450004,3438.1436952,139.95002906269,2.23266,189.0,22542.8295502088,6.81976128295
1242209925,6.7327272,3438.1482672,3469.394450004,3438.1482672,139.85069233366,2.676144,189.0,22542.8295502088,6.91909801198
1242209928,6.7281552,3438.1528392,3469.394450004,3438.1528392,139.95411139402,2.676144,189.0,22542.8295502088,6.81567895162
1242209931,6.7235832,3438.1571064,3469.394450004,3438.1571064,139.9423179924,2.676144,189.0,22542.8295502088,6.82747235324
1242209934,6.719316,3438.1613736,3469.394450004,3438.1613736,139.88153661482,2.676144,189.0,22542.8295502088,6.88825373082
1242209937,6.7156584,3438.165336,3469.394450004,3438.165336,140.19406175775,2.676144,189.0,22696.6515854194,6.57618218026
1242209940,6.7120008,3438.1689936,3469.394450004,3438.1689936,140.34465442459,2.676144,189.0,22696.6515854194,6.42513592105
1242209943,6.7074288,3438.1735656,3469.394450004,3438.1735656,140.28341945464,2.676144,189.0,22696.6515854194,6.486370891
1242209946,6.702552,3438.1781376,3469.394450004,3438.1781376,140.51565874808,2.676144,189.0,22696.6515854194,6.25413159756
1242209964,6.6717672,3438.2092272,3469.394450004,3438.2092272,140.96516878675,2.676144,190.0,22908.8515306313,5.80462155889
1242209967,6.6665856,3438.214104,3469.394450004,3438.214104,141.01506394745,2.676144,190.0,22908.8515306313,5.75472639819
1242209970,6.661404,3438.2195904,3469.394450004,3438.2195904,141.50312933757,2.676144,190.0,22908.8515306313,5.26666100807
1242209973,6.655308,3438.2259912,3469.394450004,3438.2259912,141.37022677316,2.676144,190.0,22908.8515306313,5.39956357248
1242209976,6.6495168,3438.2314776,3469.394450004,3438.2314776,141.4890679741,2.676144,189.0,22704.9942417442,5.28072237154
1242209979,6.6434208,3438.2375736,3469.394450004,3438.2375736,141.43327611259,2.676144,189.0,22704.9942417442,5.33651423305
1242209982,6.6376296,3438.2433648,3469.394450004,3438.2433648,141.43962640577,2.676144,189.0,22704.9942417442,5.33016393987
1242209985,6.6315336,3438.2494608,3469.394450004,3438.2494608,141.54440624324,2.676144,189.0,22704.9942417442,5.22583769477
1242209988,6.6254376,3438.2555568,3469.394450004,3438.2555568,141.71178182777,2.676144,189.0,22704.9942417442,5.05800851787
1242209991,6.6196464,3438.261348,3469.394450004,3438.261348,141.75623388003,2.676144,190.0,22826.9969720468,5.01355646561
1242209994,6.6135504,3438.2671392,3469.394450004,3438.2671392,141.82835506686,2.676144,190.0,22826.9969720468,4.94143527878
1242209997,6.6077592,3438.2732352,3469.394450004,3438.2732352,142.08236679406,2.676144,190.0,22826.9969720468,4.68742355158
1242210000,6.601968,3438.2790264,3469.394450004,3438.2790264,142.24339208541,2.676144,190.0,22826.9969720468,4.52639826023
1242210003,6.595872,3438.2854272,3469.394450004,3438.2854272,142.12046855314,2.676144,189.0,22709.9308879661,4.6493217925
1242210006,6.589776,3438.2912184,3469.394450004,3438.2912184,142.12817962343,2.676144,189.0,22709.9308879661,4.64161072221
1242210009,6.5839848,3438.2970096,3469.394450004,3438.2970096,142.23386664564,2.676144,189.0,22709.9308879661,4.5359237
1242210012,6.5778888,3438.3031056,3469.394450004,3438.3031056,142.21526935847,4.8304704,189.0,22709.9308879661,4.55452098717
1242210015,6.5720976,3438.3088968,3469.394450004,3438.3088968,142.34091444496,4.8304704,189.0,22709.9308879661,4.42887590068
1242210018,6.5660016,3438.3149928,3469.394450004,3438.3149928,142.33138900519,4.8304704,191.0,22722.2862930354,4.43840134045
1242210021,6.5599056,3438.3210888,3469.394450004,3438.3210888,142.564081891,4.8304704,191.0,22722.2862930354,4.20570845464
1242210024,6.5541144,3438.32688,3469.394450004,3438.32688,142.28330821397,4.8304704,191.0,22722.2862930354,4.48648213167
1242210027,6.5483232,3438.332976,3469.394450004,3438.332976,142.62486326858,4.8304704,191.0,22722.2862930354,4.14492707706
1242210030,6.5422272,3438.3387672,3469.394450004,3438.3387672,142.66341862003,4.8304704,190.0,22739.585239084,4.10637172561
1242210033,6.5361312,3438.3445584,3469.394450004,3438.3445584,142.54230945724,4.8304704,190.0,22739.585239084,4.2274808884
1242210036,6.53034,3438.3509592,3469.394450004,3438.3509592,142.70424193333,4.8304704,190.0,22739.585239084,4.06554841231
1242210039,6.524244,3438.3564456,3469.394450004,3438.3564456,142.74733320848,4.8304704,190.0,22739.585239084,4.02245713716
1242210042,6.5184528,3438.3625416,3469.394450004,3438.3625416,142.73916854582,4.8304704,190.0,22739.585239084,4.03062179982
1242210045,6.5126616,3438.3683328,3469.394450004,3438.3683328,142.81401128687,4.8304704,190.0,22623.4430524806,3.95577905877
1242210048,6.5065656,3438.3744288,3469.394450004,3438.3744288,142.90790490746,4.8304704,190.0,22623.4430524806,3.86188543818
1242210051,6.5004696,3438.3805248,3469.394450004,3438.3805248,142.75958020247,4.8304704,190.0,22623.4430524806,4.01021014317
1242210054,6.4946784,3438.386316,3469.394450004,3438.386316,142.86572081705,4.8304704,190.0,22623.4430524806,3.90452312096
1242210057,6.4885824,3438.3921072,3469.394450004,3438.3921072,142.84394838329,4.8304704,189.0,22582.977721927,3.92584196235
1242210060,6.4827912,3438.3982032,3469.394450004,3438.3982032,142.94918181313,4.8304704,189.0,22582.977721927,3.82060853251
1242210063,6.4766952,3438.4042992,3469.394450004,3438.4042992,142.81128973265,4.8304704,189.0,22582.977721927,3.95895420536
1242210066,6.470904,3438.4100904,3469.394450004,3438.4100904,142.60626598141,4.8304704,189.0,22582.977721927,4.16352436423
1242210069,6.464808,3438.4164912,3469.394450004,3438.4164912,142.78225982097,4.8304704,189.0,22582.977721927,3.98798411704
1242210072,6.458712,3438.4219776,3469.394450004,3438.4219776,143.00225212042,4.8304704,189.0,22560.4318655783,3.76753822522
1242210075,6.4529208,3438.4283784,3469.394450004,3438.4283784,143.13243313061,4.8304704,189.0,22560.4318655783,3.63735721503
1242210078,6.4468248,3438.4338648,3469.394450004,3438.4338648,142.96596473082,4.8304704,189.0,22560.4318655783,3.80427920719
1242210081,6.4410336,3438.4399608,3469.394450004,3438.4399608,143.0494257269,4.8304704,189.0,22560.4318655783,3.72036461874
1242210084,6.4349376,3438.4460568,3469.394450004,3438.4460568,143.00179852805,4.8304704,189.0,22822.3636951458,3.76799181759
1242210087,6.4288416,3438.4521528,3469.394450004,3438.4521528,142.9949946425,6.72846,189.0,22822.3636951458,3.77479570314
1242210090,6.4230504,3438.4576392,3469.394450004,3438.4576392,143.3578685385,6.72846,189.0,22822.3636951458,3.41192180714
1242210093,6.4169544,3438.46404,3469.394450004,3438.46404,143.15919508044,6.72846,189.0,22822.3636951458,3.6105952652
1242210096,6.4111632,3438.4695264,3469.394450004,3438.4695264,143.07391971488,6.72846,189.0,22822.3636951458,3.69587063076
1242210099,6.4050672,3438.4759272,3469.394450004,3438.4759272,142.94827462839,6.72846,189.0,22715.4880623444,3.82151571725
1242210102,6.3965328,3438.4844616,3469.394450004,3438.4844616,142.92786297174,6.72846,189.0,22715.4880623444,3.8419273739
1242210105,6.3873888,3438.4939104,3469.394450004,3438.4939104,142.88295732711,6.72846,189.0,22715.4880623444,3.88683301853
1242210108,6.3782448,3438.5033592,3469.394450004,3438.5033592,142.79314603785,6.72846,189.0,22715.4880623444,3.97664430779
1242210111,6.368796,3438.5121984,3469.394450004,3438.5121984,142.87207111023,6.72846,190.0,22785.2974799377,3.89771923541
1242210114,6.359652,3438.5216472,3469.394450004,3438.5216472,142.60671957378,6.72846,190.0,22785.2974799377,4.16307077186
1242210117,6.3502032,3438.5314008,3469.394450004,3438.5314008,142.57451451551,6.72846,190.0,22785.2974799377,4.19527583013
1242210120,6.3395352,3438.5420688,3469.394450004,3438.5420688,142.59810131875,6.72846,190.0,22785.2974799377,4.17168902689
1242210123,6.3285624,3438.5527368,3469.394450004,3438.5527368,142.46973467804,6.72846,190.0,22785.2974799377,4.3000556676
1242210126,6.3178944,3438.5634048,3469.394450004,3438.5634048,142.42074670208,6.72846,189.0,22778.8164080821,4.34904364356
1242210129,6.3072264,3438.5740728,3469.394450004,3438.5740728,142.24248490067,6.72846,189.0,22778.8164080821,4.52730544497
1242210132,6.2962536,3438.5847408,3469.394450004,3438.5847408,142.21572295084,6.72846,189.0,22778.8164080821,4.5540673948
1242210135,6.2855856,3438.5957136,3469.394450004,3438.5957136,142.11275748285,6.72846,189.0,22778.8164080821,4.65703286279
1242210138,6.2749176,3438.6063816,3469.394450004,3438.6063816,142.0152351233,8.578596,189.0,22774.7967645802,4.75455522234
1242210141,6.2642496,3438.6170496,3469.394450004,3438.6170496,141.96216481601,8.578596,189.0,22774.7967645802,4.80762552963
1242210144,6.2538864,3438.6274128,3469.394450004,3438.6274128,141.90818732398,8.578596,189.0,22774.7967645802,4.86160302166
1242210147,6.2432184,3438.6383856,3469.394450004,3438.6383856,141.74444047841,8.578596,189.0,22774.7967645802,5.02534986723
1242210150,6.2322456,3438.6490536,3469.394450004,3438.6490536,141.60881635978,8.578596,189.0,22774.7967645802,5.16097398586
1242210153,6.2218824,3438.659112,3469.394450004,3438.659112,141.61244509874,8.578596,189.0,22663.598118956,5.15779883927
1242210156,6.2112144,3438.6700848,3469.394450004,3438.6700848,141.65961870522,8.578596,189.0,22663.598118956,5.11017164042
1242210159,6.2005464,3438.6810576,3469.394450004,3438.6810576,141.38837046796,8.578596,189.0,22663.598118956,5.38141987768
1242210162,6.1895736,3438.6917256,3469.394450004,3438.6917256,141.16973894562,8.578596,189.0,22663.598118956,5.60005140002
1242210165,6.1792104,3438.7020888,3469.394450004,3438.7020888,141.08446358006,8.578596,189.0,22793.9435055833,5.68532676558
1242210168,6.1685424,3438.7127568,3469.394450004,3438.7127568,141.22915954609,8.578596,189.0,22793.9435055833,5.54063079955
1242210171,6.1578744,3438.7234248,3469.394450004,3438.7234248,141.37204114264,8.578596,189.0,22793.9435055833,5.397749203
1242210174,6.1472064,3438.7343976,3469.394450004,3438.7343976,141.10941116041,8.578596,189.0,22793.9435055833,5.66037918523
1242210177,6.1365384,3438.7447608,3469.394450004,3438.7447608,141.22825236135,8.578596,189.0,22793.9435055833,5.54153798429
1242210180,6.1258704,3438.7554288,3469.394450004,3438.7554288,141.05044415231,8.578596,190.0,22656.8067830222,5.71934619333
1242210183,6.1152024,3438.7664016,3469.394450004,3438.7664016,140.93387091322,11.661648,190.0,22656.8067830222,5.83591943242
1242210186,6.1045344,3438.7767648,3469.394450004,3438.7767648,140.91164488709,11.661648,190.0,22656.8067830222,5.85814545855
1242210207,6.0292488,3438.8517456,3469.394450004,3438.8517456,140.40135347084,11.661648,190.0,22635.7984575499,6.3684368748
1242210210,6.0188856,3438.8621088,3469.394450004,3438.8621088,140.42675464356,11.661648,190.0,22635.7984575499,6.34303570208
1242210213,6.0094368,3438.8715576,3469.394450004,3438.8715576,140.24304973371,11.661648,190.0,22635.7984575499,6.52674061193
1242210216,5.999988,3438.8813112,3469.394450004,3438.8813112,140.29838800285,11.661648,190.0,22635.7984575499,6.47140234279
1242210219,5.990844,3438.8904552,3469.394450004,3438.8904552,140.02759335796,11.661648,189.0,22639.8181010518,6.74219698768
1242210222,5.9804808,3438.9005136,3469.394450004,3438.9005136,140.04437627565,11.661648,189.0,22639.8181010518,6.72541406999
1242210225,5.9722512,3438.909048,3469.394450004,3438.909048,139.83572378545,12.5803152,189.0,22639.8181010518,6.93406656019
1242210228,5.9628024,3438.9188016,3469.394450004,3438.9188016,139.90965934176,12.5803152,189.0,22639.8181010518,6.86013100388
1242210231,5.952744,3438.9285552,3469.394450004,3438.9285552,139.67515208647,12.5803152,189.0,22639.8181010518,7.09463825917
1242210234,5.9442096,3438.9370896,3469.394450004,3438.9370896,139.8107762051,12.5803152,189.0,22776.3411902139,6.95901414054
1242210237,5.9365896,3438.9447096,3469.394450004,3438.9447096,139.84479563285,12.5803152,189.0,22776.3411902139,6.92499471279
1242210240,5.9292744,3438.9514152,3469.394450004,3438.9514152,140.01716073345,12.5803152,189.0,22776.3411902139,6.75262961219
1242210243,5.9231784,3438.957816,3469.394450004,3438.957816,139.77086007654,12.5803152,189.0,22776.3411902139,6.9989302691
1242210246,5.9167776,3438.9642168,3469.394450004,3438.9642168,139.74772686567,12.5803152,189.0,22782.2086286704,7.02206347997
1242210249,5.910072,3438.9706176,3469.394450004,3438.9706176,139.73956220301,12.5803152,189.0,22782.2086286704,7.03022814263
1242210252,5.9036712,3438.9773232,3469.394450004,3438.9773232,139.75725230544,12.5803152,189.0,22782.2086286704,7.0125380402
1242210255,5.8969656,3438.9840288,3469.394450004,3438.9840288,139.65519402219,12.5803152,189.0,22782.2086286704,7.11459632345
1242210258,5.8905648,3438.9904296,3469.394450004,3438.9904296,139.44608793962,12.5803152,189.0,22782.2086286704,7.32370240602
1242210261,5.8835544,3438.99744,3469.394450004,3438.99744,139.72822239376,12.5803152,189.0,22896.8063896401,7.04156795188
1242210264,5.8774584,3439.0032312,3469.394450004,3439.0032312,139.49235436136,12.5803152,189.0,22896.8063896401,7.27743598428
1242210267,5.8710576,3439.0099368,3469.394450004,3439.0099368,139.570372249,12.5803152,189.0,22896.8063896401,7.19941809664
1242210270,5.864352,3439.0166424,3469.394450004,3439.0166424,139.38303860019,12.5803152,189.0,22896.8063896401,7.38675174545
1242210273,5.8588656,3439.0224336,3469.394450004,3439.0224336,139.22518845543,12.5803152,190.0,22815.2620951338,7.54460189021
1242210276,5.8524648,3439.0282248,3469.394450004,3439.0282248,139.26283662214,12.5803152,190.0,22815.2620951338,7.5069537235
1242210279,5.8463688,3439.0349304,3469.394450004,3439.0349304,139.2301779715,12.5803152,190.0,22815.2620951338,7.53961237414
1242210282,5.8405776,3439.040112,3469.394450004,3439.040112,139.17393251762,12.5803152,190.0,22815.2620951338,7.59585782802
1242210285,5.8341768,3439.0471224,3469.394450004,3439.0471224,139.14172745935,12.5803152,190.0,22815.2620951338,7.62806288629
1242210288,5.8280808,3439.0526088,3469.394450004,3439.0526088,139.07913171229,12.5803152,190.0,22912.8642793759,7.69065863335
1242210291,5.8225944,3439.0580952,3469.394450004,3439.0580952,139.09682181472,12.5803152,190.0,22912.8642793759,7.67296853092
1242210294,5.8174128,3439.0632768,3469.394450004,3439.0632768,138.8310166859,9.8197416,190.0,22912.8642793759,7.93877365974
1242210297,5.8122312,3439.0681536,3469.394450004,3439.0681536,138.889983694,9.8197416,190.0,22912.8642793759,7.87980665164
1242210300,5.8073544,3439.0733352,3469.394450004,3439.0733352,138.86458252128,9.8197416,188.0,22753.485069787,7.90520782436
1242210303,5.8021728,3439.078212,3469.394450004,3439.078212,138.89270524822,9.8197416,188.0,22753.485069787,7.87708509742
1242210306,5.7976008,3439.082784,3469.394450004,3439.082784,138.69448538253,9.8197416,188.0,22753.485069787,8.07530496311
1242210309,5.7936384,3439.087356,3469.394450004,3439.087356,138.67452731825,9.8197416,188.0,22753.485069787,8.09526302739
1242210315,5.7832752,3439.0977192,3469.394450004,3439.0977192,138.58063369766,9.8197416,190.0,22834.0985720587,8.18915664798
1242210318,5.7783984,3439.1029008,3469.394450004,3439.1029008,138.22864601854,9.8197416,190.0,22834.0985720587,8.5411443271
1242210321,5.7735216,3439.107168,3469.394450004,3439.107168,138.42686588423,9.8197416,190.0,22834.0985720587,8.34292446141
1242210324,5.769864,3439.1114352,3469.394450004,3439.1114352,138.35565188214,9.8197416,190.0,22834.0985720587,8.4141384635
1242210327,5.7671208,3439.1138736,3469.394450004,3439.1138736,138.38694975567,9.8197416,190.0,22740.5091365613,8.38284058997
1242210330,5.7646824,3439.116312,3469.394450004,3439.116312,138.46542123568,9.8197416,190.0,22740.5091365613,8.30436910996
1242210333,5.7604152,3439.1202744,3469.394450004,3439.1202744,138.62826089651,9.8197416,190.0,22740.5091365613,8.14152944913
1242210336,5.7567576,3439.1242368,3469.394450004,3439.1242368,138.54479990043,9.8197416,190.0,22740.5091365613,8.22499044521
1242210339,5.7540144,3439.12698,3469.394450004,3439.12698,138.65955877004,9.8197416,190.0,22740.5091365613,8.1102315756
1242210342,5.7512712,3439.1294184,3469.394450004,3439.1294184,138.77839997098,9.8197416,190.0,22740.5091365613,7.99139037466
1242210345,5.7488328,3439.1321616,3469.394450004,3439.1321616,138.72986558739,9.8197416,190.0,22740.5091365613,8.03992475825
1242210348,5.7451752,3439.1355144,3469.394450004,3439.1355144,138.8355526096,9.8197416,190.0,22740.5091365613,7.93423773604
1242210351,5.7421272,3439.1385624,3469.394450004,3439.1385624,138.8990555414,9.8197416,190.0,22740.5091365613,7.87073480424
1242210354,5.73786,3439.1428296,3469.394450004,3439.1428296,138.70900033837,9.8197416,189.0,22764.9165773791,8.06079000727
1242210357,5.7326784,3439.1480112,3469.394450004,3439.1480112,138.79745085052,9.8197416,189.0,22764.9165773791,7.97233949512
1242210360,5.7278016,3439.1531928,3469.394450004,3439.1531928,138.84507804937,9.8197416,189.0,22764.9165773791,7.92471229627
1242210363,5.72262,3439.1580696,3469.394450004,3439.1580696,138.84553164174,9.8197416,189.0,22764.9165773791,7.9242587039
1242210366,5.7171336,3439.1641656,3469.394450004,3439.1641656,138.82239843087,9.8197416,189.0,22764.9165773791,7.94739191477
1242210369,5.7128664,3439.1678232,3469.394450004,3439.1678232,138.98659886881,9.8197416,189.0,22666.3767061451,7.78319147683
1242210372,5.7101232,3439.1705664,3469.394450004,3439.1705664,138.77114249306,9.8197416,189.0,22666.3767061451,7.99864785258
1242210375,5.7052464,3439.1754432,3469.394450004,3439.1754432,138.8990555414,9.8197416,189.0,22666.3767061451,7.87073480424
1242210378,5.7003696,3439.18032,3469.394450004,3439.18032,139.14263464409,9.8197416,189.0,22666.3767061451,7.62715570155
1242210381,5.6948832,3439.1858064,3469.394450004,3439.1858064,139.35899820458,9.8197416,189.0,22971.2421893772,7.41079214106
1242210384,5.6884824,3439.1922072,3469.394450004,3439.1922072,139.51503397986,9.8197416,189.0,22971.2421893772,7.25475636578
1242210387,5.682996,3439.1976936,3469.394450004,3439.1976936,139.70735714474,9.8197416,189.0,22971.2421893772,7.0624332009
1242210390,5.6769,3439.2043992,3469.394450004,3439.2043992,139.80034358059,9.8197416,189.0,22971.2421893772,6.96990035742
1242210393,5.6704992,3439.2101904,3469.394450004,3439.2101904,139.72958317087,9.8197416,189.0,22971.2421893772,7.04020717477
1242210396,5.6644032,3439.216896,3469.394450004,3439.216896,139.61346352415,6.4660272,189.0,22923.3718894907,7.15632682149
1242210399,5.657088,3439.2242112,3469.394450004,3439.2242112,139.74001579538,6.4660272,189.0,22923.3718894907,7.02977455026
1242210402,5.6503824,3439.2303072,3469.394450004,3439.2303072,139.978605382,6.4660272,189.0,22923.3718894907,6.79118496364
1242210405,5.6427624,3439.238232,3469.394450004,3439.238232,140.17319650873,6.4660272,189.0,22923.3718894907,6.59659383691
1242210408,5.6354472,3439.2455472,3469.394450004,3439.2455472,140.1691141774,6.4660272,189.0,23033.6397428803,6.60067616824
1242210411,5.6272176,3439.2543864,3469.394450004,3439.2543864,140.11241513115,6.4660272,189.0,23033.6397428803,6.65737521449
1242210414,5.6195976,3439.2617016,3469.394450004,3439.2617016,140.13690911913,6.4660272,189.0,23033.6397428803,6.63288122651
1242210417,5.6119776,3439.2690168,3469.394450004,3439.2690168,140.18997942642,6.4660272,189.0,23033.6397428803,6.57981091922
1242210420,5.6043576,3439.2766368,3469.394450004,3439.2766368,140.21492700677,6.4660272,189.0,23033.6397428803,6.55531693124
1242210423,5.5964328,3439.2845616,3469.394450004,3439.2845616,140.27253323776,6.4660272,189.0,22866.2281410449,6.49725710788
1242210426,5.5891176,3439.2924864,3469.394450004,3439.2924864,140.32469636031,6.4660272,189.0,22866.2281410449,6.44509398533
1242210429,5.5821072,3439.2985824,3469.394450004,3439.2985824,140.09336425161,6.4660272,189.0,22866.2281410449,6.67642609403
1242210450,5.5360824,3439.3446072,3469.394450004,3439.3446072,139.28279468642,6.4660272,190.0,22750.0859544415,7.48699565922
1242210453,5.529072,3439.3519224,3469.394450004,3439.3519224,138.93398215389,6.4660272,190.0,22750.0859544415,7.83580819175
1242210456,5.5223664,3439.3589328,3469.394450004,3439.3589328,138.83010950116,6.4660272,190.0,22750.0859544415,7.93968084448
1242210459,5.515356,3439.3656384,3469.394450004,3439.3656384,138.9943099391,6.5818512,190.0,22750.0859544415,7.77548040654
1242210462,5.50926,3439.3714296,3469.394450004,3439.3714296,138.67089857929,6.5818512,189.0,22902.3704587757,8.09889176635
1242210465,5.5043832,3439.3766112,3469.394450004,3439.3766112,138.80742988266,6.5818512,189.0,22902.3704587757,7.96236046298
1242210468,5.4995064,3439.3817928,3469.394450004,3439.3817928,138.83509901723,6.5818512,189.0,22902.3704587757,7.93469132841
1242210471,5.4931056,3439.387584,3469.394450004,3439.387584,138.8809118466,6.5818512,189.0,22902.3704587757,7.88887849904
1242210474,5.4876192,3439.3933752,3469.394450004,3439.3933752,138.73621588057,6.5818512,189.0,22902.3704587757,8.03402805744
1242210477,5.4815232,3439.3994712,3469.394450004,3439.3994712,138.95257944106,6.5818512,189.0,22671.0168778034,7.81721090458
1242210480,5.4760368,3439.4049576,3469.394450004,3439.4049576,139.11541910189,6.5818512,189.0,22671.0168778034,7.65437124375
1242210483,5.4714648,3439.4095296,3469.394450004,3439.4095296,139.14354182883,6.5818512,189.0,22671.0168778034,7.62624851681
1242210486,5.4671976,3439.4131872,3469.394450004,3439.4131872,139.18209718028,6.5818512,189.0,22671.0168778034,7.58769316536
1242210489,5.4638448,3439.4171496,3469.394450004,3439.4171496,139.44654153199,6.5818512,190.0,22753.7884391079,7.32324881365
1242210492,5.4611016,3439.4198928,3469.394450004,3439.4198928,139.116779879,6.5818512,190.0,22753.7884391079,7.65301046664
1242210495,5.4583584,3439.4223312,3469.394450004,3439.4223312,139.21248786907,6.5818512,190.0,22753.7884391079,7.55730247657
1242210498,5.45592,3439.4247696,3469.394450004,3439.4247696,139.38530656204,6.5818512,190.0,22753.7884391079,7.3844837836
1242210501,5.4525672,3439.4284272,3469.394450004,3439.4284272,139.03649402951,6.5818512,190.0,22753.7884391079,7.73329631613
1242210504,5.4495192,3439.4311704,3469.394450004,3439.4311704,139.19479776664,6.5818512,189.0,22804.4511156981,7.574992579
1242210507,5.4446424,3439.4360472,3469.394450004,3439.4360472,139.06280238697,6.5818512,189.0,22804.4511156981,7.70698795867
1242210510,5.44068,3439.4400096,3469.394450004,3439.4400096,139.35763742747,6.5818512,189.0,22804.4511156981,7.41215291817
1242210513,5.437632,3439.4430576,3469.394450004,3439.4430576,139.18391154976,6.5818512,189.0,22804.4511156981,7.58587879588
1242210516,5.434584,3439.4458008,3469.394450004,3439.4458008,139.2755372085,6.5818512,190.0,22768.9293261237,7.49425313714
1242210519,5.4321456,3439.4482392,3469.394450004,3439.4482392,139.38122423071,6.5818512,190.0,22768.9293261237,7.38856611493
1242210522,5.4294024,3439.4509824,3469.394450004,3439.4509824,139.37850267649,6.5818512,190.0,22768.9293261237,7.39128766915
1242210525,5.4266592,3439.4543352,3469.394450004,3439.4543352,139.36988442146,6.5818512,190.0,22768.9293261237,7.39990592418
1242210528,5.423916,3439.4570784,3469.394450004,3439.4570784,139.3707916062,6.5818512,190.0,22768.9293261237,7.39945233181
1242210531,5.4211728,3439.4595168,3469.394450004,3439.4595168,139.33178266238,6.5818512,190.0,23074.4153375121,7.43800768326
1242210534,5.4175152,3439.4631744,3469.394450004,3439.4631744,139.1485313449,6.5818512,190.0,23074.4153375121,7.62125900074
1242210537,5.4141624,3439.466832,3469.394450004,3439.466832,139.20704476063,6.5818512,190.0,23074.4153375121,7.56274558501
1242210540,5.4102,3439.4707944,3469.394450004,3439.4707944,139.1485313449,6.5818512,190.0,23074.4153375121,7.62125900074
1242210543,5.4068472,3439.4735376,3469.394450004,3439.4735376,139.13628435091,6.5818512,190.0,22879.1971795134,7.63350599473
1242210546,5.4034944,3439.4775,3469.394450004,3439.4775,139.03331888292,6.5818512,190.0,22879.1971795134,7.73647146272
1242210549,5.4001416,3439.480548,3469.394450004,3439.480548,139.12176939507,6.5818512,190.0,22879.1971795134,7.64802095057
1242210558,5.3916072,3439.4887776,3469.394450004,3439.4887776,139.40980055002,6.5818512,189.0,22839.6626411943,7.35998979562
1242210561,5.3885592,3439.4924352,3469.394450004,3439.4924352,139.33178266238,6.5818512,189.0,22839.6626411943,7.43800768326
1242210564,5.3849016,3439.4960928,3469.394450004,3439.4960928,139.27871235509,6.5818512,189.0,22839.6626411943,7.49107799055
1242210567,5.381244,3439.4994456,3469.394450004,3439.4994456,139.10544006975,6.5818512,189.0,22839.6626411943,7.66435027589
1242210570,5.3772816,3439.5031032,3469.394450004,3439.5031032,139.09954336894,6.5818512,190.0,22826.0730745695,7.6702469767
1242210573,5.3745384,3439.5067608,3469.394450004,3439.5067608,139.05146257772,6.5818512,190.0,22826.0730745695,7.71878136029
1242210576,5.3714904,3439.5091992,3469.394450004,3439.5091992,139.0124536339,6.5818512,190.0,22826.0730745695,7.75733671174
1242210579,5.3687472,3439.5119424,3469.394450004,3439.5119424,139.28415546353,6.5818512,190.0,22826.0730745695,7.48563488211
1242210582,5.3653944,3439.5149904,3469.394450004,3439.5149904,139.28188750168,6.5818512,190.0,22826.0730745695,7.48790284396
1242210585,5.3635656,3439.5174288,3469.394450004,3439.5174288,139.29912401174,5.7902856,189.0,22849.8530924736,7.4706663339
1242210588,5.3605176,3439.5204768,3469.394450004,3439.5204768,139.22382767832,5.7902856,189.0,22849.8530924736,7.54596266732
1242210591,5.3571648,3439.5235248,3469.394450004,3439.5235248,139.34765839533,5.7902856,189.0,22849.8530924736,7.42213195031
1242210594,5.353812,3439.5271824,3469.394450004,3439.5271824,139.3345042166,5.7902856,189.0,22849.8530924736,7.43573972141
1242210597,5.3504592,3439.5302304,3469.394450004,3439.5302304,139.19888009797,5.7902856,189.0,22691.7080444402,7.57091024767
1242210600,5.3468016,3439.5344976,3469.394450004,3439.5344976,139.27236206191,5.7902856,189.0,22691.7080444402,7.49742828373
1242210603,5.3434488,3439.5375456,3469.394450004,3439.5375456,139.34493684111,5.7902856,189.0,22691.7080444402,7.42485350453
1242210606,5.3397912,3439.5408984,3469.394450004,3439.5408984,139.19252980479,5.7902856,189.0,22691.7080444402,7.57726054085
1242210609,5.335524,3439.5451656,3469.394450004,3439.5451656,139.12222298744,5.7902856,189.0,22691.7080444402,7.6475673582
1242210612,5.3315616,3439.549128,3469.394450004,3439.549128,139.15669600756,5.7902856,190.0,22711.1650495215,7.61309433808
1242210615,5.3285136,3439.5524808,3469.394450004,3439.5524808,139.08321404362,5.7902856,190.0,22711.1650495215,7.68657630202
1242210618,5.3242464,3439.5564432,3469.394450004,3439.5564432,139.2347138952,5.7902856,190.0,22711.1650495215,7.53507645044
1242210621,5.3205888,3439.5601008,3469.394450004,3439.5601008,138.9943099391,5.7902856,190.0,22711.1650495215,7.77548040654
1242210624,5.3169312,3439.564368,3469.394450004,3439.564368,139.39619277892,5.7902856,189.0,22874.2536385342,7.37359756672
1242210627,5.312664,3439.5680256,3469.394450004,3439.5680256,139.27916594746,5.7902856,189.0,22874.2536385342,7.49062439818
1242210630,5.3090064,3439.5722928,3469.394450004,3439.5722928,139.13220201958,5.7902856,189.0,22874.2536385342,7.63758832606
1242210633,5.3044344,3439.5762552,3469.394450004,3439.5762552,139.34176169452,5.7902856,189.0,22874.2536385342,7.42802865112
1242210636,5.3001672,3439.5808272,3469.394450004,3439.5808272,139.23970341127,5.7902856,189.0,22874.2536385342,7.53008693437
1242210639,5.2959,3439.5850944,3469.394450004,3439.5850944,139.35763742747,5.7902856,190.0,22753.485069787,7.41215291817
1242210642,5.291328,3439.5896664,3469.394450004,3439.5896664,139.39483200181,5.7902856,190.0,22753.485069787,7.37495834383
1242210645,5.2864512,3439.5945432,3469.394450004,3439.5945432,139.55721807027,5.7902856,190.0,22753.485069787,7.21257227537
1242210648,5.2815744,3439.5988104,3469.394450004,3439.5988104,139.51866271882,5.7902856,190.0,22753.485069787,7.25112762682
1242210651,5.2763928,3439.6046016,3469.394450004,3439.6046016,139.38802811626,5.7902856,189.0,22757.1875544534,7.38176222938
1242210654,5.2712112,3439.6097832,3469.394450004,3439.6097832,139.5023333935,5.7902856,189.0,22757.1875544534,7.26745695214
1242210657,5.2663344,3439.6143552,3469.394450004,3439.6143552,139.59033031328,5.7902856,189.0,22757.1875544534,7.17991362473
1242210660,5.2620672,3439.6186224,3469.394450004,3439.6186224,139.57762972692,5.7902856,189.0,22757.1875544534,7.19261421109
1242210663,5.2574952,3439.6234992,3469.394450004,3439.6234992,139.72368647006,5.7902856,189.0,22757.1875544534,7.04610387558
1242210666,5.2520088,3439.6292904,3469.394450004,3439.6292904,139.65836916878,5.7902856,190.0,22769.853223601,7.11142117686
1242210669,5.2468272,3439.634472,3469.394450004,3439.634472,139.45379900991,5.7902856,190.0,22769.853223601,7.31599133573
1242210693,5.2084224,3439.672572,3469.394450004,3439.672572,139.18345795739,4.71678,189.0,22806.9194388091,7.58633238825
1242210696,5.2032408,3439.6774488,3469.394450004,3439.6774488,139.12993405773,4.71678,189.0,22806.9194388091,7.63985628791
1242210699,5.1992784,3439.6814112,3469.394450004,3439.6814112,139.21021990722,4.71678,189.0,22806.9194388091,7.55957043842
1242210702,5.1950112,3439.6856784,3469.394450004,3439.6856784,139.22019893936,4.71678,189.0,22806.9194388091,7.54959140628
1242210705,5.1910488,3439.6899456,3469.394450004,3439.6899456,139.35083354192,4.71678,190.0,22927.6949023135,7.41895680372
1242210708,5.186172,3439.6945176,3469.394450004,3439.6945176,139.00882489494,4.71678,190.0,22927.6949023135,7.7609654507
1242210711,5.1816,3439.6990896,3469.394450004,3439.6990896,139.25421836711,4.71678,190.0,22927.6949023135,7.51557197853
1242210714,5.1779424,3439.7027472,3469.394450004,3439.7027472,139.30456712018,4.71678,190.0,22927.6949023135,7.46567681783
1242210717,5.1745896,3439.7064048,3469.394450004,3439.7064048,139.26964050769,4.71678,190.0,22927.6949023135,7.50060343032
1242210720,5.170932,3439.7097576,3469.394450004,3439.7097576,139.3617197588,4.71678,190.0,22822.673959224,7.40807058684
1242210723,5.1672744,3439.7134152,3469.394450004,3439.7134152,139.30093838122,4.71678,190.0,22822.673959224,7.46885196442
1242210726,5.1636168,3439.7173776,3469.394450004,3439.7173776,139.25467195948,4.71678,190.0,22822.673959224,7.51511838616
1242210729,5.1581304,3439.722864,3469.394450004,3439.722864,139.34402965637,4.71678,190.0,22822.673959224,7.42576068927
1242210732,5.154168,3439.7262168,3469.394450004,3439.7262168,139.24151778075,4.71678,190.0,22826.6867079686,7.52827256489
1242210735,5.15112,3439.7298744,3469.394450004,3439.7298744,139.42658346771,4.71678,190.0,22826.6867079686,7.34320687793
1242210738,5.1471576,3439.733532,3469.394450004,3439.733532,139.19162262005,4.71678,190.0,22826.6867079686,7.57816772559
1242210741,5.1438048,3439.7371896,3469.394450004,3439.7371896,139.19933369034,4.71678,190.0,22826.6867079686,7.5704566553
1242210744,5.1401472,3439.7405424,3469.394450004,3439.7405424,139.12086221033,4.71678,190.0,22826.6867079686,7.64892813531
1242210747,5.1364896,3439.7445048,3469.394450004,3439.7445048,139.21067349959,4.71678,188.0,22697.2652188185,7.55911684605
1242210750,5.1325272,3439.7481624,3469.394450004,3439.7481624,139.09001792917,4.71678,188.0,22697.2652188185,7.68022600884
1242210753,5.1285648,3439.7521248,3469.394450004,3439.7521248,138.97571265193,4.71678,188.0,22697.2652188185,7.79407769371
1242210756,5.1249072,3439.7557824,3469.394450004,3439.7557824,138.96391925031,4.71678,188.0,22697.2652188185,7.80587109533
1242210759,5.1218592,3439.7591352,3469.394450004,3439.7591352,138.82920231642,4.71678,189.0,22842.7514924617,7.94058802922
1242210762,5.1188112,3439.7621832,3469.394450004,3439.7621832,139.02515422026,4.71678,189.0,22842.7514924617,7.74463612538
1242210765,5.1154584,3439.765536,3469.394450004,3439.765536,138.99158838488,4.71678,189.0,22842.7514924617,7.77820196076
1242210768,5.1118008,3439.768584,3469.394450004,3439.768584,138.88590136267,4.71678,189.0,22842.7514924617,7.88388898297
1242210771,5.1087528,3439.7722416,3469.394450004,3439.7722416,138.92944623019,4.71678,189.0,22842.7514924617,7.84034411545
1242210774,5.1047904,3439.7758992,3469.394450004,3439.7758992,138.87955106949,4.71678,190.0,22885.6851461262,7.89023927615
1242210777,5.1014376,3439.7789472,3469.394450004,3439.7789472,138.80425473607,4.71678,190.0,22885.6851461262,7.96553560957
1242210780,5.0980848,3439.7826048,3469.394450004,3439.7826048,138.95076507158,4.71678,190.0,22885.6851461262,7.81902527406
1242210783,5.0953416,3439.785348,3469.394450004,3439.785348,138.86004659758,4.71678,190.0,22885.6851461262,7.90974374806
1242210786,5.0919888,3439.7887008,3469.394450004,3439.7887008,139.11405832478,4.71678,189.0,22755.953392898,7.65573202086
1242210789,5.088636,3439.7920536,3469.394450004,3439.7920536,138.83237746301,4.71678,189.0,22755.953392898,7.93741288263
1242210801,5.0767488,3439.803636,3469.394450004,3439.803636,138.81060502925,4.71678,189.0,22972.1729816117,7.95918531639
1242210804,5.0740056,3439.8063792,3469.394450004,3439.8063792,138.63687915154,4.71678,189.0,22972.1729816117,8.1329111941
1242210807,5.0712624,3439.8091224,3469.394450004,3439.8091224,138.51939872771,4.71678,189.0,22972.1729816117,8.25039161793
1242210810,5.0700432,3439.8109512,3469.394450004,3439.8109512,138.7040108223,4.71678,189.0,22972.1729816117,8.06577952334
1242210813,5.0685192,3439.8121704,3469.394450004,3439.8121704,139.00156741702,4.71678,190.0,23037.0388582259,7.76822292862
1242210816,5.0666904,3439.8139992,3469.394450004,3439.8139992,138.78611104127,4.71678,190.0,23037.0388582259,7.98367930437
1242210819,5.065776,3439.8149136,3469.394450004,3439.8149136,139.01063926442,4.71678,190.0,23037.0388582259,7.75915108122
1242210822,5.062728,3439.8179616,3469.394450004,3439.8179616,139.00066023228,4.71678,190.0,23037.0388582259,7.76913011336
1242210825,5.05968,3439.8210096,3469.394450004,3439.8210096,138.96618721216,4.71678,190.0,23037.0388582259,7.80360313348
1242210828,5.0569368,3439.8237528,3469.394450004,3439.8237528,138.73530869583,4.5482256,189.0,23083.3647324787,8.03448164981
1242210831,5.0554128,3439.8255816,3469.394450004,3439.8255816,138.73031917976,4.5482256,189.0,23083.3647324787,8.03947116588
1242210834,5.0532792,3439.8277152,3469.394450004,3439.8277152,138.72442247895,4.5482256,189.0,23083.3647324787,8.04536786669
1242210837,5.050536,3439.8301536,3469.394450004,3439.8301536,138.67997042669,4.5482256,189.0,23083.3647324787,8.08981991895
1242210840,5.0477928,3439.8328968,3469.394450004,3439.8328968,138.64368303709,4.5482256,190.0,22932.0179151363,8.12656090092
1242210843,5.0456592,3439.8350304,3469.394450004,3439.8350304,138.66545547085,4.5482256,190.0,22932.0179151363,8.10433487479
1242210846,5.042916,3439.8380784,3469.394450004,3439.8380784,138.79200774208,4.5482256,190.0,22932.0179151363,7.97778260356
1242210849,5.0404776,3439.840212,3469.394450004,3439.840212,138.99022760777,4.5482256,190.0,22932.0179151363,7.77956273787
1242210852,5.0377344,3439.8426504,3469.394450004,3439.8426504,138.86004659758,4.5482256,190.0,22932.0179151363,7.90974374806
1242210855,5.0356008,3439.8450888,3469.394450004,3439.8450888,138.82874872405,4.5482256,189.0,22925.2265792025,7.94104162159
1242210858,5.033772,3439.8472224,3469.394450004,3439.8472224,138.74392695086,4.5482256,189.0,22925.2265792025,8.02586339478
1242210861,5.0319432,3439.8490512,3469.394450004,3439.8490512,138.56521155708,4.5482256,189.0,22925.2265792025,8.20457878856
1242210864,5.0298096,3439.85088,3469.394450004,3439.85088,138.81196580636,4.5482256,189.0,22925.2265792025,7.95782453928
1242210867,5.0267616,3439.853928,3469.394450004,3439.853928,138.90041631851,4.5482256,189.0,22825.1422823349,7.86937402713
1242210870,5.0240184,3439.8563664,3469.394450004,3439.8563664,138.75617394485,4.5482256,189.0,22825.1422823349,8.01361640079
1242210873,5.0212752,3439.8597192,3469.394450004,3439.8597192,139.02651499737,4.5482256,189.0,22825.1422823349,7.74327534827
1242210876,5.0176176,3439.863072,3469.394450004,3439.863072,139.04465869217,4.5482256,189.0,22825.1422823349,7.72513165347
1242210879,5.015484,3439.8652056,3469.394450004,3439.8652056,138.84144931041,4.5482256,189.0,22825.1422823349,7.92834103523
1242210882,5.0136552,3439.8670344,3469.394450004,3439.8670344,139.00383537887,4.5482256,189.0,22892.7936408955,7.76595496677
1242210885,5.0112168,3439.869168,3469.394450004,3439.869168,139.07641015807,4.5482256,189.0,22892.7936408955,7.69338018757
1242210888,5.0084736,3439.8725208,3469.394450004,3439.8725208,139.02696858974,4.5482256,189.0,22892.7936408955,7.74327534827
1242210891,5.0057304,3439.875264,3469.394450004,3439.875264,138.87592233053,4.5482256,189.0,22892.7936408955,7.89432160748
1242210894,5.0026824,3439.8780072,3469.394450004,3439.8780072,138.92082797516,4.5482256,190.0,22830.0858233141,7.84896237048
1242210897,4.9999392,3439.8807504,3469.394450004,3439.8807504,138.88363340082,4.5482256,190.0,22830.0858233141,7.88615694482
1242210900,4.997196,3439.8834936,3469.394450004,3439.8834936,138.84190290278,4.5482256,190.0,22830.0858233141,7.92788744286
1242210903,4.9938432,3439.8865416,3469.394450004,3439.8865416,138.96301206557,4.5482256,190.0,22830.0858233141,7.80677828007
1242210906,4.9911,3439.8898944,3469.394450004,3439.8898944,138.88000466186,4.5482256,190.0,22830.0858233141,7.88978568378
1242210909,4.9886616,3439.892028,3469.394450004,3439.892028,139.08729637495,4.5482256,189.0,22789.9307568387,7.68249397069
1242210933,4.9661064,3439.914888,3469.394450004,3439.914888,139.14762416016,4.5482256,190.0,22854.1830000537,7.62216618548
1242210936,4.9630584,3439.9173264,3469.394450004,3439.9173264,139.38712093152,4.5482256,189.0,22794.5640337397,7.38266941412
1242210939,4.9615344,3439.9191552,3469.394450004,3439.9191552,139.1938905819,4.5482256,189.0,22794.5640337397,7.57589976374
1242210942,4.9581816,3439.922508,3469.394450004,3439.922508,139.08412122836,4.5482256,189.0,22794.5640337397,7.68566911728
1242210945,4.9554384,3439.9252512,3469.394450004,3439.9252512,139.17166455577,4.5482256,189.0,22794.5640337397,7.59812578987
1242210948,4.953,3439.9279944,3469.394450004,3439.9279944,139.06280238697,4.5482256,189.0,23070.7059580884,7.70698795867
1242210951,4.9493424,3439.9313472,3469.394450004,3439.9313472,139.08774996732,4.5482256,189.0,23070.7059580884,7.68204037832
1242210954,4.9462944,3439.9347,3469.394450004,3439.9347,139.13401638906,4.5482256,189.0,23070.7059580884,7.63577395658
1242210957,4.9429416,3439.937748,3469.394450004,3439.937748,139.02742218211,4.5482256,189.0,23070.7059580884,7.74236816353
1242210960,4.9401984,3439.9404912,3469.394450004,3439.9404912,138.78475026416,4.5482256,189.0,23070.7059580884,7.98504008148
1242210963,4.9371504,3439.9435392,3469.394450004,3439.9435392,139.09546103761,4.5482256,190.0,22893.7175383728,7.67432930803
1242210966,4.9341024,3439.9462824,3469.394450004,3439.9462824,138.93806448522,4.5482256,190.0,22893.7175383728,7.83172586042
1242210969,4.931664,3439.9490256,3469.394450004,3439.9490256,138.97253750534,4.5482256,190.0,22893.7175383728,7.7972528403
1242210972,4.928616,3439.9517688,3469.394450004,3439.9517688,139.06098801749,4.5482256,190.0,22893.7175383728,7.70880232815
1242210975,4.9258728,3439.9548168,3469.394450004,3439.9548168,139.08276045125,4.5482256,188.0,22994.7257327177,7.68702989439
1242210978,4.9231296,3439.95756,3469.394450004,3439.95756,139.11632628663,4.5482256,188.0,22994.7257327177,7.65346405901
1242210981,4.9203864,3439.9603032,3469.394450004,3439.9603032,138.96391925031,4.5482256,188.0,22994.7257327177,7.80587109533
1242210984,4.9173384,3439.9633512,3469.394450004,3439.9633512,139.02379344315,4.5482256,188.0,22994.7257327177,7.74599690249
1242210987,4.9142904,3439.9663992,3469.394450004,3439.9663992,138.98206294511,4.5482256,188.0,22994.7257327177,7.78772740053
1242210990,4.9112424,3439.9691424,3469.394450004,3439.9691424,138.88907650926,4.5482256,189.0,22848.6189309181,7.88071383638
1242210993,4.9081944,3439.9724952,3469.394450004,3439.9724952,138.86548970602,4.5482256,189.0,22848.6189309181,7.90430063962
1242210996,4.9054512,3439.9752384,3469.394450004,3439.9752384,138.90948816591,3.6243768,189.0,22848.6189309181,7.86030217973
1242210999,4.9024032,3439.9782864,3469.394450004,3439.9782864,138.97525905956,3.6243768,189.0,22848.6189309181,7.79498487845
1242211002,4.89966,3439.9807248,3469.394450004,3439.9807248,139.17347892525,3.6243768,190.0,22928.6187997908,7.59631142039
1242211005,4.8969168,3439.9837728,3469.394450004,3439.9837728,139.00655693309,3.6243768,190.0,22928.6187997908,7.76323341255
1242211008,4.8941736,3439.986516,3469.394450004,3439.986516,139.09001792917,3.6243768,190.0,22928.6187997908,7.67977241647
1242211011,4.8914304,3439.9892592,3469.394450004,3439.9892592,139.1439954212,3.6243768,190.0,22928.6187997908,7.62579492444
1242211014,4.8883824,3439.9923072,3469.394450004,3439.9923072,139.22292049358,3.6243768,190.0,22928.6187997908,7.54686985206
1242211017,4.8865536,3439.994136,3469.394450004,3439.994136,138.97752702141,3.6243768,189.0,22837.5045821616,7.79226332423
1242211020,4.8832008,3439.9974888,3469.394450004,3439.9974888,139.03014373633,3.6243768,189.0,22837.5045821616,7.73964660931
1242211023,4.8804576,3440.000232,3469.394450004,3440.000232,138.97026954349,3.6243768,189.0,22837.5045821616,7.79952080215
1242211026,4.8780192,3440.0029752,3469.394450004,3440.0029752,138.87864388475,3.6243768,189.0,22837.5045821616,7.89114646089
1242211029,4.875276,3440.0054136,3469.394450004,3440.0054136,138.82239843087,3.6243768,190.0,22837.8079514825,7.94739191477
1242211032,4.8728376,3440.0081568,3469.394450004,3440.0081568,138.86639689076,3.6243768,190.0,22837.8079514825,7.90339345488
1242211044,4.8636936,3440.016996,3469.394450004,3440.016996,138.85596426625,3.6243768,189.0,22671.3202471243,7.91382607939
1242211047,4.8609504,3440.0197392,3469.394450004,3440.0197392,138.87546873816,3.6243768,189.0,22671.3202471243,7.89432160748
1242211050,4.858512,3440.0221776,3469.394450004,3440.0221776,138.9081273888,3.6243768,189.0,22671.3202471243,7.86166295684
1242211053,4.8560736,3440.0243112,3469.394450004,3440.0243112,138.75934909144,3.6243768,189.0,22671.3202471243,8.0104412542
1242211056,4.8536352,3440.0273592,3469.394450004,3440.0273592,138.91357049724,3.6243768,190.0,22852.3214155846,7.8562198484
1242211059,4.8515016,3440.0294928,3469.394450004,3440.0294928,138.80969784451,3.6243768,190.0,22852.3214155846,7.96009250113
1242211062,4.8496728,3440.030712,3469.394450004,3440.030712,138.98750605355,3.6243768,190.0,22852.3214155846,7.78228429209
1242211065,4.8469296,3440.0334552,3469.394450004,3440.0334552,138.8763759229,3.6243768,190.0,22852.3214155846,7.89341442274
1242211068,4.8438816,3440.0365032,3469.394450004,3440.0365032,138.93670370811,3.6243768,190.0,22852.3214155846,7.83308663753
1242211071,4.841748,3440.0389416,3469.394450004,3440.0389416,138.96845517401,3.6243768,190.0,22942.5186304938,7.80133517163
1242211074,4.8390048,3440.0416848,3469.394450004,3440.0416848,138.80561551318,3.6243768,190.0,22942.5186304938,7.96417483246
1242211077,4.8368712,3440.0435136,3469.394450004,3440.0435136,138.97072313586,3.6243768,190.0,22942.5186304938,7.79906720978
1242211080,4.8347376,3440.045952,3469.394450004,3440.045952,138.81423376821,3.6243768,190.0,22942.5186304938,7.95555657743
1242211083,4.832604,3440.0480856,3469.394450004,3440.0480856,138.5679331113,3.6243768,189.0,22873.6400051351,8.20185723434
1242211086,4.8298608,3440.0508288,3469.394450004,3440.0508288,138.75934909144,3.6243768,189.0,22873.6400051351,8.0104412542
1242211089,4.8277272,3440.0529624,3469.394450004,3440.0529624,138.73803025005,3.6243768,189.0,22873.6400051351,8.03176009559
1242211092,4.8255936,3440.055096,3469.394450004,3440.055096,138.75662753722,3.6243768,189.0,22873.6400051351,8.01316280842
1242211095,4.8225456,3440.058144,3469.394450004,3440.058144,138.62009623385,3.6243768,189.0,22873.6400051351,8.14969411179
1242211098,4.8201072,3440.0605824,3469.394450004,3440.0605824,138.60784923986,3.6243768,190.0,22868.0759359995,8.16194110578
1242211101,4.8176688,3440.0633256,3469.394450004,3440.0633256,138.73258714161,3.6243768,190.0,22868.0759359995,8.03720320403
1242211104,4.8146208,3440.0660688,3469.394450004,3440.0660688,138.53527446066,3.6243768,190.0,22868.0759359995,8.23451588498
1242211107,4.8130968,3440.0675928,3469.394450004,3440.0675928,138.61918904911,3.6243768,190.0,22868.0759359995,8.15060129653
1242211110,4.8106584,3440.0700312,3469.394450004,3440.0700312,138.90086991088,3.6243768,191.0,22877.3493845588,7.86892043476
1242211113,4.8085248,3440.0724696,3469.394450004,3440.0724696,138.69357819779,3.6243768,191.0,22877.3493845588,8.07621214785
1242211116,4.8060864,3440.0742984,3469.394450004,3440.0742984,138.76252423803,3.6243768,191.0,22877.3493845588,8.00771969998
1242211119,4.8048672,3440.0758224,3469.394450004,3440.0758224,138.8582322281,3.6243768,191.0,22877.3493845588,7.91155811754
1242211122,4.803648,3440.0776512,3469.394450004,3440.0776512,138.78792541075,3.6243768,191.0,22877.3493845588,7.98186493489
1242211125,4.8015144,3440.0791752,3469.394450004,3440.0791752,138.90994175828,3.6243768,189.0,23043.8370889169,7.85984858736
1242211128,4.7996856,3440.0806992,3469.394450004,3440.0806992,138.93942526233,3.6243768,189.0,23043.8370889169,7.83036508331
1242211131,4.7981616,3440.082528,3469.394450004,3440.082528,138.89814835666,3.6243768,189.0,23043.8370889169,7.87164198898
1242211134,4.796028,3440.0843568,3469.394450004,3440.0843568,138.80879065977,3.6243768,189.0,23043.8370889169,7.96099968587
1242211137,4.7938944,3440.0864904,3469.394450004,3440.0864904,138.81604813769,3.6243768,189.0,22871.1647872668,7.95374220795
1242211140,4.7926752,3440.0883192,3469.394450004,3440.0883192,138.81468736058,3.6243768,189.0,22871.1647872668,7.95510298506
1242211143,4.789932,3440.0907576,3469.394450004,3440.0907576,138.57972651292,3.6243768,189.0,22871.1647872668,8.19006383272
1242211146,4.7871888,3440.0935008,3469.394450004,3440.0935008,138.80924425214,3.6243768,189.0,22871.1647872668,7.96099968587
1242211149,4.7847504,3440.0959392,3469.394450004,3440.0959392,138.64685818368,3.6243768,189.0,22871.1647872668,8.12293216196
1242211152,4.7820072,3440.0986824,3469.394450004,3440.0986824,138.80062599711,3.6243768,189.0,22881.9826614598,7.96916434853
1242211179,4.7667672,3440.1142272,3469.394450004,3440.1142272,138.79699725815,3.6243768,189.0,22793.9435055833,7.97279308749
1242211182,4.7637192,3440.1169704,3469.394450004,3440.1169704,138.91402408961,3.6243768,189.0,22793.9435055833,7.85576625603
1242211185,4.7618904,3440.1187992,3469.394450004,3440.1187992,138.95666177239,3.6243768,189.0,22793.9435055833,7.81312857325
1242211188,4.7597568,3440.120628,3469.394450004,3440.120628,138.9444147784,3.6243768,189.0,22793.9435055833,7.82582915961
1242211191,4.7582328,3440.1224568,3469.394450004,3440.1224568,138.92309593701,3.6243768,188.0,22874.2536385342,7.84669440863
1242211194,4.7560992,3440.1242856,3469.394450004,3440.1242856,138.9489507021,3.6243768,188.0,22874.2536385342,7.82083964354
1242211197,4.753356,3440.1276384,3469.394450004,3440.1276384,139.02061829656,2.9635704,188.0,22874.2536385342,7.74917204908
1242211200,4.7515272,3440.1291624,3469.394450004,3440.1291624,138.81967687665,2.9635704,188.0,22874.2536385342,7.95011346899
1242211203,4.750308,3440.1303816,3469.394450004,3440.1303816,138.89678757955,2.9635704,188.0,22874.2536385342,7.87300276609
1242211206,4.7484792,3440.1322104,3469.394450004,3440.1322104,139.16304630074,2.9635704,188.0,22721.9760289572,7.6067440449
1242211209,4.745736,3440.1349536,3469.394450004,3440.1349536,139.0351332524,2.9635704,188.0,22721.9760289572,7.73465709324
1242211212,4.7429928,3440.1376968,3469.394450004,3440.1376968,139.28642342538,2.9635704,188.0,22721.9760289572,7.48336692026
1242211215,4.7402496,3440.14044,3469.394450004,3440.14044,138.87093281446,2.9635704,188.0,22721.9760289572,7.89885753118
1242211218,4.738116,3440.1428784,3469.394450004,3440.1428784,139.28959857197,2.9635704,189.0,22858.1957487984,7.48064536604
1242211221,4.7359824,3440.145012,3469.394450004,3440.145012,138.96210488083,2.9635704,189.0,22858.1957487984,7.80813905718
1242211224,4.733544,3440.1468408,3469.394450004,3440.1468408,139.07051345726,2.9635704,189.0,22858.1957487984,7.69927688838
1242211227,4.7311056,3440.1492792,3469.394450004,3440.1492792,139.01426800338,2.9635704,189.0,22858.1957487984,7.75552234226
1242211230,4.728972,3440.1517176,3469.394450004,3440.1517176,139.06370957171,2.9635704,189.0,22858.1957487984,7.70608077393
1242211233,4.7271432,3440.1535464,3469.394450004,3440.1535464,139.02243266604,2.9635704,189.0,22847.3847693627,7.7473576796
1242211236,4.7256192,3440.1550704,3469.394450004,3440.1550704,139.08865715206,2.9635704,189.0,22847.3847693627,7.68113319358
1242211239,4.7244,3440.1562896,3469.394450004,3440.1562896,139.30774226677,2.9635704,189.0,22847.3847693627,7.46204807887
1242211242,4.7219616,3440.158728,3469.394450004,3440.158728,139.06507034882,2.9635704,189.0,22847.3847693627,7.70471999682
1242211245,4.719828,3440.1608616,3469.394450004,3440.1608616,139.16259270837,2.9635704,189.0,23064.2179914755,7.60719763727
1242211248,4.7170848,3440.1636048,3469.394450004,3440.1636048,139.2800731322,2.9635704,189.0,23064.2179914755,7.48971721344
1242211251,4.7155608,3440.1651288,3469.394450004,3440.1651288,139.26056866029,2.9635704,189.0,23064.2179914755,7.50922168535
1242211254,4.7146464,3440.1660432,3469.394450004,3440.1660432,139.11859424848,2.9635704,189.0,23064.2179914755,7.65119609716
1242211257,4.7125128,3440.1681768,3469.394450004,3440.1681768,139.59577342172,2.9635704,189.0,23064.2179914755,7.17401692392
1242211260,4.7094648,3440.1712248,3469.394450004,3440.1712248,139.4070789958,2.9635704,190.0,23024.3731890783,7.36271134984
1242211263,4.706112,3440.1748824,3469.394450004,3440.1748824,139.56901147189,2.9635704,190.0,23024.3731890783,7.20077887375
1242211266,4.7033688,3440.1776256,3469.394450004,3440.1776256,139.42794424482,2.9635704,190.0,23024.3731890783,7.34184610082
1242211269,4.7003208,3440.1806736,3469.394450004,3440.1806736,139.71869695399,2.9635704,190.0,23024.3731890783,7.05109339165
1242211272,4.6975776,3440.183112,3469.394450004,3440.183112,139.50505494772,2.9635704,190.0,22948.3860689503,7.26473539792
1242211284,4.6856904,3440.1949992,3469.394450004,3440.1949992,139.55313573894,2.9635704,190.0,22948.3860689503,7.2166546067
1242211287,4.6826424,3440.198352,3469.394450004,3440.198352,139.67742004832,2.9635704,190.0,22906.9968409194,7.09237029732
1242211290,4.6792896,3440.2014,3469.394450004,3440.2014,139.68467752624,2.9635704,190.0,22906.9968409194,7.0851128194
1242211293,4.6759368,3440.2050576,3469.394450004,3440.2050576,139.8062402814,2.9635704,190.0,22906.9968409194,6.96355006424
1242211296,4.6728888,3440.2078008,3469.394450004,3440.2078008,139.62162818681,2.9635704,190.0,22906.9968409194,7.14816215883
1242211299,4.6704504,3440.2102392,3469.394450004,3440.2102392,139.36489490539,2.9635704,190.0,22960.7414740197,7.40489544025
1242211302,4.6667928,3440.2138968,3469.394450004,3440.2138968,139.47421066656,2.9635704,190.0,22960.7414740197,7.29557967908
1242211305,4.6631352,3440.2178592,3469.394450004,3440.2178592,139.65020450612,2.9635704,190.0,22960.7414740197,7.11958583952
1242211308,4.6600872,3440.2206024,3469.394450004,3440.2206024,139.66880179329,2.9635704,190.0,22960.7414740197,7.10098855235
1242211311,4.6570392,3440.2236504,3469.394450004,3440.2236504,139.5839800201,2.9635704,190.0,22960.7414740197,7.18581032554
1242211314,4.6539912,3440.2266984,3469.394450004,3440.2266984,139.67832723306,2.9635704,190.0,22816.4962566893,7.09146311258
1242211317,4.651248,3440.2294416,3469.394450004,3440.2294416,139.52410582726,2.9635704,190.0,22816.4962566893,7.24568451838
1242211320,4.6478952,3440.2330992,3469.394450004,3440.2330992,139.50006543165,2.9635704,190.0,22816.4962566893,7.26972491399
1242211323,4.6445424,3440.236452,3469.394450004,3440.236452,139.29594886515,2.9635704,190.0,22816.4962566893,7.47384148049
1242211326,4.6411896,3440.2401096,3469.394450004,3440.2401096,139.33767936319,2.9635704,188.0,22920.5864075442,7.43211098245
1242211329,4.6384464,3440.242548,3469.394450004,3440.242548,139.5930518675,2.9635704,188.0,22920.5864075442,7.17673847814
1242211332,4.6350936,3440.245596,3469.394450004,3440.245596,139.32452518446,2.9635704,188.0,22920.5864075442,7.44526516118
1242211335,4.6323504,3440.2483392,3469.394450004,3440.2483392,139.48192173685,2.9635704,188.0,22920.5864075442,7.28786860879
1242211338,4.6286928,3440.251692,3469.394450004,3440.251692,139.52909534333,2.9635704,188.0,22920.5864075442,7.24069500231
1242211341,4.6259496,3440.2550448,3469.394450004,3440.2550448,139.50596213246,2.9635704,190.0,22736.7997571375,7.26382821318
1242211344,4.6229016,3440.2580928,3469.394450004,3440.2580928,139.54361029917,2.9635704,190.0,22736.7997571375,7.22618004647
1242211347,4.6195488,3440.2611408,3469.394450004,3440.2611408,139.63750391976,2.9635704,190.0,22736.7997571375,7.13228642588
1242211350,4.6165008,3440.2641888,3469.394450004,3440.2641888,139.39528559418,2.9635704,190.0,22736.7997571375,7.37450475146
1242211353,4.6137576,3440.266932,3469.394450004,3440.266932,139.6202674097,2.9635704,190.0,22841.5173309062,7.14952293594
1242211356,4.6097952,3440.2711992,3469.394450004,3440.2711992,139.74364453434,2.9635704,190.0,22841.5173309062,7.02659940367
1242211359,4.6073568,3440.2733328,3469.394450004,3440.2733328,139.50641572483,2.9635704,190.0,22841.5173309062,7.26337462081
1242211362,4.6058328,3440.274552,3469.394450004,3440.274552,139.65020450612,2.9635704,190.0,22841.5173309062,7.11958583952
1242211365,4.60248,3440.2782096,3469.394450004,3440.2782096,139.89559797829,2.9635704,190.0,22841.5173309062,6.87419236735
1242211368,4.599432,3440.2812576,3469.394450004,3440.2812576,139.94503954662,2.9568648,189.0,23099.7397810499,6.82475079902
1242211371,4.596384,3440.2840008,3469.394450004,3440.2840008,139.86021777343,2.9568648,189.0,23099.7397810499,6.90957257221
1242211374,4.593336,3440.2870488,3469.394450004,3440.2870488,139.90330904858,2.9568648,189.0,23099.7397810499,6.86648129706
1242211377,4.590288,3440.2904016,3469.394450004,3440.2904016,139.69828529734,2.9568648,189.0,23099.7397810499,7.0715050483
1242211380,4.5875448,3440.2931448,3469.394450004,3440.2931448,139.54859981524,2.9568648,189.0,23028.0756737447,7.22164412277
1242211383,4.5851064,3440.295888,3469.394450004,3440.295888,139.75861308255,2.9568648,189.0,23028.0756737447,7.01117726309
1242211386,4.5820584,3440.2986312,3469.394450004,3440.2986312,139.95728654061,2.9568648,189.0,23028.0756737447,6.81250380503
1242211389,4.57962,3440.3010696,3469.394450004,3440.3010696,139.82665193805,2.9568648,189.0,23028.0756737447,6.94313840759
1242211392,4.5762672,3440.3044224,3469.394450004,3440.3044224,139.74319094197,2.9568648,189.0,23028.0756737447,7.02659940367
1242211395,4.5726096,3440.3083848,3469.394450004,3440.3083848,139.91600963494,2.9568648,190.0,22937.8853535928,6.8537807107
1242211398,4.5692568,3440.311128,3469.394450004,3440.311128,139.67243053225,2.9568648,190.0,22937.8853535928,7.09735981339
1242211401,4.5662088,3440.3144808,3469.394450004,3440.3144808,139.81395135169,2.9568648,190.0,22937.8853535928,6.95583899395
1242211404,4.5631608,3440.3178336,3469.394450004,3440.3178336,140.01217121738,2.9568648,190.0,22937.8853535928,6.75761912826
1242211407,4.559808,3440.3208816,3469.394450004,3440.3208816,139.84524922522,2.9568648,189.0,22911.6301178204,6.92454112042
1242211410,4.55676,3440.3239296,3469.394450004,3440.3239296,139.95320420928,2.9568648,189.0,22911.6301178204,6.81658613636
1242211413,4.5534072,3440.3275872,3469.394450004,3440.3275872,139.95728654061,2.9568648,189.0,22911.6301178204,6.81250380503
1242211416,4.5497496,3440.3312448,3469.394450004,3440.3312448,139.95048265506,2.9568648,189.0,22911.6301178204,6.81930769058
1242211419,4.5451776,3440.335512,3469.394450004,3440.335512,140.03394365114,2.9568648,189.0,22911.6301178204,6.7358466945
1242211422,4.5409104,3440.340084,3469.394450004,3440.340084,140.07476696444,2.9568648,190.0,22996.5735276723,6.6950233812
1242211425,4.536948,3440.3437416,3469.394450004,3440.3437416,140.13055882595,2.9568648,190.0,22996.5735276723,6.63923151969
1242211428,4.5326808,3440.3480088,3469.394450004,3440.3480088,140.04120112906,2.9568648,190.0,22996.5735276723,6.72858921658
1242211431,4.5284136,3440.3525808,3469.394450004,3440.3525808,139.83028067701,2.9568648,190.0,22996.5735276723,6.93950966863
1242211434,4.5241464,3440.3565432,3469.394450004,3440.3565432,139.80805465088,2.9568648,190.0,22965.6850149989,6.96173569476
1242211437,4.5198792,3440.3608104,3469.394450004,3440.3608104,140.02078947241,2.9568648,190.0,22965.6850149989,6.74900087323
1242211440,4.5159168,3440.3650776,3469.394450004,3440.3650776,139.96091527957,2.9568648,190.0,22965.6850149989,6.80887506607
1242211443,4.5122592,3440.3687352,3469.394450004,3440.3687352,139.75271638174,2.9568648,190.0,22965.6850149989,7.0170739639
1242211446,4.5082968,3440.3730024,3469.394450004,3440.3730024,139.79172532556,2.9568648,190.0,22965.6850149989,6.97806502008
1242211449,4.5040296,3440.37666,3469.394450004,3440.37666,139.6293392571,2.9568648,190.0,22818.9714745575,7.14045108854
1242211452,4.4997624,3440.3809272,3469.394450004,3440.3809272,139.70508918289,2.9568648,190.0,22818.9714745575,7.06470116275
1242211455,4.4954952,3440.3854992,3469.394450004,3440.3854992,139.85658903447,2.9568648,190.0,22818.9714745575,6.91320131117
1242211458,4.491228,3440.3894616,3469.394450004,3440.3894616,139.78537503238,2.9568648,190.0,22818.9714745575,6.98486890563
1242211461,4.4860464,3440.3946432,3469.394450004,3440.3946432,139.93233896026,2.9568648,188.0,22824.5286489358,6.83745138538
1242211464,4.4814744,3440.3992152,3469.394450004,3440.3992152,139.59804138357,2.9568648,188.0,22824.5286489358,7.17174896207
1242211467,4.4772072,3440.4037872,3469.394450004,3440.4037872,139.64702935953,2.9568648,188.0,22824.5286489358,7.12276098611
1242211470,4.4738544,3440.4068352,3469.394450004,3440.4068352,139.7109858837,2.9568648,188.0,22824.5286489358,7.05880446194
1242211473,4.4695872,3440.4111024,3469.394450004,3440.4111024,139.6384111045,2.9568648,188.0,22824.5286489358,7.13137924114
1242211476,4.4665392,3440.4141504,3469.394450004,3440.4141504,139.66834820092,2.9568648,190.0,22845.5300796508,7.10144214472
1242211479,4.4628816,3440.417808,3469.394450004,3440.417808,139.60575245386,2.9568648,190.0,22845.5300796508,7.16403789178
1242211482,4.4589192,3440.4217704,3469.394450004,3440.4217704,139.85114592603,2.9568648,190.0,22845.5300796508,6.91864441961
1242211485,4.4555664,3440.425428,3469.394450004,3440.425428,139.57218661848,2.9568648,190.0,22845.5300796508,7.19760372716
1242211488,4.4509944,3440.4296952,3469.394450004,3440.4296952,139.61981381733,2.9568648,189.0,23012.6383121653,7.14997652831
1242211491,4.4467272,3440.4339624,3469.394450004,3440.4339624,139.62344255629,3.7365432,189.0,23012.6383121653,7.14634778935
1242211494,4.4433744,3440.4370104,3469.394450004,3440.4370104,139.43610890748,3.7365432,189.0,23012.6383121653,7.33368143816
1242211497,4.439412,3440.4412776,3469.394450004,3440.4412776,139.71053229133,3.7365432,189.0,23012.6383121653,7.05925805431
1242211500,4.4357544,3440.44524,3469.394450004,3440.44524,139.77494240787,3.7365432,189.0,23012.6383121653,6.99484793777
1242211503,4.4324016,3440.4485928,3469.394450004,3440.4485928,139.8017043577,3.7365432,191.0,22815.8826232902,6.96808598794
1242211506,4.428744,3440.4516408,3469.394450004,3440.4516408,139.94549313899,3.7365432,191.0,22815.8826232902,6.82429720665
1242211509,4.425696,3440.4552984,3469.394450004,3440.4552984,139.75679871307,3.7365432,191.0,22815.8826232902,7.01299163257
1242211512,4.4223432,3440.4586512,3469.394450004,3440.4586512,139.91646322731,3.7365432,191.0,22815.8826232902,6.8537807107
1242211530,4.398264,3440.4824256,3469.394450004,3440.4824256,139.78492144001,3.7365432,190.0,22932.3281792145,6.985322498
1242211533,4.393692,3440.4873024,3469.394450004,3440.4873024,139.63886469687,3.7365432,190.0,22932.3281792145,7.13092564877
1242211536,4.38912,3440.4915696,3469.394450004,3440.4915696,139.80986902036,3.7365432,190.0,22932.3281792145,6.96037491765
1242211539,4.3857672,3440.4949224,3469.394450004,3440.4949224,139.67787364069,3.7365432,190.0,22932.3281792145,7.09191670495
1242211542,4.3827192,3440.4982752,3469.394450004,3440.4982752,139.49280795373,3.7365432,188.0,23016.3476915891,7.27698239191
1242211545,4.3793664,3440.5013232,3469.394450004,3440.5013232,139.60257730727,3.7365432,188.0,23016.3476915891,7.16766663074
1242211548,4.3757088,3440.5052856,3469.394450004,3440.5052856,139.70146044393,3.7365432,188.0,23016.3476915891,7.06832990171
1242211551,4.3720512,3440.5089432,3469.394450004,3440.5089432,139.41660443557,3.7365432,188.0,23016.3476915891,7.35318591007
1242211554,4.367784,3440.5132104,3469.394450004,3440.5132104,139.39165685522,3.7365432,188.0,23016.3476915891,7.37813349042
1242211557,4.3635168,3440.5171728,3469.394450004,3440.5171728,139.45470619465,3.7365432,190.0,23101.90473484,7.31508415099
1242211560,4.3592496,3440.5217448,3469.394450004,3440.5217448,139.19888009797,3.7365432,190.0,23101.90473484,7.57091024767
1242211563,4.3549824,3440.5257072,3469.394450004,3440.5257072,139.24877525867,3.7365432,190.0,23101.90473484,7.52101508697
1242211566,4.3513248,3440.52906,3469.394450004,3440.52906,139.42340832112,3.7365432,190.0,23101.90473484,7.34638202452
1242211569,4.3473624,3440.533632,3469.394450004,3440.533632,139.38485296967,3.7365432,189.0,22976.1926251136,7.38493737597
1242211572,4.3427904,3440.5378992,3469.394450004,3440.5378992,139.5340848594,3.7365432,189.0,22976.1926251136,7.23570548624
1242211575,4.338828,3440.5418616,3469.394450004,3440.5418616,139.45561337939,3.7365432,189.0,22976.1926251136,7.31417696625
1242211578,4.3354752,3440.5455192,3469.394450004,3440.5455192,139.56765069478,3.7365432,189.0,22976.1926251136,7.20213965086
1242211581,4.3305984,3440.5500912,3469.394450004,3440.5500912,139.61300993178,3.7365432,189.0,22976.1926251136,7.15678041386
1242211584,4.326636,3440.5540536,3469.394450004,3440.5540536,139.71642899214,3.7365432,188.0,22865.9178769667,7.0533613535
1242211587,4.3226736,3440.5583208,3469.394450004,3440.5583208,139.54542466865,3.7365432,188.0,22865.9178769667,7.22436567699
1242211590,4.319016,3440.5616736,3469.394450004,3440.5616736,139.62525692577,3.7365432,188.0,22865.9178769667,7.14453341987
1242211593,4.3156632,3440.5647216,3469.394450004,3440.5647216,139.69692452023,3.7365432,188.0,22865.9178769667,7.07286582541
1242211596,4.3120056,3440.568684,3469.394450004,3440.568684,139.7427373496,3.7365432,190.0,22839.3523771161,7.02705299604
1242211599,4.3089576,3440.5720368,3469.394450004,3440.5720368,139.68014160254,3.7365432,190.0,22839.3523771161,7.0896487431
1242211602,4.3040808,3440.5766088,3469.394450004,3440.5766088,139.64975091375,3.7365432,190.0,22839.3523771161,7.12049302426
1242211605,4.300728,3440.5802664,3469.394450004,3440.5802664,139.44155201592,3.7365432,190.0,22839.3523771161,7.32823832972
1242211608,4.2967656,3440.5842288,3469.394450004,3440.5842288,139.52637378911,4.5265848,190.0,22839.3523771161,7.24341655653
1242211611,4.293108,3440.5875816,3469.394450004,3440.5875816,139.37033801383,4.5265848,189.0,22956.4184611968,7.39945233181
1242211614,4.2891456,3440.591544,3469.394450004,3440.591544,139.48600406818,4.5265848,189.0,22956.4184611968,7.28378627746
1242211617,4.2857928,3440.5955064,3469.394450004,3440.5955064,139.42476909823,4.5265848,189.0,22956.4184611968,7.34502124741
1242211620,4.2818304,3440.599164,3469.394450004,3440.599164,139.61618507837,4.5265848,189.0,22956.4184611968,7.15360526727
1242211623,4.2781728,3440.602212,3469.394450004,3440.602212,139.50097261639,4.5265848,190.0,22816.1859926111,7.26881772925
1242211626,4.2736008,3440.6070888,3469.394450004,3440.6070888,139.35037994955,4.5265848,190.0,22816.1859926111,7.41941039609
1242211629,4.2696384,3440.611356,3469.394450004,3440.611356,139.22292049358,4.5265848,190.0,22816.1859926111,7.54686985206
1242211632,4.2659808,3440.614404,3469.394450004,3440.614404,139.28551624064,4.5265848,190.0,22816.1859926111,7.484274105
1242211635,4.2617136,3440.618976,3469.394450004,3440.618976,139.14490260594,4.5265848,190.0,22816.1859926111,7.6248877397
1242211638,4.258056,3440.6229384,3469.394450004,3440.6229384,139.22337408595,4.5265848,189.0,22750.6995878406,7.54641625969
1242211641,4.2537888,3440.6269008,3469.394450004,3440.6269008,138.94985788684,4.5265848,189.0,22750.6995878406,7.8199324588
1242211644,4.250436,3440.6305584,3469.394450004,3440.6305584,138.86412892891,4.5265848,189.0,22750.6995878406,7.90566141673
1242211647,4.2461688,3440.6345208,3469.394450004,3440.6345208,138.90177709562,4.5265848,189.0,22750.6995878406,7.86801325002
1242211650,4.242816,3440.6381784,3469.394450004,3440.6381784,139.01154644916,4.5265848,190.0,22745.7629416187,7.75824389648
1242211653,4.2394632,3440.6412264,3469.394450004,3440.6412264,139.02197907367,4.5265848,190.0,22745.7629416187,7.74781127197
1242211656,4.2358056,3440.644884,3469.394450004,3440.644884,139.03105092107,4.5265848,190.0,22745.7629416187,7.73873942457
1242211659,4.2324528,3440.6482368,3469.394450004,3440.6482368,139.0850284131,4.5265848,190.0,22745.7629416187,7.68476193254
1242211662,4.2297096,3440.6512848,3469.394450004,3440.6512848,139.02787577448,4.5265848,190.0,22745.7629416187,7.74191457116
1242211665,4.2257472,3440.6549424,3469.394450004,3440.6549424,139.30592789729,4.5265848,190.0,22835.0293642933,7.46386244835
1242211668,4.2223944,3440.6586,3469.394450004,3440.6586,139.0305973287,4.5265848,190.0,22835.0293642933,7.73919301694
1242211671,4.2193464,3440.661648,3469.394450004,3440.661648,139.24242496549,4.5265848,190.0,22835.0293642933,7.52736538015
1242211674,4.2166032,3440.6643912,3469.394450004,3440.6643912,138.96210488083,4.5265848,190.0,22835.0293642933,7.80768546481
1242211677,4.2141648,3440.66622,3469.394450004,3440.66622,139.09999696131,4.5265848,189.0,23079.6622478122,7.66979338433
1242211680,4.2117264,3440.6689632,3469.394450004,3440.6689632,139.08865715206,4.5265848,189.0,23079.6622478122,7.68113319358
1242211683,4.2089832,3440.6714016,3469.394450004,3440.6714016,138.80879065977,4.5265848,189.0,23079.6622478122,7.96099968587
1242211686,4.20624,3440.6744496,3469.394450004,3440.6744496,138.80470832844,4.5265848,189.0,23079.6622478122,7.9650820172
1242211689,4.2038016,3440.6771928,3469.394450004,3440.6771928,138.86367533654,4.5265848,189.0,23079.6622478122,7.9061150091
1242211692,4.2004488,3440.6805456,3469.394450004,3440.6805456,138.80198677422,4.5265848,190.0,23064.8385196319,7.96780357142
1242211695,4.197096,3440.6838984,3469.394450004,3440.6838984,138.68768149698,4.5265848,190.0,23064.8385196319,8.08210884866
1242211698,4.1937432,3440.6869464,3469.394450004,3440.6869464,138.64459022183,4.5265848,190.0,23064.8385196319,8.12520012381
1242211701,4.191,3440.6896896,3469.394450004,3440.6896896,138.98614527644,4.5265848,190.0,23064.8385196319,7.7836450692
1242211704,4.187952,3440.6924328,3469.394450004,3440.6924328,138.90177709562,4.5265848,188.0,22940.0434126256,7.86801325002
1242211707,4.1852088,3440.6957856,3469.394450004,3440.6957856,138.54479990043,4.5265848,188.0,22940.0434126256,8.22499044521
1242211710,4.1824656,3440.698224,3469.394450004,3440.698224,138.6722593564,4.5265848,188.0,22940.0434126256,8.09753098924
1242211713,4.1797224,3440.701272,3469.394450004,3440.701272,138.75209161352,4.5265848,188.0,22940.0434126256,8.01769873212
1242211716,4.177284,3440.7034056,3469.394450004,3440.7034056,138.62191060333,4.5265848,188.0,22940.0434126256,8.14787974231
1242211719,4.1766744,3440.7037104,3469.394450004,3440.7037104,138.75073083641,4.5265848,189.0,22891.2492152618,8.01905950923
1242211722,4.1745408,3440.705844,3469.394450004,3440.705844,138.8763759229,4.5265848,189.0,22891.2492152618,7.89341442274
1242211725,4.172712,3440.7079776,3469.394450004,3440.7079776,138.80652269792,4.5265848,189.0,22891.2492152618,7.96326764772
1242211728,4.1708832,3440.7101112,3469.394450004,3440.7101112,138.77159608543,4.5265848,189.0,22891.2492152618,7.99864785258
1242211731,4.1672256,3440.7137688,3469.394450004,3440.7137688,138.82874872405,4.5265848,190.0,22876.7288564024,7.94104162159
1242211734,4.1638728,3440.716512,3469.394450004,3440.716512,138.68858868172,4.5265848,190.0,22876.7288564024,8.08120166392
1242211737,4.16052,3440.7198648,3469.394450004,3440.7198648,138.65683721582,4.5265848,190.0,22876.7288564024,8.11340672219
1242211740,4.157472,3440.7235224,3469.394450004,3440.7235224,138.93307496915,4.5265848,190.0,22876.7288564024,7.83671537649
1242211743,4.1547288,3440.7259608,3469.394450004,3440.7259608,138.94804351736,4.5265848,190.0,22876.7288564024,7.82174682828
1242211746,4.1525952,3440.7283992,3469.394450004,3440.7283992,138.87682951527,4.5265848,189.0,22897.1166537183,7.89296083037
1242211749,4.1495472,3440.7311424,3469.394450004,3440.7311424,139.08321404362,4.5265848,189.0,22897.1166537183,7.68657630202
1242211752,4.1471088,3440.7335808,3469.394450004,3440.7335808,138.80924425214,4.5265848,189.0,22897.1166537183,7.9605460935
1242211755,4.1434512,3440.7369336,3469.394450004,3440.7369336,138.79563648104,4.1431464,189.0,22897.1166537183,7.9741538646
1242211773,4.1327832,3440.7476016,3469.394450004,3440.7476016,138.96890876638,4.1431464,190.0,22835.9532617706,7.80088157926
1242211776,4.1327832,3440.7476016,3469.394450004,3440.7476016,139.28188750168,4.1431464,190.0,22835.9532617706,7.48835643633
1242211779,4.1327832,3440.7476016,3469.394450004,3440.7476016,139.29549527278,4.1431464,190.0,22835.9532617706,7.47429507286
1242211782,4.1327832,3440.7476016,3469.394450004,3440.7476016,139.26691895347,4.1431464,190.0,22835.9532617706,7.50287139217
1242211785,4.1327832,3440.7476016,3469.394450004,3440.7476016,139.44880949384,4.1431464,189.0,23016.3476915891,7.3209808518
1242211788,4.1327832,3440.7476016,3469.394450004,3440.7476016,139.46060289546,4.1431464,189.0,23016.3476915891,7.30918745018
1242211791,4.1327832,3440.7476016,3469.394450004,3440.7476016,139.46649959627,4.1431464,189.0,23016.3476915891,7.30329074937
1242211794,4.1327832,3440.7476016,3469.394450004,3440.7476016,139.76405619099,4.1431464,189.0,23016.3476915891,7.00573415465
1242211797,4.1327832,3440.7476016,3469.394450004,3440.7476016,139.73910861064,4.1431464,189.0,23016.3476915891,7.030681735
1242211800,4.1327832,3440.7476016,3469.394450004,3440.7476016,139.67560567884,4.1431464,190.0,22979.2745816237,7.0941846668
1242211803,4.1327832,3440.7476016,3469.394450004,3440.7476016,139.79852921111,4.1431464,190.0,22979.2745816237,6.97126113453
1242211806,4.1336976,3440.7466872,3469.394450004,3440.7476016,139.20931272248,4.1431464,190.0,22979.2745816237,7.56047762316
1242211809,4.1336976,3440.7466872,3469.394450004,3440.7476016,139.29413449567,4.1431464,190.0,22979.2745816237,7.47565584997
1242211812,4.1336976,3440.7466872,3469.394450004,3440.7476016,139.43610890748,4.1431464,190.0,23108.3858066956,7.33413503053
1242211815,4.1336976,3440.7466872,3469.394450004,3440.7476016,139.42703706008,4.1431464,190.0,23108.3858066956,7.34275328556
1242211818,4.1318688,3440.7494304,3469.394450004,3440.7494304,140.05299453068,4.1431464,190.0,23108.3858066956,6.71679581496
1242211821,4.1257728,3440.7549168,3469.394450004,3440.7549168,140.68530229446,4.1431464,190.0,23108.3858066956,6.08448805118
1242211824,4.1205912,3440.7600984,3469.394450004,3440.7600984,140.26709012932,4.1431464,190.0,23108.3858066956,6.50270021632
1242211827,4.1148,3440.7661944,3469.394450004,3440.7661944,140.36960200494,4.1431464,189.0,23070.7059580884,6.4001883407
1242211830,4.1093136,3440.7716808,3469.394450004,3440.7716808,140.15822796052,4.1431464,189.0,23070.7059580884,6.61156238512
1242211833,4.104132,3440.7765576,3469.394450004,3440.7765576,140.19406175775,4.1431464,189.0,23070.7059580884,6.57572858789
1242211836,4.0989504,3440.7817392,3469.394450004,3440.7817392,140.13464115728,4.1431464,189.0,23070.7059580884,6.63514918836
1242211839,4.0946832,3440.7860064,3469.394450004,3440.7860064,139.94640032373,4.1431464,190.0,23053.717276118,6.82339002191
1242211842,4.0898064,3440.791188,3469.394450004,3440.791188,139.96726557275,4.1431464,190.0,23053.717276118,6.80252477289
1242211845,4.085844,3440.7948456,3469.394450004,3440.7948456,139.91147371124,4.1431464,190.0,23053.717276118,6.8583166344
1242211848,4.0815768,3440.7994176,3469.394450004,3440.7994176,139.86293932765,4.1431464,190.0,23053.717276118,6.90685101799
1242211851,4.0773096,3440.8039896,3469.394450004,3440.8039896,139.77494240787,4.1431464,190.0,23053.717276118,6.99484793777
1242211854,4.0730424,3440.8076472,3469.394450004,3440.8076472,139.80941542799,4.1431464,189.0,22843.6753899389,6.96037491765
1242211857,4.06908,3440.8119144,3469.394450004,3440.8119144,139.4615100802,4.1431464,189.0,22843.6753899389,7.30873385781
1242211860,4.0654224,3440.8152672,3469.394450004,3440.8152672,139.41796521268,4.1431464,189.0,22843.6753899389,7.35182513296
1242211863,4.0617648,3440.8189248,3469.394450004,3440.8189248,139.5975877912,4.1431464,189.0,22843.6753899389,7.17220255444
1242211866,4.0581072,3440.8225824,3469.394450004,3440.8225824,139.36126616643,4.1431464,189.0,23014.4861071199,7.40852417921
1242211869,4.0541448,3440.8268496,3469.394450004,3440.8268496,139.48555047581,4.1431464,189.0,23014.4861071199,7.28423986983
1242211872,4.050792,3440.8302024,3469.394450004,3440.8302024,139.49144717662,4.1431464,189.0,23014.4861071199,7.27834316902
1242211875,4.0480488,3440.8326408,3469.394450004,3440.8326408,139.42930502193,4.1431464,189.0,23014.4861071199,7.34048532371
1242211881,4.0413432,3440.8396512,3469.394450004,3440.8396512,139.50278698587,4.1431464,189.0,22864.6768206539,7.26700335977
1242211884,4.0379904,3440.843004,3469.394450004,3440.843004,139.51866271882,4.1431464,189.0,22864.6768206539,7.25112762682
1242211887,4.035552,3440.8451376,3469.394450004,3440.8451376,139.61527789363,4.1431464,189.0,22864.6768206539,7.15451245201
1242211890,4.0318944,3440.8487952,3469.394450004,3440.8487952,139.65836916878,4.1431464,189.0,22864.6768206539,7.11142117686
1242211893,4.0285416,3440.8524528,3469.394450004,3440.8524528,139.70463559052,4.1431464,190.0,22882.9065589371,7.06515475512
1242211896,4.0254936,3440.855196,3469.394450004,3440.855196,139.53227048992,4.1431464,190.0,22882.9065589371,7.23751985572
1242211899,4.0224456,3440.8585488,3469.394450004,3440.8585488,139.64612217479,4.1431464,190.0,22882.9065589371,7.12366817085
1242211902,4.018788,3440.8619016,3469.394450004,3440.8619016,139.80941542799,4.1431464,190.0,22882.9065589371,6.96037491765
1242211905,4.01574,3440.8649496,3469.394450004,3440.8649496,139.57218661848,4.1431464,190.0,22882.9065589371,7.19760372716
1242211908,4.012692,3440.8683024,3469.394450004,3440.8683024,139.55404292368,4.1431464,190.0,22967.5397047107,7.21574742196
1242211911,4.009644,3440.8713504,3469.394450004,3440.8713504,139.54587826102,4.1431464,190.0,22967.5397047107,7.22391208462
1242211914,4.0062912,3440.8743984,3469.394450004,3440.8743984,139.56674351004,4.1431464,190.0,22967.5397047107,7.2030468356
1242211917,4.0023288,3440.8783608,3469.394450004,3440.8783608,139.5975877912,4.1431464,190.0,22967.5397047107,7.17220255444
1242211920,3.9992808,3440.881104,3469.394450004,3440.881104,139.65428683745,4.1431464,190.0,22784.6769517813,7.11550350819
1242211923,3.995928,3440.8847616,3469.394450004,3440.8847616,139.75362356648,4.1431464,190.0,22784.6769517813,7.01616677916
1242211926,3.9925752,3440.8884192,3469.394450004,3440.8884192,139.55268214657,3.4478976,190.0,22784.6769517813,7.21710819907
1242211929,3.9895272,3440.8914672,3469.394450004,3440.8914672,139.57672254218,3.4478976,190.0,22784.6769517813,7.19306780346
1242211932,3.9858696,3440.8945152,3469.394450004,3440.8945152,139.53589922888,3.4478976,190.0,22784.6769517813,7.23389111676
1242211935,3.982212,3440.8987824,3469.394450004,3440.8987824,139.6293392571,3.4478976,191.0,23027.7723044238,7.14045108854
1242211938,3.9788592,3440.9018304,3469.394450004,3440.9018304,139.68331674913,3.4478976,191.0,23027.7723044238,7.08647359651
1242211941,3.9758112,3440.9048784,3469.394450004,3440.9048784,139.51956990356,3.4478976,191.0,23027.7723044238,7.25022044208
1242211944,3.9721536,3440.908536,3469.394450004,3440.908536,139.47330348182,3.4478976,191.0,23027.7723044238,7.29648686382
1242211947,3.9688008,3440.911584,3469.394450004,3440.911584,139.20341602167,3.4478976,189.0,22918.7386125897,7.56637432397
1242211950,3.9657528,3440.9149368,3469.394450004,3440.9149368,139.34040091741,3.4478976,189.0,22918.7386125897,7.42938942823
1242211953,3.9627048,3440.9185944,3469.394450004,3440.9185944,139.44880949384,3.4478976,189.0,22918.7386125897,7.3209808518
1242211956,3.9590472,3440.9216424,3469.394450004,3440.9216424,139.21021990722,3.4478976,189.0,22918.7386125897,7.55957043842
1242211959,3.9553896,3440.9253,3469.394450004,3440.9253,139.44245920066,3.4478976,189.0,22918.7386125897,7.32733114498
1242211962,3.9526464,3440.928348,3469.394450004,3440.928348,139.42476909823,3.4478976,190.0,22954.2604021641,7.34502124741
1242211965,3.9499032,3440.9310912,3469.394450004,3440.9310912,139.44427357014,3.4478976,190.0,22954.2604021641,7.3255167755
1242211968,3.9474648,3440.9332248,3469.394450004,3440.9332248,139.37940986123,3.4478976,190.0,22954.2604021641,7.39038048441
1242211971,3.9444168,3440.9362728,3469.394450004,3440.9362728,139.4025430721,3.4478976,190.0,22954.2604021641,7.36724727354
1242211974,3.9416736,3440.9393208,3469.394450004,3440.9393208,139.39029607811,3.4478976,190.0,22972.1729816117,7.37949426753
1242211977,3.9377112,3440.9429784,3469.394450004,3440.9429784,139.39301763233,3.4478976,190.0,22972.1729816117,7.37677271331
1242211980,3.9340536,3440.9469408,3469.394450004,3440.9469408,139.5522285542,3.4478976,190.0,22972.1729816117,7.21756179144
1242211983,3.9310056,3440.949684,3469.394450004,3440.949684,139.38394578493,3.4478976,190.0,22972.1729816117,7.38584456071
1242211986,3.9276528,3440.9536464,3469.394450004,3440.9536464,139.45062386332,3.4478976,190.0,22972.1729816117,7.31916648232
1242211989,3.9249096,3440.9554752,3469.394450004,3440.9554752,139.45379900991,3.4478976,188.0,23035.184168514,7.31599133573
1242211992,3.9224712,3440.9582184,3469.394450004,3440.9582184,139.46649959627,3.4478976,188.0,23035.184168514,7.30329074937
1242211995,3.9194232,3440.9612664,3469.394450004,3440.9612664,139.64067906635,3.4478976,188.0,23035.184168514,7.12911127929
1242212016,3.8977824,3440.9826024,3469.394450004,3440.9826024,139.30910304388,3.4478976,190.0,22909.7754281086,7.46068730176
1242212019,3.8950392,3440.9859552,3469.394450004,3440.9859552,139.39483200181,3.4478976,190.0,22909.7754281086,7.37495834383
1242212022,3.890772,3440.9899176,3469.394450004,3440.9899176,139.27825876272,3.4478976,190.0,22909.7754281086,7.49153158292
1242212025,3.8883336,3440.992356,3469.394450004,3440.992356,139.38077063834,3.4478976,190.0,22909.7754281086,7.38947329967
1242212028,3.884676,3440.9957088,3469.394450004,3440.9957088,139.23516748757,3.4478976,189.0,22858.5060128766,7.53462285807
1242212031,3.881628,3440.9990616,3469.394450004,3440.9990616,139.16123193126,3.4478976,189.0,22858.5060128766,7.60855841438
1242212034,3.87858,3441.0021096,3469.394450004,3441.0021096,139.25830069844,3.4478976,189.0,22858.5060128766,7.5114896472
1242212037,3.8761416,3441.004548,3469.394450004,3441.004548,139.31363896758,3.4478976,189.0,22858.5060128766,7.45615137806
1242212040,3.8730936,3441.007596,3469.394450004,3441.007596,139.41569725083,3.4478976,189.0,22858.5060128766,7.35409309481
1242212043,3.8706552,3441.0097296,3469.394450004,3441.0097296,139.28506264827,3.4478976,189.0,22889.7047896281,7.48472769737
1242212046,3.8676072,3441.0127776,3469.394450004,3441.0127776,139.24242496549,3.4478976,189.0,22889.7047896281,7.52736538015
1242212049,3.8645592,3441.0164352,3469.394450004,3441.0164352,139.3390401403,3.4478976,189.0,22889.7047896281,7.43075020534
1242212052,3.8615112,3441.0194832,3469.394450004,3441.0194832,139.49598310032,3.4478976,189.0,22889.7047896281,7.27380724532
1242212055,3.8593776,3441.021312,3469.394450004,3441.021312,139.46740678101,3.4478976,190.0,22814.9518310556,7.302837157
1242212058,3.8569392,3441.0240552,3469.394450004,3441.0240552,139.64249343583,3.4478976,190.0,22814.9518310556,7.12729690981
1242212061,3.8538912,3441.0267984,3469.394450004,3441.0267984,139.62434974103,3.4478976,190.0,22814.9518310556,7.14544060461
1242212064,3.8508432,3441.0298464,3469.394450004,3441.0298464,139.73185113272,3.4478976,190.0,22814.9518310556,7.03793921292
1242212067,3.8477952,3441.0328944,3469.394450004,3441.0328944,139.59123749802,3.4478976,190.0,22814.9518310556,7.17855284762
1242212070,3.8456616,3441.0347232,3469.394450004,3441.0347232,139.71960413873,3.4478976,189.0,22831.940513026,7.05018620691
1242212073,3.8432232,3441.0371616,3469.394450004,3441.0371616,139.76224182151,3.4478976,189.0,22831.940513026,7.00754852413
1242212076,3.8407848,3441.0399048,3469.394450004,3441.0399048,139.66608023907,3.4478976,189.0,22831.940513026,7.10371010657
1242212079,3.8392608,3441.0414288,3469.394450004,3441.0414288,139.74455171908,3.4024824,189.0,22935.7203998027,7.02523862656
1242212082,3.8371272,3441.0435624,3469.394450004,3441.0435624,139.74092298012,3.4024824,189.0,22935.7203998027,7.02886736552
1242212085,3.8365176,3441.0444768,3469.394450004,3441.0444768,139.74046938775,3.4024824,189.0,22935.7203998027,7.02932095789
1242212088,3.8340792,3441.0466104,3469.394450004,3441.0466104,139.77267444602,3.4024824,189.0,22935.7203998027,6.99711589962
1242212091,3.83286,3441.0475248,3469.394450004,3441.0475248,139.50596213246,3.4024824,189.0,22820.205636113,7.26382821318
1242212094,3.8319456,3441.048744,3469.394450004,3441.048744,139.71733617688,3.4024824,189.0,22820.205636113,7.05245416876
1242212097,3.8304216,3441.050268,3469.394450004,3441.050268,139.65519402219,3.4024824,189.0,22820.205636113,7.11459632345
1242212100,3.828288,3441.0524016,3469.394450004,3441.0524016,139.59078390565,3.4024824,189.0,22820.205636113,7.17900643999
1242212103,3.826764,3441.0539256,3469.394450004,3441.0539256,139.4887256224,3.4024824,189.0,22820.205636113,7.28106472324
1242212106,3.8240208,3441.0566688,3469.394450004,3441.0566688,139.66018353826,3.4024824,189.0,22876.4185923242,7.10960680738
1242212109,3.8215824,3441.0591072,3469.394450004,3441.0591072,139.61028837756,3.4024824,189.0,22876.4185923242,7.15950196808
1242212112,3.819144,3441.0615456,3469.394450004,3441.0615456,139.54859981524,3.4024824,189.0,22876.4185923242,7.2211905304
1242212115,3.8164008,3441.0642888,3469.394450004,3441.0642888,139.52909534333,3.4024824,189.0,22876.4185923242,7.24069500231
1242212118,3.8139624,3441.0667272,3469.394450004,3441.0667272,139.61437070889,3.4024824,189.0,22616.6448217895,7.15541963675
1242212121,3.8127432,3441.0679464,3469.394450004,3441.0679464,139.51367320275,3.4024824,189.0,22616.6448217895,7.25611714289
1242212124,3.8106096,3441.07008,3469.394450004,3441.07008,139.49870465454,3.4024824,189.0,22616.6448217895,7.27153928347
1242212127,3.808476,3441.0719088,3469.394450004,3441.0719088,139.91873118916,3.4024824,189.0,22616.6448217895,6.85105915648
1242212130,3.8060376,3441.0743472,3469.394450004,3441.0743472,139.76450978336,3.4024824,189.0,22616.6448217895,7.00528056228
1242212133,3.803904,3441.0767856,3469.394450004,3441.0767856,139.42794424482,3.4024824,190.0,22714.2607955462,7.34184610082
1242212136,3.8026848,3441.0780048,3469.394450004,3441.0780048,139.71143947607,3.4024824,190.0,22714.2607955462,7.05835086957
1242212139,3.7996368,3441.0810528,3469.394450004,3441.0810528,139.81576572117,3.4024824,190.0,22714.2607955462,6.95402462447
1242212142,3.7971984,3441.083796,3469.394450004,3441.083796,139.85069233366,3.4024824,190.0,22714.2607955462,6.91909801198
1242212145,3.7944552,3441.0859296,3469.394450004,3441.0859296,139.63160721895,3.4024824,189.0,22718.5769136117,7.13818312669
1242212148,3.7929312,3441.0877584,3469.394450004,3441.0877584,139.71461462266,3.4024824,189.0,22718.5769136117,7.05517572298
1242212151,3.7904928,3441.089892,3469.394450004,3441.089892,139.53998156021,3.4024824,189.0,22718.5769136117,7.22980878543
1242212154,3.7889688,3441.0920256,3469.394450004,3441.0920256,139.63523595791,3.4024824,189.0,22718.5769136117,7.13455438773
1242212157,3.7868352,3441.0941592,3469.394450004,3441.0941592,139.61845304022,3.4024824,189.0,22718.5769136117,7.15133730542
1242212160,3.785616,3441.0950736,3469.394450004,3441.0950736,139.61663867074,3.4024824,190.0,22728.4639955701,7.1531516749
1242212163,3.7831776,3441.0972072,3469.394450004,3441.0972072,139.6384111045,3.4024824,190.0,22728.4639955701,7.13137924114
1242212166,3.781044,3441.0996456,3469.394450004,3441.0996456,139.60393808438,3.4024824,190.0,22728.4639955701,7.16585226126
1242212169,3.7789104,3441.1014744,3469.394450004,3441.1014744,139.48010736737,3.4024824,190.0,22728.4639955701,7.28968297827
1242212172,3.7783008,3441.1023888,3469.394450004,3441.1023888,139.49053999188,3.4024824,189.0,22828.2380283595,7.27925035376
1242212175,3.776472,3441.1042176,3469.394450004,3441.1042176,139.4524382328,3.4024824,189.0,22828.2380283595,7.31735211284
1242212178,3.7752528,3441.1054368,3469.394450004,3441.1054368,139.28506264827,3.4024824,189.0,22828.2380283595,7.48472769737
1242212181,3.7737288,3441.1069608,3469.394450004,3441.1069608,139.53090971281,3.4024824,189.0,22828.2380283595,7.23888063283
1242212184,3.7709856,3441.1093992,3469.394450004,3441.1093992,139.50051902402,3.4024824,189.0,22828.2380283595,7.26927132162
1242212187,3.7679376,3441.1124472,3469.394450004,3441.1124472,139.54361029917,3.4024824,189.0,22806.30580541,7.22618004647
1242212190,3.765804,3441.1148856,3469.394450004,3441.1148856,139.45515978702,3.4024824,189.0,22806.30580541,7.31463055862
1242212193,3.7633656,3441.117324,3469.394450004,3441.117324,139.47874659026,3.4024824,189.0,22806.30580541,7.29149734775
1242212196,3.7621464,3441.118848,3469.394450004,3441.118848,139.41206851187,3.4024824,189.0,22806.30580541,7.35772183377
1242212199,3.7594032,3441.1212864,3469.394450004,3441.1212864,139.53181689755,3.4024824,189.0,22930.7768588235,7.23797344809
1242212202,3.758184,3441.1222008,3469.394450004,3441.1222008,139.47012833523,3.4024824,189.0,22930.7768588235,7.29966201041
1242212205,3.7560504,3441.1246392,3469.394450004,3441.1246392,139.61346352415,3.4024824,189.0,22930.7768588235,7.15632682149
1242212208,3.7554408,3441.124944,3469.394450004,3441.124944,139.74364453434,3.4024824,189.0,22930.7768588235,7.0261458113
1242212211,3.753612,3441.1267728,3469.394450004,3441.1267728,139.62117459444,3.4024824,189.0,22930.7768588235,7.1486157512
1242212214,3.7523928,3441.1286016,3469.394450004,3441.1286016,139.70372840578,3.4024824,189.0,22840.8968027498,7.06651553223
1242212217,3.7508688,3441.129516,3469.394450004,3441.129516,139.82302319909,3.4024824,189.0,22840.8968027498,6.94676714655
